name,latitude,longtitude
202430000000900035,37.577924,127.020374
202430000000900089,37.572429,127.008919
202430000000900008,37.580046,126.964202
202430000000900092,37.591042,126.966257
202430000000900036,37.578014,127.012952
202430000000900015,37.589273,126.989329
202430000000900041,37.5879786,126.9840854
202430000000900013,37.60261186,126.9619336
202430000000900031,37.58805535,126.9982835
202430000000900025,37.58033562,127.0025133
202430000000900053,37.578185,126.960195
202430000000900096,37.589273,126.989329
202430000000900017,37.57747268,127.0182942
202430000000900043,37.57747268,127.0182942
202430000000900057,37.578974,126.963164
202430000000900034,37.58301,127.004684
202430000000900088,37.570966,126.965389
202430000000900060,37.57791908,126.9639457
202430000000900067,37.58033562,127.0025133
202430000000900046,37.57061151,126.9880601
202430000000900094,37.57747268,127.0182942
202430000000900022,37.572429,127.008919
202430000000900042,37.5906896,126.9920651
202430000000900010,37.615189,126.974711
202430000000900005,37.57865294,127.0173782
202430000000900069,37.5906896,126.9920651
202430000000900068,37.57747268,127.0182942
202430000000900054,37.578974,126.963164
202430000000900072,37.589514,126.96551
202430000000900024,37.573807,126.981186
202430000000900049,37.591042,126.966257
202430000000900001,37.578619,127.012638
202430000000900014,37.5879786,126.9840854
202430000000900023,37.570966,126.965389
202430000000900045,37.5731443,127.0182479
202430000000900020,37.57791908,126.9639457
202430000000900038,37.592305,126.964166
202430000000900033,37.56994741,126.980707
202430000000900039,37.589514,126.96551
202430000000900066,37.5731443,127.0182479
202430000000900021,37.57004215,126.9687354
202430000000900018,37.577775,126.991322
202430000000900030,37.574184,127.001022
202430000000900026,37.605667,126.965063
202430000000900079,37.584479,126.996854
202430000000900019,37.591042,126.966257
202430000000900050,37.59132439,126.9717837
202430000000900093,37.577775,126.991322
202430000000900012,37.570179,127.001897
202430000000900004,37.57867711,127.0177746
202430000000900097,37.5879786,126.9840854
202430000000900081,37.574184,127.001022
202430000000900006,37.58303,126.963573
202430000000900048,37.571212,126.994021
202430000000900016,37.58207,126.963764
202430000000900091,37.57791908,126.9639457
202430000000900044,37.58033562,127.0025133
202430000000900047,37.57886838,126.9897116
202430000000900011,37.56859,126.992153
202430000000900055,37.57456,126.982512
202430000000900007,37.577359,126.961116
202430000000900040,37.5879786,126.9840854
202430000000900080,37.58805535,126.9982835
202430000000900037,37.57096024,126.9814402
202430000000900070,37.5879786,126.9840854
202430000000900086,37.58033562,127.0025133
202430000000900063,37.571212,126.994021
202430000000900076,37.577924,127.020374
202430000000900029,37.57954594,127.0101844
202430000000900027,37.612794,126.970339
202430000000900083,37.615161,126.974633
202430000000900065,37.57061151,126.9880601
202430000000900095,37.58207,126.963764
202430000000900009,37.5749745,127.0098332
202430000000900052,37.60197588,126.9805492
202430000000900082,37.57954594,127.0101844
202430000000900084,37.612794,126.970339
202430000000900061,37.59132439,126.9717837
202430000000900058,37.578185,126.960195
202430000000900078,37.56994741,126.980707
202430000000900073,37.592305,126.964166
202430000000900071,37.5879786,126.9840854
202430000000900074,37.57096024,126.9814402
202430000000900002,37.5723522,127.01854
202430000000900059,37.60197588,126.9805492
202430000000900077,37.58301,127.004684
202430000000900075,37.578014,127.012952
202430000000900028,37.615161,126.974633
202430000000900090,37.57004215,126.9687354
202430000000900051,37.57791908,126.9639457
202430000000900003,37.5912914,126.991483
202430000000900085,37.605667,126.965063
202430000000900056,37.584386,126.972402
202430000000900032,37.584479,126.996854
202430000000900062,37.591042,126.966257
202430000000900064,37.57886838,126.9897116
202430000000900087,37.573807,126.981186
202530100000900525,37.5651,127.0016
202530100000900526,37.5656,127.0075
202530100000900520,37.56419,127.0084
202530100000900521,37.56435,127.0094
202530100000900522,37.565216,127.006373
202530100000900523,37.5662,127.0067
202530100000900524,37.5625,126.9943
202530100000900527,37.5554,127.010369
202530100000900528,37.552379,127.004798
202530100000900529,37.559944,127.012516
202530100000900012,37.56807,126.980653
202530100000900017,37.552099,127.005081
202530100000900538,37.55277,127.0079
202530100000900011,37.568163,126.980836
202530100000900013,37.564287,127.005003
202530100000900015,37.563781,126.999448
202530100000900014,37.56389,127.000153
202530100000900018,37.552165,127.004883
202530100000900016,37.564228,126.97274
202530100000900019,37.551162,127.005732
202530100000900010,37.568213,126.984877
202530100000900539,37.5544,127.0099
202530100000900530,37.557855,127.009496
202530100000900531,37.554732,127.009531
202530100000900532,37.554424,127.004995
202530100000900533,37.549223,127.006005
202530100000900534,37.549815,127.00588
202530100000900535,37.549812,127.006844
202530100000900536,37.550929,127.007092
202530100000900537,37.55896,127.0123
202530100000900648,37.556147,127.01148
202530100000900647,37.556481,127.01619
202530100000900641,37.5605,127.0028
202530100000900642,37.5594,127.0029
202530100000900643,37.5591,127.0049
202530100000900644,37.5592,127.0058
202530100000900645,37.5595,127.0069
202530100000900646,37.558932,127.015014
202530100000900649,37.557636,127.015663
202530100000900640,37.5591,127.0028
202530100000900741,37.556065,126.994537
202530100000900742,37.553249,127.013641
202530100000900743,37.554695,126.972008
202530100000900744,37.556126,126.972084
202530100000900594,37.568573,127.013023
202530100000900596,37.56348,127.012016
202530100000900592,37.557334,127.016577
202530100000900595,37.566517,127.01281
202530100000900597,37.56359,127.0139
202530100000900590,37.548042,127.010017
202530100000900598,37.5646,127.0119
202530100000900593,37.563958,127.01298
202530100000900591,37.560648,127.01869
202530100000900599,37.56773,127.0127
202530100000900736,37.562889,127.017265
202530100000900737,37.562454,127.020126
202530100000900739,37.568039,127.01889
202530100000900733,37.55138,127.008499
202530100000900734,37.555939,127.015114
202530100000900260,37.554609,126.974119
202530100000900261,37.556701,126.980211
202530100000900265,37.557375,126.971766
202530100000900262,37.556742,126.982532
202530100000900269,37.55725,126.9787
202530100000900263,37.556014,126.981874
202530100000900267,37.561691,126.980491
202530100000900266,37.557546,126.972037
202530100000900264,37.556777,126.98058
202530100000900268,37.561332,126.980667
202530100000900735,37.56134,127.012657
202530100000900738,37.570103,127.017746
202530100000900730,37.551353,127.005592
202530100000900731,37.550747,127.007484
202530100000900732,37.55061,127.008438
202530100000900702,37.559844,126.982209
202530100000900703,37.564388,126.992915
202530100000900704,37.559306,126.979847
202530100000900700,37.562231,127.014273
202530100000900701,37.558957,126.982459
202530100000900705,37.561228,126.998058
202530100000900706,37.56673,127.012596
202530100000900707,37.564617,126.991462
202530100000900708,37.565605,127.02201
202530100000900709,37.565071,127.019717
202530100000900400,37.552677,127.012797
202530100000900401,37.552586,127.009219
202530100000900402,37.552639,127.010756
202530100000900403,37.552154,127.00897
202530100000900405,37.552992,127.010206
202530100000900406,37.553337,127.011153
202530100000900408,37.548125,127.010906
202530100000900404,37.549549,127.007881
202530100000900407,37.552507,127.011593
202530100000900409,37.558355,127.015767
202530100000900446,37.564059,127.026506
202530100000900441,37.563434,127.020745
202530100000900447,37.561574,127.018741
202530100000900444,37.564544,127.0238
202530100000900449,37.562511,127.018266
202530100000900445,37.564081,127.025846
202530100000900440,37.563789,127.020442
202530100000900442,37.563018,127.02285
202530100000900448,37.563171,127.019192
202530100000900443,37.562112,127.023049
202530100000900022,37.562486,127.024522
202530100000900023,37.562546,127.024957
202530100000900024,37.562913,127.025051
202530100000900366,37.563987,127.008982
202530100000900362,37.563385,127.00901
202530100000900368,37.553096,127.008492
202530100000900364,37.562305,127.014305
202530100000900361,37.565639,127.021421
202530100000900365,37.562082,127.010274
202530100000900360,37.56954,127.019621
202530100000900369,37.551633,127.007465
202530100000900363,37.56337,127.007559
202530100000900367,37.567294,127.018866
202530100000900497,37.567195,126.999901
202530100000900498,37.562531,126.993532
202530100000900499,37.566991,126.996452
202530100000900496,37.567931,126.9895
202530100000900618,37.568711,126.999045
202530100000900619,37.567236,126.997832
202530100000900612,37.553945,127.01066
202530100000900610,37.5654,127.0158
202530100000900613,37.553366,127.015187
202530100000900611,37.5647,127.0123
202530100000900614,37.552168,127.013916
202530100000900615,37.5517,127.0124
202530100000900616,37.5499,127.008
202530100000900617,37.5536,127.015
202530100000900196,37.557192,126.963906
202530100000900191,37.557575,126.96341
202530100000900195,37.559055,126.964999
202530100000900193,37.5523,126.962294
202530100000900199,37.556248,126.980324
202530100000900190,37.559124,126.963797
202530100000900194,37.559634,126.967315
202530100000900192,37.55449,126.966266
202530100000900198,37.558412,126.967392
202530100000900197,37.561349,126.967843
202530100000900245,37.567687,126.969579
202530100000900244,37.565262,126.973581
202530100000900240,37.559532,126.975922
202530100000900242,37.559944,126.974937
202530100000900247,37.5612,126.9717
202530100000900249,37.560575,126.976002
202530100000900241,37.559502,126.975937
202530100000900248,37.5631,126.9769
202530100000900246,37.565517,126.977455
202530100000900243,37.560268,126.975449
202530100000900412,37.556671,127.014224
202530100000900413,37.557345,127.013406
202530100000900414,37.556996,127.015536
202530100000900415,37.556902,127.01582
202530100000900491,37.559854,127.002211
202530100000900492,37.562185,127.001161
202530100000900493,37.56277,127.009454
202530100000900490,37.562335,127.006001
202530100000900495,37.567223,126.990835
202530100000900494,37.563925,126.990176
202530100000900419,37.555435,127.012253
202530100000900416,37.555973,127.017387
202530100000900417,37.556703,127.013028
202530100000900418,37.555975,127.013819
202530100000900410,37.558355,127.015767
202530100000900411,37.559241,127.01423
202530100000900740,37.555267,126.96759
202530100000900168,37.560596,126.979594
202530100000900160,37.560715,126.977314
202530100000900166,37.560445,126.978626
202530100000900169,37.561415,126.980787
202530100000900167,37.558438,126.976166
202530100000900164,37.560915,126.978167
202530100000900161,37.561259,126.980315
202530100000900217,37.562241,126.974648
202530100000900210,37.557426,126.981963
202530100000900215,37.566707,126.9709
202530100000900212,37.556768,126.979085
202530100000900214,37.568677,126.974176
202530100000900219,37.56921,126.974368
202530100000900211,37.556229,126.977279
202530100000900213,37.562929,126.973087
202530100000900218,37.563968,126.969512
202530100000900216,37.564692,126.968773
202530100000900462,37.56414,127.025857
202530100000900467,37.564626,127.019631
202530100000900466,37.564435,127.020895
202530100000900468,37.561827,127.007232
202530100000900464,37.565363,127.019282
202530100000900461,37.562307,127.018133
202530100000900463,37.562127,127.022105
202530100000900460,37.562971,127.019881
202530100000900465,37.563013,127.023167
202530100000900469,37.561334,127.008514
202530100000900065,37.560733,126.96968
202530100000900066,37.560949,126.969556
202530100000900061,37.560006,126.969342
202530100000900064,37.560409,126.969889
202530100000900068,37.562958,127.024185
202530100000900062,37.559894,126.970283
202530100000900069,37.562687,127.024757
202530100000900060,37.56076,126.968948
202530100000900067,37.56279,126.975456
202530100000900063,37.560207,126.970268
202530100000900071,37.555717,126.963593
202530100000900079,37.556847,126.96608
202530100000900073,37.555237,126.964005
202530100000900070,37.56785,126.9867
202530100000900072,37.555695,126.964325
202530100000900074,37.555325,126.964539
202530100000900076,37.555874,126.965111
202530100000900078,37.555855,126.966003
202530100000900075,37.555622,126.964958
202530100000900077,37.556179,126.965553
202530100000900331,37.562622,127.011896
202530100000900332,37.562125,127.01093
202530100000900333,37.564399,127.011311
202530100000900330,37.56461,127.012942
202530100000900335,37.565265,127.014168
202530100000900339,37.561942,127.013175
202530100000900337,37.562777,127.013243
202530100000900336,37.567191,127.013811
202530100000900334,37.563141,127.014364
202530100000900338,37.563358,127.013178
202530100000900021,37.555576,127.013793
202530100000900026,37.563894,127.018922
202530100000900020,37.555803,127.014
202530100000900025,37.563662,127.018424
202530100000900028,37.552819,127.012604
202530100000900029,37.556129,127.016358
202530100000900027,37.563383,127.014276
202530100000900187,37.558342,126.962788
202530100000900663,37.55949,126.988823
202530100000900665,37.560797,126.996548
202530100000900586,37.5646,127.0179
202530100000900587,37.5637,127.0262
202530100000900583,37.56383,127.0181
202530100000900584,37.56261,127.0221
202530100000900588,37.5649,127.0222
202530100000900589,37.554586,127.01439
202530100000900580,37.563813,127.017149
202530100000900581,37.557296,127.01123
202530100000900582,37.56504,127.0235
202530100000900661,37.5605,126.9955
202530100000900666,37.557993,126.989001
202530100000900664,37.561649,126.99413
202530100000900667,37.55703,126.9955
202530100000900668,37.55608,126.9935
202530100000900660,37.561504,126.997932
202530100000900662,37.558674,126.989204
202530100000900101,37.5573,126.9631
202530100000900105,37.545864,127.00861
202530100000900104,37.558191,127.016611
202530100000900106,37.545869,127.008628
202530100000900107,37.545327,127.006956
202530100000900109,37.561815,126.977479
202530100000900102,37.5557,126.9654
202530100000900108,37.547565,127.009049
202530100000900103,37.5677,126.9871
202530100000900100,37.5568,126.9639
202530100000900669,37.5576,126.996
202530100000900585,37.558427,127.011307
202530100000900500,37.567967,126.996473
202530100000900501,37.567127,126.995154
202530100000900502,37.565809,126.992002
202530100000900503,37.567808,127.000153
202530100000900504,37.56232,126.995328
202530100000900505,37.56029,127.019943
202530100000900506,37.565463,126.994529
202530100000900507,37.565741,126.994153
202530100000900508,37.56393,126.99392
202530100000900509,37.56557,127.004333
202530100000900371,37.554125,127.009485
202530100000900373,37.558172,127.011183
202530100000900378,37.559509,127.009131
202530100000900374,37.556971,127.010743
202530100000900375,37.559411,127.011767
202530100000900376,37.560222,127.011829
202530100000900377,37.560249,127.010367
202530100000900370,37.552537,127.007733
202530100000900379,37.559118,127.009872
202530100000900372,37.556526,127.011217
202530100000900725,37.559864,127.001801
202530100000900726,37.563328,127.003838
202530100000900728,37.563648,127.01033
202530100000900729,37.568367,126.999428
202530100000900720,37.561803,127.02107
202530100000900727,37.563049,127.004211
202530100000900721,37.557313,127.014576
202530100000900722,37.55809,126.979469
202530100000900723,37.557091,126.97657
202530100000900724,37.555424,126.980682
202530100000900162,37.559665,126.975925
202530100000900163,37.557861,126.977124
202530100000900165,37.559777,126.979994
202530100000900486,37.560704,127.001339
202530100000900487,37.561631,127.000218
202530100000900488,37.562448,127.003879
202530100000900489,37.563296,127.005684
202530100000900481,37.55875,127.000891
202530100000900484,37.558961,127.001423
202530100000900482,37.559556,127.000794
202530100000900485,37.56103,127.001808
202530100000900135,37.560942,126.985063
202530100000900133,37.5589,126.9839
202530100000900132,37.556236,126.973279
202530100000900134,37.56161,126.985747
202530100000900137,37.558455,126.985439
202530100000900139,37.565003,126.984393
202530100000900131,37.55862,126.972749
202530100000900136,37.563684,126.983478
202530100000900130,37.554195,126.976477
202530100000900138,37.561419,126.984108
202530100000900544,37.551942,127.004987
202530100000900549,37.550359,127.006105
202530100000900548,37.550489,127.005203
202530100000900543,37.555311,127.007827
202530100000900547,37.550857,127.006383
202530100000900541,37.55646,127.0099
202530100000900540,37.55145,127.0065
202530100000900257,37.556934,126.968002
202530100000900254,37.558831,126.968339
202530100000900259,37.5572,126.9684
202530100000900256,37.55929,126.96577
202530100000900258,37.5556,126.9681
202530100000900253,37.562014,126.981136
202530100000900251,37.560575,126.976002
202530100000900255,37.55556,126.9673
202530100000900250,37.560575,126.976002
202530100000900252,37.561791,126.981446
202530100000900042,37.559914,127.013956
202530100000900046,37.563422,126.971315
202530100000900041,37.567439,127.017971
202530100000900040,37.567912,127.018121
202530100000900043,37.568953,126.977344
202530100000900047,37.557949,126.995473
202530100000900049,37.564718,126.987226
202530100000900045,37.563526,126.971264
202530100000900044,37.560564,127.01346
202530100000900048,37.564642,126.988488
202530100000900316,37.564416,127.000376
202530100000900311,37.565044,127.004059
202530100000900317,37.566207,127.001493
202530100000900313,37.565452,127.005652
202530100000900312,37.564365,127.004539
202530100000900314,37.565588,127.006634
202530100000900315,37.564468,127.00612
202530100000900318,37.568499,127.000108
202530100000900310,37.564893,127.008095
202530100000900319,37.567299,126.999064
202530100000900189,37.558449,126.968594
202530100000900184,37.559099,126.969099
202530100000900186,37.55807,126.963421
202530100000900188,37.557113,126.965584
202530100000900181,37.557028,126.966485
202530100000900183,37.557506,126.965985
202530100000900182,37.556562,126.967628
202530100000900185,37.55751,126.968089
202530100000900180,37.556631,126.965118
202530100000900356,37.568354,127.019666
202530100000900354,37.565843,127.022955
202530100000900357,37.568915,127.02185
202530100000900358,37.570157,127.021729
202530100000900355,37.567408,127.022279
202530100000900351,37.566122,127.020608
202530100000900352,37.565716,127.018567
202530100000900350,37.566368,127.021099
202530100000900359,37.569538,127.021021
202530100000900349,37.567535,127.020951
202530100000900341,37.56093,127.013312
202530100000900346,37.566732,127.015689
202530100000900344,37.564276,127.015437
202530100000900345,37.567178,127.016885
202530100000900348,37.566734,127.018548
202530100000900343,37.563421,127.01515
202530100000900671,37.5596,126.9918
202530100000900672,37.554,126.9951
202530100000900676,37.569127,127.022259
202530100000900677,37.568714,127.02298
202530100000900673,37.5549,126.9963
202530100000900674,37.5563,126.9952
202530100000900678,37.56899,127.0203
202530100000900675,37.567341,127.018283
202530100000900679,37.569035,127.018076
202530100000900670,37.5565,126.9944
202530100000900474,37.561115,127.004254
202530100000900476,37.561455,127.002337
202530100000900471,37.560847,127.008549
202530100000900473,37.560298,127.007202
202530100000900475,37.561729,127.004665
202530100000900477,37.562437,127.002412
202530100000900472,37.56047,127.008203
202530100000900478,37.56066,127.003675
202530100000900479,37.560492,127.005442
202530100000900470,37.561414,127.00698
202530100000900090,37.5491,127.0063
202530100000900098,37.5552,126.9749
202530100000900094,37.545253,127.006377
202530100000900309,37.564788,127.008953
202530100000900302,37.565282,127.003187
202530100000900304,37.568907,127.009377
202530100000900303,37.567897,127.007741
202530100000900305,37.567776,127.008683
202530100000900307,37.567114,127.007082
202530100000900301,37.561128,126.997252
202530100000900306,37.567176,127.008286
202530100000900308,37.565786,127.005579
202530100000900300,37.558967,126.998338
202530100000900576,37.5606,127.0203
202530100000900577,37.5604,127.0209
202530100000900570,37.5517,127.007
202530100000900572,37.560547,127.014972
202530100000900578,37.5581,127.0191
202530100000900573,37.561685,127.020398
202530100000900579,37.5589,127.0198
202530100000900571,37.5513,127.0072
202530100000900574,37.561764,127.017888
202530100000900575,37.56089,127.0201
202530100000900545,37.551588,127.004621
202530100000900542,37.55506,127.0086
202530100000900546,37.55252,127.00533
202530100000900480,37.558582,127.001473
202530100000900483,37.559082,127.000419
202530100000900620,37.563411,126.991796
202530100000900623,37.567337,126.996856
202530100000900627,37.565998,127.003616
202530100000900625,37.56469,126.9922
202530100000900626,37.563003,126.993986
202530100000900621,37.567101,126.994591
202530100000900624,37.5641,126.9912
202530100000900628,37.56598,126.999
202530100000900629,37.5658,126.9936
202530100000900622,37.566844,126.990417
202530100000900115,37.568881,126.979432
202530100000900114,37.566791,126.979898
202530100000900117,37.567805,126.980925
202530100000900154,37.557249,126.983549
202530100000900158,37.558635,126.983089
202530100000900155,37.560163,126.984234
202530100000900150,37.559309,126.986045
202530100000900159,37.558953,126.985902
202530100000900156,37.559586,126.986386
202530100000900157,37.557647,126.98586
202530100000900151,37.559707,126.984602
202530100000900153,37.564797,126.986426
202530100000900152,37.563617,126.984489
202530100000900124,37.55709,126.97578
202530100000900128,37.559492,126.971746
202530100000900120,37.563802,126.981882
202530100000900123,37.561861,126.978257
202530100000900126,37.557489,126.971535
202530100000900121,37.561413,126.979149
202530100000900129,37.55784,126.973515
202530100000900125,37.557562,126.973986
202530100000900122,37.567308,126.980544
202530100000900127,37.558971,126.975252
202530100000900711,37.561565,127.009678
202530100000900712,37.563643,127.021828
202530100000900713,37.557947,127.011649
202530100000900714,37.563513,127.018296
202530100000900715,37.554934,126.964722
202530100000900716,37.555812,126.967584
202530100000900717,37.55784,126.973515
202530100000900718,37.563423,127.015144
202530100000900719,37.564879,127.016874
202530100000900710,37.557825,126.981421
202530100000900686,37.558109,126.982872
202530100000900687,37.559743,127.014886
202530100000900683,37.5693,127.0233
202530100000900685,37.561954,126.990544
202530100000900342,37.560917,127.011762
202530100000900340,37.563173,127.011094
202530100000900347,37.570204,127.018242
202530100000900688,37.564298,126.987586
202530100000900680,37.57039,127.0196
202530100000900682,37.5671,127.0215
202530100000900684,37.566053,127.018616
202530100000900689,37.55897,126.981218
202530100000900681,37.5665,127.018
202530100000900096,37.5643,126.9723
202530100000900093,37.547034,127.008989
202530100000900095,37.5645,126.9727
202530100000900091,37.553327,127.016802
202530100000900097,37.5553,126.975
202530100000900099,37.5568,126.9641
202530100000900092,37.547034,127.008989
202530100000900353,37.568127,127.017825
202530100000900516,37.56395,126.999
202530100000900517,37.56487,127.0094
202530100000900518,37.56146,127.0123
202530100000900519,37.564252,126.998444
202530100000900510,37.562855,126.995189
202530100000900513,37.56387,127.008012
202530100000900514,37.563573,126.997208
202530100000900223,37.559781,126.987521
202530100000900221,37.562015,126.973098
202530100000900226,37.556925,126.984112
202530100000900228,37.5568,126.9858
202530100000900225,37.558581,126.986602
202530100000900222,37.562317,126.97044
202530100000900227,37.556961,126.983849
202530100000900220,37.566315,126.969193
202530100000900224,37.557512,126.985225
202530100000900229,37.5564,126.985
202530100000900273,37.558296,126.98307
202530100000900271,37.55488,126.9747
202530100000900275,37.56,126.976
202530100000900276,37.5582,126.9745
202530100000900270,37.55434,126.9746
202530100000900272,37.558292,126.982849
202530100000900277,37.5586,126.9788
202530100000900279,37.5534,126.9763
202530100000900274,37.5584,126.9804
202530100000900278,37.5585,126.9694
202530100000900636,37.562592,127.001564
202530100000900631,37.559231,127.001108
202530100000900637,37.56082,127.0083
202530100000900638,37.561,127.0083
202530100000900143,37.560657,126.985543
202530100000900149,37.563815,126.984902
202530100000900146,37.560319,126.986477
202530100000900140,37.564095,126.986273
202530100000900144,37.557897,126.984099
202530100000900142,37.558545,126.98442
202530100000900145,37.557629,126.986663
202530100000900147,37.558204,126.983674
202530100000900148,37.557842,126.984444
202530100000900141,37.564762,126.987389
202530100000900456,37.56167,127.015917
202530100000900450,37.560749,127.02082
202530100000900458,37.562786,127.015968
202530100000900452,37.563028,127.016791
202530100000900455,37.561053,127.015013
202530100000900451,37.56134,127.020012
202530100000900459,37.561725,127.019345
202530100000900454,37.562103,127.016837
202530100000900457,37.560743,127.015957
202530100000900453,37.562286,127.017505
202530100000900632,37.562874,127.008675
202530100000900634,37.560199,127.001907
202530100000900635,37.562366,127.00943
202530100000900633,37.558506,127.002166
202530100000900639,37.5611,127.001
202530100000900630,37.5664,126.9909
202530100000900116,37.562935,126.977338
202530100000900119,37.569,126.977415
202530100000900111,37.56387,126.977945
202530100000900113,37.562686,126.976638
202530100000900110,37.56667,126.981552
202530100000900112,37.567981,126.981364
202530100000900118,37.566168,126.979257
202530100000900389,37.55478,127.007143
202530100000900394,37.554936,127.007977
202530100000900395,37.555235,127.006736
202530100000900396,37.552331,127.013589
202530100000900397,37.553889,127.014404
202530100000900398,37.553279,127.014616
202530100000900399,37.553615,127.012644
202530100000900390,37.549079,127.005754
202530100000900391,37.55071,127.004963
202530100000900392,37.550264,127.005467
202530100000900393,37.553811,127.004472
202530100000900232,37.566779,126.97733
202530100000900234,37.5667,126.9828
202530100000900236,37.563811,126.97295
202530100000900231,37.561566,127.981672
202530100000900233,37.5668,126.9825
202530100000900235,37.567932,126.980031
202530100000900239,37.56251,126.977
202530100000900238,37.56499,126.971343
202530100000900237,37.56712,126.969123
202530100000900230,37.567,126.9815
202530100000900083,37.5674,127.0033
202530100000900087,37.5645,126.99653
202530100000900081,37.563894,127.018922
202530100000900086,37.5494,127.0104
202530100000900080,37.563894,127.018922
202530100000900088,37.5699,127.017
202530100000900082,37.5677,127.0041
202530100000900084,37.56779,127.002887
202530100000900085,37.56537,126.9891
202530100000900089,37.5696,127.0163
202530100000900296,37.553381,126.997066
202530100000900293,37.555852,126.993719
202530100000900295,37.560151,126.990151
202530100000900297,37.56167,126.9916
202530100000900290,37.556522,126.995657
202530100000900292,37.560151,126.996884
202530100000900299,37.559724,126.9975
202530100000900291,37.558544,126.996945
202530100000900294,37.558601,126.988529
202530100000900298,37.56059,126.995364
202530100000900420,37.558555,127.013224
202530100000900421,37.551484,127.011206
202530100000900422,37.546373,127.008657
202530100000900423,37.549562,127.012174
202530100000900424,37.555014,127.011995
202530100000900425,37.551187,127.00453
202530100000900429,37.553508,127.005082
202530100000900426,37.554243,127.01216
202530100000900427,37.557354,127.014617
202530100000900428,37.557997,127.011704
202530100000900650,37.55703,127.01362
202530100000900651,37.55945,127.0146
202530100000900659,37.557915,126.996483
202530100000900652,37.556622,127.015204
202530100000900657,37.55626,126.9965
202530100000900654,37.558647,126.995426
202530100000900656,37.555332,126.994591
202530100000900653,37.560025,126.992517
202530100000900655,37.560859,126.999945
202530100000900658,37.55714,126.996452
202530100000900511,37.565547,126.990991
202530100000900512,37.565585,126.990527
202530100000900515,37.563107,127.000526
202530100000900037,37.560174,127.018256
202530100000900032,37.552579,127.005797
202530100000900033,37.554279,127.008593
202530100000900036,37.560585,127.020678
202530100000900030,37.555859,127.016294
202530100000900035,37.557572,127.017005
202530100000900552,37.551825,127.005798
202530100000900556,37.551996,127.004476
202530100000900551,37.551275,127.005108
202530100000900558,37.54884,127.0068
202530100000900555,37.552237,127.006868
202530100000900550,37.550102,127.004974
202530100000900557,37.556384,127.007931
202530100000900554,37.552126,127.005488
202530100000900559,37.55042,127.0043
202530100000900553,37.551979,127.004156
202530100000900174,37.560064,126.966095
202530100000900177,37.557538,126.96714
202530100000900004,37.550378,127.013653
202530100000900179,37.55571,126.963465
202530100000900170,37.558625,126.9772
202530100000900178,37.552685,126.963348
202530100000900172,37.559139,126.978693
202530100000900176,37.558155,126.964271
202530100000900175,37.556903,126.96455
202530100000900173,37.558665,126.978146
202530100000900171,37.55894,126.976477
202530100000900002,37.560286,126.971651
202530100000900001,37.554534,127.01699
202530100000900003,37.559958,126.971562
202530100000900007,37.568377,126.971341
202530100000900009,37.563955,126.968679
202530100000900005,37.548794,127.010394
202530100000900006,37.544995,127.00817
202530100000900008,37.56792,126.97164
202530100000900561,37.5521,127.0032
202530100000900563,37.5611,127.0111
202530100000900564,37.5559,127.0089
202530100000900566,37.5536,127.0067
202530100000900568,37.5539,127.0089
202530100000900565,37.5604,127.0098
202530100000900567,37.5544,127.0094
202530100000900569,37.5525,127.0082
202530100000900560,37.55177,127.0039
202530100000900562,37.5489,127.0065
202530100000900052,37.564695,126.987103
202530100000900054,37.552609,126.962871
202530100000900056,37.5595,127.0206
202530100000900058,37.561332,126.968414
202530100000900051,37.564795,126.987117
202530100000900059,37.560825,126.968627
202530100000900050,37.564796,126.987226
202530100000900057,37.55925,127.0209
202530100000900053,37.567986,126.980421
202530100000900055,37.552573,126.962836
202530100000900380,37.558489,127.010078
202530100000900381,37.556537,127.010319
202530100000900382,37.554296,127.008007
202530100000900383,37.554047,127.008305
202530100000900385,37.552256,127.00574
202530100000900386,37.550727,127.005779
202530100000900387,37.551962,127.006237
202530100000900384,37.553898,127.007546
202530100000900388,37.550589,127.007242
202530100000900697,37.560268,126.968259
202530100000900693,37.56082,126.99598
202530100000900698,37.561723,127.017282
202530100000900691,37.569156,127.007241
202530100000900695,37.555113,127.01023
202530100000900692,37.56218,126.974769
202530100000900694,37.566716,126.984302
202530100000900696,37.557295,127.009226
202530100000900699,37.554708,127.01202
202530100000900690,37.566817,126.991986
202530100000900600,37.56144,127.0133
202530100000900605,37.56252,127.0099
202530100000900601,37.557675,127.009254
202530100000900609,37.5616,127.0138
202530100000900602,37.564481,127.014639
202530100000900608,37.5666,127.0144
202530100000900606,37.56593,127.0174
202530100000900607,37.561311,127.011483
202530100000900603,37.563976,127.011731
202530100000900604,37.56392,127.0121
202530100000900280,37.56476,126.976868
202530100000900284,37.556618,126.993518
202530100000900286,37.555046,126.995612
202530100000900289,37.55905,126.997305
202530100000900281,37.561193,126.989368
202530100000900288,37.56057,126.998177
202530100000900283,37.561348,126.995392
202530100000900282,37.562169,126.992265
202530100000900285,37.557753,126.995642
202530100000900287,37.56117,126.998013
202530100000900205,37.556126,126.98111
202530100000900207,37.557515,126.977338
202530100000900204,37.558186,126.978092
202530100000900206,37.557586,126.979396
202530100000900209,37.555718,126.981016
202530100000900200,37.556711,126.978662
202530100000900202,37.559018,126.980206
202530100000900203,37.557613,126.982486
202530100000900208,37.554576,126.980571
202530100000900201,37.556899,126.981594
202530100000900435,37.564859,127.016845
202530100000900437,37.564206,127.019245
202530100000900436,37.565067,127.018819
202530100000900439,37.564423,127.022062
202530100000900430,37.559668,127.014119
202530100000900431,37.562535,127.020616
202530100000900432,37.562852,127.021595
202530100000900433,37.561937,127.021445
202530100000900434,37.56329,127.023912
202530100000900438,37.565065,127.021276
202530100000900321,37.567907,127.001087
202530100000900323,37.563018,126.999107
202530100000900329,37.563704,127.010955
202530100000900324,37.563666,127.00044
202530100000900327,37.569302,127.014157
202530100000900325,37.565571,126.998989
202530100000900326,37.56893,127.012124
202530100000900328,37.564378,127.010338
202530100000900320,37.567797,126.999097
202530100000900322,37.563328,127.001709
202530100000900031,37.557823,126.995394
202530100000900034,37.557191,126.963249
202530100000900039,37.551499,127.013351
202530100000900038,37.560058,127.018157
202430200000900269,37.5391,126.969
202430200000900636,37.5362,126.9987
202430200000900057,37.5492,126.981
202330200000900525,37.542236,126.990613
202330200000900047,37.548771,126.97446
202330200000900246,37.540523,126.964535
202430200000900671,37.522,126.9945
202430200000900596,37.5319,127.0005
202330200000900364,37.526128,126.96343
202430200000900295,37.5366,126.9543
202430200000900015,37.5511,126.9774
202430200000900034,37.5516,126.9811
202430200000900419,37.528,126.9654
202330200000900022,37.54959,126.98311
202430200000900611,37.53,127.0093
202430200000900115,37.5463,126.9837
202330200000900146,37.551992,126.975077
202430200000900559,37.5393,126.9878
202330200000900102,37.54325,126.98715
202430200000900349,37.5461,126.9614
202430200000900217,37.5477,126.9677
202330200000900387,37.533947,126.973623
202330200000900596,37.534192,127.001717
202430200000900359,37.538,126.9635
202430200000900114,37.5438,126.9867
202430200000900722,37.5314,126.997
202430200000900005,37.5484,126.9792
202430200000900516,37.5335,126.997
202430200000900249,37.5396,126.9649
202430200000900696,37.5239,126.9968
202330200000900009,37.54824,126.983918
202430200000900742,37.5292,127.0016
202330200000900086,37.543709,126.985611
202430200000900113,37.5443,126.9823
202430200000900297,37.5369,126.9555
202330200000900343,37.538722,126.960367
202330200000900398,37.530438,126.968563
202330200000900164,37.546935,126.967868
202330200000900517,37.535049,126.988219
202430200000900063,37.5482,126.9745
202430200000900461,37.5197,126.9748
202430200000900476,37.527,126.9545
202430200000900570,37.5393,126.9954
202430200000900551,37.5401,126.9946
202430200000900629,37.5303,127.0069
202330200000900570,37.530064,127.009345
202330200000900518,37.536427,126.987445
202330200000900069,37.546992,126.978777
202330200000900403,37.52632,126.961971
202430200000900503,37.5322,126.996
202330200000900224,37.545437,126.969813
202330200000900177,37.547347,126.964973
202430200000900316,37.541,126.9582
202330200000900091,37.545047,126.987753
202330200000900595,37.533462,127.000764
202430200000900325,37.5401,126.9621
202430200000900573,37.539,126.9888
202430200000900663,37.5353,126.999
202430200000900462,37.5189,126.9795
202330200000900296,37.535568,126.95451
202330200000900411,37.530573,126.970187
202430200000900404,37.5309,126.9681
202330200000900300,37.540911,126.963314
202430200000900125,37.5451,126.9847
202430200000900164,37.548,126.9669
202330200000900447,37.520288,126.97905
202330200000900461,37.523388,126.956842
202330200000900421,37.522136,126.969926
202330200000900552,37.536348,127.00145
202330200000900639,37.528686,127.001704
202330200000900593,37.529305,127.006867
202430200000900009,37.5525,126.9767
202430200000900148,37.5416,126.9743
202330200000900516,37.537237,126.987724
202330200000900288,37.535562,126.952753
202430200000900191,37.5483,126.9651
202430200000900395,37.5255,126.9651
202330200000900553,37.535871,127.001119
202430200000900372,37.5391,126.9589
202330200000900460,37.526856,126.954504
202330200000900537,37.536563,126.987188
202330200000900253,37.541407,126.965747
202430200000900263,37.5402,126.9655
202330200000900580,37.545318,127.003312
202430200000900162,37.5532,126.9663
202430200000900254,37.5405,126.9645
202430200000900187,37.5505,126.9677
202430200000900172,37.5436,126.9697
202430200000900261,37.5414,126.9657
202430200000900239,37.5521,126.9656
202330200000900513,37.536813,126.99072
202330200000900467,37.536819,126.990733
202430200000900322,37.5467,126.9622
202330200000900489,37.532483,126.99531
202430200000900275,37.5384,126.9648
202330200000900076,37.54476,126.986953
202430200000900003,37.5476,126.9757
202430200000900311,37.5342,126.9577
202430200000900479,37.5249,126.9574
202430200000900423,37.5347,126.9743
202430200000900552,37.5396,126.9905
202330200000900674,37.525815,127.00064
202430200000900641,37.5321,127.0035
202330200000900454,37.525376,126.955775
202430200000900251,37.5349,126.9635
202430200000900656,37.547,127.0037
202430200000900218,37.5483,126.9665
202330200000900456,37.524852,126.957419
202330200000900438,37.519689,126.98059
202330200000900068,37.549159,126.982448
202430200000900624,37.5345,127.0007
202430200000900010,37.5482,126.9839
202330200000900191,37.545284,126.969188
202430200000900584,37.5292,127.0038
202330200000900175,37.545816,126.969356
202330200000900590,37.535747,126.998394
202430200000900203,37.5427,126.9683
202330200000900616,37.522928,126.999021
202330200000900210,37.552681,126.967905
202330200000900284,37.536288,126.955325
202330200000900159,37.549734,126.967343
202430200000900601,37.528,127.0056
202430200000900219,37.5454,126.9677
202430200000900638,37.5341,127.0017
202330200000900277,37.535718,126.951448
202430200000900493,37.5368,126.9907
202430200000900039,37.5504,126.9748
202330200000900239,37.547806,126.966646
202330200000900228,37.552688,126.966938
202330200000900044,37.54688,126.98053
202330200000900162,37.548361,126.963502
202330200000900664,37.527516,127.003611
202330200000900242,37.541861,126.969176
202430200000900033,37.5517,126.9772
202330200000900530,37.538842,126.989097
202430200000900273,37.5389,126.9681
202430200000900193,37.5434,126.9686
202430200000900064,37.5496,126.9818
202330200000900597,37.535058,127.001795
202430200000900618,37.5307,127.0038
202430200000900471,37.528,126.9539
202330200000900010,37.547245,126.981821
202430200000900700,37.5278,126.9981
202330200000900599,37.532126,127.003521
202330200000900367,37.523028,126.968054
202430200000900712,37.5298,127.0002
202430200000900565,37.5413,126.9957
202430200000900101,37.5444,126.9814
202430200000900286,37.5358,126.9553
202430200000900283,37.5345,126.9531
202430200000900222,37.5545,126.9683
202430200000900053,37.5501,126.9788
202430200000900715,37.5313,126.999
202430200000900079,37.5442,126.9858
202330200000900336,37.537836,126.956327
202330200000900603,37.533062,127.003563
202330200000900607,37.532395,127.000926
202430200000900501,37.5352,126.9909
202330200000900376,37.533456,126.971522
202330200000900464,37.523938,126.958062
202330200000900623,37.519404,126.991419
202430200000900735,37.5283,126.9973
202330200000900440,37.519644,126.974833
202330200000900653,37.526953,126.999211
202430200000900369,37.5371,126.961
202430200000900019,37.5522,126.9767
202430200000900416,37.5338,126.9678
202430200000900207,37.552,126.966
202330200000900536,37.538812,126.988438
202430200000900319,37.5448,126.9631
202330200000900293,37.534908,126.955334
202330200000900437,37.518384,126.976778
202330200000900563,37.535223,127.010723
202330200000900107,37.543015,126.98478
202330200000900365,37.527434,126.963084
202330200000900187,37.548296,126.965121
202430200000900678,37.5234,126.9941
202430200000900661,37.5331,127.0045
202330200000900561,37.537686,127.003638
202430200000900651,37.5321,127.0055
202430200000900231,37.5486,126.9673
202330200000900033,37.546446,126.982697
202430200000900523,37.5322,126.9939
202430200000900210,37.551,126.9646
202330200000900287,37.536384,126.951481
202430200000900564,37.5396,126.9916
202430200000900024,37.5496,126.983
202430200000900061,37.5474,126.9813
202430200000900306,37.5339,126.9517
202430200000900417,37.5306,126.9686
202430200000900031,37.5482,126.9737
202330200000900029,37.548212,126.973678
202330200000900612,37.536031,127.000425
202430200000900571,37.5434,126.9904
202430200000900627,37.5326,126.9995
202330200000900504,37.534041,126.994217
202330200000900168,37.543569,126.969763
202430200000900400,37.5356,126.973
202430200000900674,37.5214,126.9935
202330200000900498,37.549296,126.981021
202330200000900099,37.545403,126.984098
202330200000900605,37.53082,127.01021
202330200000900081,37.542316,126.986683
202330200000900643,37.529092,126.999893
202430200000900646,37.5318,127.0081
202430200000900321,37.5414,126.9605
202330200000900350,37.538313,126.960313
202430200000900303,37.5351,126.953
202330200000900299,37.54143,126.962147
202430200000900345,37.5406,126.9597
202430200000900055,37.551,126.9782
202330200000900024,37.549923,126.978087
202330200000900255,37.540253,126.965511
202430200000900431,37.5253,126.961
202430200000900399,37.5334,126.9715
202330200000900227,37.548687,126.967187
202430200000900094,37.545,126.9877
202330200000900329,37.54077,126.95967
202330200000900618,37.523585,126.993659
202330200000900140,37.546158,126.973208
202330200000900258,37.534944,126.96662
202330200000900369,37.525616,126.962023
202430200000900152,37.5476,126.973
202430200000900237,37.5517,126.9647
202330200000900025,37.547011,126.979533
202330200000900226,37.546563,126.968437
202430200000900376,37.5319,126.9654
202430200000900600,37.5311,127.0103
202430200000900406,37.5339,126.9736
202430200000900348,37.5447,126.9628
202330200000900054,37.545794,126.977753
202330200000900419,37.519115,126.971749
202430200000900240,37.5488,126.9679
202430200000900367,37.5384,126.9596
202330200000900539,37.541812,126.993437
202330200000900108,37.544552,126.983294
202330200000900043,37.547548,126.983304
202330200000900320,37.546283,126.9613
202430200000900620,37.5383,127.0059
202330200000900377,37.535694,126.972814
202430200000900331,37.5463,126.9615
202330200000900079,37.543111,126.986018
202330200000900104,37.544196,126.988176
202330200000900600,37.530895,127.006116
202430200000900082,37.5414,126.986
202430200000900127,37.5469,126.984
202430200000900468,37.5202,126.9789
202430200000900396,37.5239,126.964
202430200000900447,37.5192,126.9785
202430200000900619,37.5318,127.0019
202430200000900683,37.5227,126.9973
202430200000900645,37.5329,127.0036
202430200000900420,37.5226,126.9645
202330200000900547,37.529239,127.00378
202330200000900218,37.554601,126.968215
202330200000900482,37.533624,126.990588
202430200000900300,37.5352,126.946
202330200000900067,37.5499,126.976395
202330200000900433,37.517886,126.982848
202430200000900677,37.5217,126.9928
202330200000900279,37.536122,126.950982
202430200000900111,37.5445,126.9832
202330200000900515,37.535928,126.987604
202430200000900504,37.5315,126.9965
202330200000900494,37.531947,126.995425
202330200000900098,37.544372,126.981414
202330200000900526,37.539094,126.990313
202330200000900181,37.547337,126.963462
202330200000900316,37.546357,126.961505
202430200000900690,37.5211,126.9932
202430200000900160,37.5515,126.9675
202430200000900665,37.5179,126.9853
202430200000900131,37.5492,126.9732
202330200000900328,37.541762,126.961739
202430200000900738,37.5314,126.9978
202430200000900081,37.5431,126.986
202430200000900018,37.5491,126.976
202430200000900387,37.5275,126.9631
202330200000900002,37.549328,126.974868
202330200000900524,37.542998,126.990374
202430200000900252,37.5348,126.9629
202430200000900089,37.5437,126.9856
202430200000900574,37.5365,126.9871
202330200000900112,37.546365,126.98377
202330200000900657,37.530326,126.998174
202430200000900508,37.534,126.9961
202330200000900097,37.545802,126.986338
202330200000900579,37.538344,127.005908
202330200000900601,37.528493,127.005152
202330200000900065,37.546752,126.976008
202330200000900058,37.547693,126.975496
202430200000900299,37.534,126.953
202430200000900716,37.5269,126.9992
202330200000900169,37.546464,126.967109
202330200000900231,37.550509,126.969079
202430200000900288,37.5348,126.9526
202430200000900122,37.5446,126.9851
202430200000900687,37.5209,126.9951
202430200000900482,37.5276,126.9545
202330200000900334,37.536249,126.960266
202330200000900401,37.522562,126.964687
202430200000900542,37.5409,126.9933
202330200000900275,37.535186,126.955483
202430200000900507,37.5355,126.9916
202330200000900521,37.539625,126.990466
202330200000900423,37.522602,126.972485
202430200000900375,37.5335,126.9699
202330200000900551,37.532587,127.002545
202430200000900577,37.5414,126.9922
202430200000900439,37.5211,126.9718
202330200000900497,37.545794,126.977753
202430200000900267,37.5367,126.9698
202330200000900223,37.546188,126.967438
202330200000900090,37.545023,126.988315
202330200000900510,37.535809,126.98861
202330200000900129,37.547353,126.973786
202430200000900149,37.543,126.9717
202430200000900255,37.5391,126.965
202430200000900340,37.5441,126.9601
202330200000900149,37.549638,126.973252
202430200000900487,37.5241,126.9586
202430200000900582,37.5377,126.9904
202330200000900163,37.546422,126.963403
202430200000900032,37.5485,126.983
202430200000900519,37.5314,126.9942
202430200000900412,37.5296,126.9704
202430200000900433,37.5202,126.9682
202330200000900268,37.538429,126.967965
202330200000900629,37.52087,126.995151
202330200000900354,37.531883,126.965365
202330200000900543,37.540215,126.991226
202430200000900747,37.5235,127.0013
202430200000900639,37.535,127.0017
202330200000900480,37.534066,126.99622
202330200000900381,37.530952,126.968093
202330200000900286,37.535224,126.946031
202330200000900382,37.530669,126.970898
202430200000900693,37.5224,126.9998
202330200000900576,37.536773,127.006591
202430200000900464,37.5207,126.9706
202430200000900112,37.5441,126.9825
202330200000900592,37.530734,127.011118
202430200000900099,37.5444,126.9848
202330200000900665,37.528031,126.998009
202430200000900123,37.5442,126.9844
202330200000900321,37.541546,126.961293
202430200000900380,37.5328,126.9735
202330200000900085,37.545089,126.983028
202430200000900130,37.5426,126.9875
202430200000900546,37.5359,126.9876
202430200000900549,37.5364,126.9875
202430200000900347,37.5434,126.9596
202430200000900144,37.5461,126.9732
202330200000900254,37.537458,126.963865
202430200000900642,37.5309,127.006
202330200000900176,37.551028,126.966384
202430200000900386,37.5261,126.9634
202330200000900439,37.520455,126.967397
202430200000900013,37.5481,126.9762
202430200000900044,37.5483,126.9823
202430200000900221,37.5539,126.9669
202430200000900048,37.552,126.979
202330200000900011,37.553241,126.978719
202330200000900416,37.520969,126.966012
202330200000900619,37.518898,126.983263
202330200000900049,37.548354,126.979797
202430200000900234,37.5512,126.9628
202430200000900453,37.5179,126.9815
202330200000900493,37.532641,126.991747
202430200000900092,37.5451,126.9872
202430200000900460,37.5205,126.9673
202330200000900110,37.544312,126.982325
202430200000900139,37.5497,126.9747
202430200000900498,37.5319,126.9921
202430200000900669,37.5258,126.9962
202330200000900339,37.537218,126.953718
202330200000900021,37.546613,126.977112
202330200000900225,37.545187,126.968063
202330200000900331,37.539232,126.961283
202430200000900365,37.5359,126.9599
202330200000900117,37.544313,126.983063
202430200000900363,37.5384,126.9621
202330200000900046,37.552025,126.979091
202330200000900448,37.524177,126.956539
202430200000900021,37.5475,126.9774
202330200000900207,37.548681,126.964487
202430200000900364,37.5387,126.9603
202330200000900051,37.550187,126.978938
202330200000900366,37.524595,126.965529
202330200000900444,37.517656,126.977588
202430200000900615,37.5369,127.0011
202430200000900694,37.5204,126.9894
202330200000900144,37.541659,126.97433
202330200000900635,37.522434,126.999847
202430200000900454,37.5179,126.9829
202330200000900523,37.536626,126.989387
202330200000900035,37.552309,126.978312
202430200000900672,37.5224,126.998
202330200000900554,37.53536,127.000374
202330200000900407,37.522302,126.967246
202430200000900202,37.5492,126.9661
202430200000900643,37.5284,127.0051
202430200000900141,37.5529,126.9752
202330200000900141,37.543616,126.973336
202430200000900713,37.5308,127.0022
202430200000900499,37.533,126.9937
202330200000900631,37.523351,126.992402
202430200000900477,37.5253,126.9557
202430200000900093,37.545,126.9883
202330200000900630,37.523934,126.996415
202330200000900216,37.543917,126.963554
202430200000900339,37.5475,126.9617
202330200000900557,37.531953,127.000535
202430200000900459,37.5196,126.9806
202330200000900028,37.550851,126.979817
202330200000900604,37.531688,127.008062
202330200000900564,37.530015,127.008629
202430200000900605,37.53,127.0086
202430200000900609,37.5371,127.0061
202430200000900733,37.5267,127.001
202330200000900425,37.519603,126.974714
202430200000900215,37.5462,126.9695
202430200000900490,37.5222,126.9713
202430200000900292,37.5357,126.9532
202430200000900134,37.5455,126.9733
202430200000900370,37.5394,126.9581
202330200000900100,37.545581,126.988727
202330200000900474,37.535268,126.9925
202330200000900544,37.539668,126.993655
202330200000900053,37.550938,126.978188
202430200000900226,37.5456,126.9667
202430200000900527,37.5344,126.9925
202330200000900192,37.549464,126.964239
202430200000900496,37.5356,126.9898
202330200000900092,37.543317,126.988084
202330200000900396,37.532715,126.972099
202330200000900087,37.54405,126.987427
202430200000900230,37.5466,126.9685
202330200000900463,37.522547,126.961338
202430200000900178,37.5526,126.9641
202330200000900124,37.546839,126.98403
202330200000900151,37.546378,126.97444
202430200000900441,37.5221,126.9712
202430200000900323,37.5401,126.963
202430200000900510,37.5336,126.9905
202430200000900684,37.5213,126.9965
202330200000900073,37.545709,126.9884
202430200000900390,37.5232,126.9641
202330200000900322,37.540524,126.963855
202430200000900200,37.552,126.968
202430200000900500,37.5324,126.9936
202330200000900587,37.530315,127.007026
202430200000900360,37.5373,126.9537
202330200000900132,37.552619,126.973947
202430200000900714,37.5263,127.0028
202330200000900383,37.528408,126.969361
202430200000900521,37.5326,126.9917
202430200000900016,37.5481,126.9819
202330200000900006,37.547576,126.98011
202330200000900374,37.523748,126.960843
202330200000900182,37.546405,126.965822
202430200000900281,37.533,126.9526
202430200000900046,37.5468,126.9805
202330200000900088,37.545335,126.987351
202330200000900230,37.551187,126.962812
202330200000900348,37.537169,126.96097
202330200000900338,37.53805,126.963524
202430200000900150,37.552,126.975
202330200000900030,37.548477,126.983027
202330200000900528,37.541247,126.99574
202330200000900075,37.540665,126.960556
202430200000900185,37.5472,126.9634
202430200000900309,37.5353,126.9563
202430200000900272,37.5395,126.9665
202430200000900707,37.5304,127.001
202330200000900093,37.543681,126.989059
202330200000900451,37.529988,126.953127
202330200000900119,37.544688,126.985312
202430200000900529,37.5346,126.9944
202430200000900457,37.5208,126.9754
202430200000900388,37.5249,126.965
202330200000900430,37.518019,126.977997
202330200000900080,37.541452,126.986045
202330200000900655,37.52626,126.99759
202430200000900548,37.535,126.9882
202330200000900026,37.550548,126.976096
202430200000900463,37.5212,126.965
202430200000900525,37.5349,126.9918
202430200000900184,37.5434,126.9706
202430200000900613,37.5338,127.0058
202330200000900475,37.53222,126.996022
202330200000900120,37.544187,126.984437
202430200000900312,37.5399,126.9641
202330200000900651,37.526262,127.00302
202430200000900607,37.54,127.0016
202330200000900305,37.542649,126.958871
202330200000900199,37.542752,126.968315
202430200000900042,37.548,126.978
202330200000900174,37.552613,126.964203
202430200000900199,37.5543,126.9681
202430200000900469,37.5295,126.9535
202430200000900745,37.5304,127.0006
202330200000900424,37.543496,126.985279
202430200000900448,37.519,126.9771
202330200000900256,37.535433,126.963379
202330200000900356,37.53147,126.972185
202430200000900379,37.5298,126.9697
202330200000900273,37.534384,126.951363
202430200000900702,37.5256,126.9985
202430200000900718,37.5263,126.9975
202330200000900109,37.544108,126.982441
202330200000900436,37.520839,126.975395
202330200000900391,37.536965,126.974519
202430200000900662,37.536,127.0003
202430200000900553,37.5388,126.9921
202430200000900110,37.543,126.9848
202430200000900470,37.5242,126.9565
202430200000900371,37.5382,126.9603
202430200000900492,37.5335,126.9955
202430200000900128,37.5459,126.9873
202430200000900437,37.5197,126.97
202330200000900019,37.54757,126.977481
202330200000900431,37.518213,126.979097
202430200000900090,37.544,126.9874
202430200000900588,37.5326,127.0025
202430200000900660,37.5462,127.0049
202330200000900323,37.547519,126.961805
202330200000900500,37.550178,126.980571
202330200000900155,37.55285,126.975754
202430200000900726,37.527,127.0015
202430200000900623,37.5415,127.0043
202330200000900344,37.53596,126.959955
202330200000900571,37.528714,127.005509
202330200000900446,37.528142,126.954619
202430200000900011,37.5472,126.9818
202430200000900047,37.5467,126.983
202330200000900491,37.531381,126.994295
202430200000900097,37.5441,126.9838
202430200000900505,37.5319,126.997
202430200000900569,37.5407,126.996
202430200000900143,37.542,126.9718
202430200000900197,37.5424,126.9699
202330200000900325,37.548299,126.963096
202430200000900104,37.5462,126.9847
202430200000900166,37.5483,126.9634
202330200000900189,37.543395,126.968569
202330200000900636,37.520562,126.990062
202430200000900526,37.5344,126.9919
202330200000900294,37.535373,126.955738
202330200000900519,37.539281,126.993214
202330200000900004,37.54645,126.975146
202330200000900514,37.538327,126.993889
202330200000900283,37.536876,126.955458
202330200000900435,37.521567,126.972929
202430200000900550,37.5393,126.9931
202330200000900465,37.526812,126.955062
202330200000900428,37.520297,126.977005
202430200000900724,37.5277,126.9969
202430200000900287,37.5344,126.9513
202330200000900055,37.549296,126.981021
202330200000900662,37.526742,127.001039
202330200000900145,37.543028,126.971698
202330200000900005,37.548482,126.979252
202330200000900118,37.542709,126.987035
202430200000900007,37.5491,126.9802
202430200000900020,37.5484,126.9763
202430200000900156,37.543,126.9739
202330200000900414,37.520185,126.968263
202430200000900522,37.5319,126.9954
202330200000900214,37.548367,126.966514
202330200000900495,37.532198,126.993969
202430200000900074,37.5426,126.9839
202330200000900096,37.544411,126.984806
202330200000900266,37.539985,126.968091
202430200000900612,37.5287,127.0055
202330200000900511,37.540883,126.993353
202430200000900014,37.5479,126.9767
202430200000900078,37.5448,126.9869
202330200000900039,37.546108,126.976788
202330200000900546,37.543052,126.990056
202330200000900641,37.530303,127.003151
202430200000900558,37.536,126.9896
202430200000900659,37.5463,127.003
202330200000900471,37.531879,126.992158
202430200000900285,37.5343,126.9577
202430200000900484,37.5233,126.9568
202330200000900265,37.538969,126.96808
202330200000900588,37.534333,127.012476
202430200000900438,37.5191,126.9717
202430200000900444,37.5211,126.9745
202430200000900196,37.5494,126.9642
202330200000900173,37.550606,126.966888
202330200000900271,37.535268,126.953349
202330200000900034,37.550546,126.980887
202430200000900257,37.5365,126.9638
202330200000900195,37.554319,126.968102
202430200000900211,37.5487,126.9644
202430200000900029,37.5504,126.9785
202430200000900227,37.5462,126.9674
202430200000900538,37.538,126.9895
202430200000900673,37.5188,126.9832
202330200000900415,37.520235,126.969203
202330200000900452,37.525767,126.954454
202430200000900026,37.5499,126.978
202430200000900536,37.5417,126.9931
202330200000900241,37.54375,126.962413
202430200000900065,37.5496,126.9819
202330200000900089,37.545126,126.98725
202330200000900269,37.533554,126.956371
202430200000900102,37.5453,126.984
202330200000900449,37.528045,126.953941
202430200000900056,37.5457,126.9777
202330200000900233,37.551741,126.964687
202430200000900410,37.5369,126.9745
202430200000900679,37.5194,126.9914
202430200000900116,37.5441,126.9879
202430200000900008,37.5496,126.9825
202330200000900281,37.536576,126.954321
202330200000900341,37.538756,126.958625
202430200000900647,37.5308,127.0102
202430200000900168,37.5469,126.9678
202330200000900503,37.533814,126.991878
202330200000900545,37.537821,126.990523
202330200000900257,37.536418,126.962032
202430200000900597,37.5309,127.0046
202430200000900391,37.5245,126.9619
202330200000900309,37.540128,126.961653
202430200000900264,37.5354,126.9633
202330200000900652,37.531338,126.999028
202430200000900302,37.5355,126.9528
202430200000900474,37.5258,126.9544
202330200000900263,37.53936,126.970048
202430200000900540,37.5358,126.9886
202430200000900106,37.5455,126.9819
202330200000900252,37.535934,126.96415
202430200000900593,37.533,126.9979
202430200000900170,37.5439,126.9677
202330200000900637,37.522813,126.998063
202330200000900638,37.523782,126.996708
202330200000900661,37.525638,127.001086
202330200000900128,37.549208,126.973222
202330200000900130,37.546974,126.973542
202430200000900177,37.5506,126.9669
202430200000900532,37.534,126.9941
202330200000900347,37.537272,126.954808
202330200000900589,37.539022,127.002793
202430200000900377,37.5327,126.9641
202430200000900157,37.5468,126.9722
202430200000900343,37.5427,126.9606
202430200000900731,37.5274,126.9983
202330200000900203,37.552036,126.966024
202430200000900136,37.5511,126.974
202330200000900314,37.540902,126.958917
202430200000900183,37.5526,126.9658
202430200000900086,37.5412,126.9853
202430200000900473,37.53,126.9531
202330200000900556,37.538995,127.012307
202430200000900045,37.5475,126.9833
202430200000900432,37.5218,126.9663
202430200000900606,37.5311,127.0024
202430200000900480,37.526,126.9564
202330200000900059,37.547312,126.981353
202430200000900411,37.5266,126.9625
202430200000900038,37.5465,126.9779
202430200000900337,37.5415,126.9612
202430200000900581,37.5397,126.9937
202430200000900497,37.5311,126.9958
202430200000900043,37.5475,126.9841
202330200000900346,37.538407,126.959658
202430200000900241,37.5493,126.9649
202430200000900721,37.525,126.9977
202330200000900126,37.539498,126.986415
202330200000900671,37.530687,127.001812
202330200000900156,37.551526,126.967572
202430200000900599,37.5295,127.006
202330200000900406,37.524413,126.961357
202330200000900111,37.543838,126.986709
202430200000900274,37.5399,126.968
202430200000900161,37.5534,126.9686
202430200000900067,37.5467,126.9761
202430200000900384,37.5326,126.9575
202330200000900400,37.528562,126.965688
202430200000900382,37.5332,126.974
202430200000900204,37.5429,126.9686
202330200000900412,37.525149,126.961064
202430200000900703,37.5231,127.0008
202430200000900326,37.5415,126.9585
202430200000900467,37.5281,126.9545
202430200000900357,37.5378,126.9563
202330200000900473,37.535164,126.990959
202430200000900036,37.5505,126.9808
202330200000900573,37.537821,127.002595
202330200000900477,37.53194,126.997012
202330200000900262,37.534431,126.96782
202330200000900520,37.540124,126.994634
202430200000900491,37.5329,126.9925
202330200000900389,37.523881,126.967868
202430200000900342,37.5483,126.9632
202430200000900085,37.5435,126.9841
202330200000900106,37.546363,126.981912
202430200000900654,37.5309,127.0099
202330200000900319,37.542376,126.963398
202430200000900366,37.5371,126.9544
202330200000900581,37.545505,127.003308
202330200000900274,37.534771,126.952676
202330200000900001,37.551584,126.978868
202330200000900379,37.524279,126.959543
202330200000900103,37.545456,126.981995
202430200000900248,37.5419,126.9689
202430200000900209,37.5514,126.9683
202330200000900045,37.546726,126.983033
202430200000900320,37.5426,126.9588
202330200000900617,37.521848,126.995577
202430200000900736,37.5275,127.0036
202430200000900478,37.5298,126.9543
202430200000900250,37.5342,126.9621
202430200000900676,37.5222,126.9909
202430200000900534,37.5378,126.9919
202430200000900072,37.5458,126.9831
202430200000900509,37.5318,126.9961
202430200000900743,37.5308,127.0017
202330200000900249,37.536558,126.96382
202430200000900617,37.5367,127.0065
202330200000900036,37.546459,126.977914
202330200000900190,37.550438,126.965046
202430200000900118,37.5416,126.9844
202430200000900040,37.5495,126.9769
202430200000900602,37.5376,127.0036
202330200000900123,37.544684,126.989822
202430200000900725,37.5251,127.0009
202330200000900235,37.552138,126.965573
202330200000900610,37.532901,127.008522
202330200000900673,37.530486,127.000622
202330200000900032,37.551595,126.98119
202430200000900080,37.5425,126.9856
202430200000900740,37.5259,126.9972
202430200000900723,37.5284,127.0001
202330200000900485,37.533971,126.994962
202430200000900531,37.5338,126.9919
202430200000900667,37.5229,126.999
202330200000900135,37.549732,126.974801
202430200000900108,37.5415,126.9853
202330200000900363,37.524933,126.960595
202430200000900301,37.5364,126.9515
202430200000900232,37.5527,126.9669
202330200000900462,37.524443,126.956861
202430200000900430,37.5306,126.9701
202430200000900556,37.5413,126.991
202330200000900432,37.517846,126.981559
202330200000900634,37.520316,126.991946
202430200000900688,37.524,126.9963
202430200000900392,37.5256,126.9621
202430200000900632,37.5357,126.9983
202330200000900204,37.547819,126.968206
202330200000900370,37.534311,126.97195
202330200000900567,37.538165,127.004623
202430200000900547,37.5372,126.9876
202430200000900140,37.5476,126.9724
202430200000900403,37.5343,126.9755
202330200000900501,37.547693,126.975496
202330200000900133,37.552464,126.975289
202430200000900208,37.5478,126.9682
202430200000900518,37.5325,126.9913
202330200000900213,37.547661,126.9677
202330200000900355,37.532651,126.964202
202330200000900050,37.553554,126.976546
202430200000900458,37.5184,126.9768
202330200000900569,37.529953,127.005951
202330200000900013,37.548053,126.976501
202430200000900557,37.5368,126.9876
202330200000900490,37.532431,126.991303
202430200000900741,37.53,127.0023
202430200000900709,37.5307,126.9989
202330200000900236,37.548916,126.967954
202430200000900244,37.5427,126.9684
202430200000900575,37.5418,126.9924
202330200000900496,37.534803,126.991399
202430200000900732,37.5292,126.9987
202330200000900434,37.52228,126.973266
202430200000900069,37.5499,126.9762
202330200000900031,37.551744,126.977212
202330200000900583,37.534252,126.997802
202330200000900072,37.542601,126.983925
202430200000900052,37.5535,126.9766
202430200000900358,37.5372,126.9595
202330200000900565,37.531165,127.002411
202430200000900727,37.5308,126.9999
202430200000900449,37.5203,126.977
202330200000900245,37.534995,126.963585
202430200000900059,37.5501,126.9806
202430200000900728,37.5263,126.9987
202430200000900681,37.5224,126.9924
202430200000900590,37.5363,127.0014
202330200000900307,37.546683,126.962338
202330200000900644,37.530359,127.001014
202430200000900201,37.5514,126.9653
202330200000900276,37.53433,126.956396
202330200000900007,37.549177,126.98027
202430200000900512,37.5319,126.9942
202430200000900653,37.5371,127.0138
202330200000900362,37.532634,126.957503
202330200000900157,37.553445,126.968574
202330200000900333,37.537797,126.961152
202330200000900301,37.542249,126.960801
202430200000900087,37.544,126.9818
202430200000900017,37.5498,126.9794
202430200000900276,37.5384,126.9678
202330200000900167,37.543536,126.965028
202330200000900450,37.5312,126.954556
202430200000900270,37.5344,126.9677
202330200000900529,37.538314,126.994594
202430200000900535,37.5386,126.9906
202430200000900214,37.5527,126.9679
202330200000900388,37.533659,126.975027
202430200000900262,37.5374,126.9638
202430200000900429,37.5315,126.9697
202330200000900052,37.549937,126.979938
202430200000900235,37.5505,126.9691
202430200000900233,37.5509,126.9636
202430200000900560,37.5412,126.9916
202330200000900188,37.549442,126.967703
202330200000900427,37.518925,126.97708
202330200000900184,37.547182,126.966132
202330200000900654,37.526924,127.002359
202330200000900310,37.540127,126.962123
202330200000900659,37.531434,126.997049
202330200000900056,37.550645,126.979707
202330200000900442,37.52122,126.965061
202430200000900289,37.5351,126.9555
202430200000900314,37.5409,126.9633
202430200000900393,37.5343,126.9719
202330200000900392,37.526453,126.962786
202330200000900429,37.518995,126.980539
202430200000900555,37.543,126.9904
202330200000900178,37.542652,126.969411
202430200000900586,37.5326,127.004
202330200000900559,37.531116,127.010308
202330200000900508,37.541836,126.991836
202430200000900524,37.5348,126.9914
202430200000900502,37.5353,126.9925
202330200000900648,37.525662,126.999208
202330200000900458,37.527063,126.954032
202430200000900151,37.5454,126.9741
202430200000900132,37.5473,126.9737
202430200000900424,37.5237,126.9681
202430200000900245,37.543,126.9686
202330200000900206,37.551009,126.964655
202430200000900188,37.5472,126.966
202430200000900440,37.5221,126.9699
202330200000900205,37.551407,126.968343
202430200000900466,37.5235,126.9601
202430200000900163,37.5497,126.9673
202430200000900308,37.5353,126.9557
202430200000900452,37.5181,126.9791
202330200000900270,37.533028,126.952618
202430200000900253,37.5377,126.9646
202330200000900142,37.550132,126.973862
202330200000900295,37.535317,126.956341
202430200000900138,37.5517,126.9747
202430200000900318,37.5417,126.9639
202330200000900113,37.544146,126.987929
202430200000900159,37.5527,126.9758
202330200000900646,37.530703,126.998959
202430200000900514,37.5329,126.9912
202430200000900242,37.5516,126.9686
202330200000900297,37.534165,126.957511
202430200000900670,37.5236,126.9936
202330200000900306,37.541397,126.960492
202430200000900626,37.534,127.0001
202330200000900359,37.534545,126.97512
202330200000900244,37.534267,126.962189
202330200000900066,37.55402,126.97773
202430200000900594,37.5333,126.9989
202330200000900585,37.532607,126.999508
202430200000900465,37.5177,126.9777
202430200000900394,37.5349,126.9729
202430200000900655,37.539,127.0036
202330200000900148,37.547537,126.973077
202330200000900649,37.529764,127.000256
202430200000900282,37.5352,126.9533
202330200000900221,37.545313,126.967062
202330200000900326,37.548301,126.9632
202330200000900470,37.535619,126.989815
202330200000900330,37.538215,126.962023
202430200000900279,37.5386,126.9666
202430200000900576,37.5419,126.9934
202330200000900040,37.547963,126.977988
202330200000900625,37.522433,126.992489
202430200000900455,37.5223,126.9733
202430200000900383,37.5336,126.9639
202330200000900094,37.543971,126.983742
202430200000900095,37.5433,126.988
202430200000900592,37.5353,127.0003
202330200000900179,37.552644,126.965806
202330200000900645,37.531088,127.000856
202430200000900310,37.5355,126.9545
202430200000900705,37.5294,127.0021
202330200000900549,37.532578,127.00408
202330200000900574,37.536905,127.001171
202430200000900186,37.5464,126.9658
202330200000900507,37.541713,126.993126
202330200000900298,37.539855,126.964255
202330200000900250,37.537156,126.965664
202430200000900481,37.5271,126.954
202330200000900125,37.545778,126.987439
202330200000900394,37.531382,126.971524
202430200000900238,37.5521,126.9646
202330200000900082,37.543537,126.984153
202430200000900513,37.534,126.9949
202430200000900344,37.5416,126.9617
202430200000900190,37.5433,126.9671
202330200000900078,37.542527,126.985651
202430200000900595,37.539,127.0123
202430200000900680,37.5223,126.9958
202430200000900409,37.5372,126.9715
202430200000900494,37.5344,126.9882
202330200000900139,37.541926,126.971866
202330200000900315,37.542812,126.959635
202330200000900101,37.546208,126.984765
202330200000900134,37.551717,126.97475
202330200000900057,37.550178,126.980571
202330200000900506,37.537807,126.991987
202330200000900575,37.529608,127.004876
202430200000900176,37.5438,126.9664
202430200000900126,37.5446,126.9897
202330200000900229,37.550938,126.963562
202430200000900062,37.5475,126.974
202330200000900640,37.527769,126.99812
202330200000900042,37.548283,126.982368
202330200000900267,37.538562,126.964812
202430200000900258,37.5371,126.9657
202330200000900620,37.522279,126.990873
202330200000900136,37.547633,126.972506
202430200000900708,37.531,127.0008
202430200000900704,37.5303,127.0031
202330200000900304,37.544885,126.963136
202330200000900380,37.534293,126.97565
202430200000900583,37.5428,126.9901
202430200000900566,37.5383,126.9946
202330200000900154,37.541659,126.973746
202330200000900060,37.547619,126.974128
202430200000900691,37.5224,126.9939
202430200000900256,37.5394,126.9659
202330200000900386,37.528408,126.969361
202330200000900642,37.529535,127.00209
202330200000900280,37.534789,126.956852
202430200000900329,37.5409,126.9589
202330200000900170,37.545376,126.965527
202430200000900720,37.5303,126.9981
202330200000900208,37.549509,126.968454
202330200000900375,37.522486,126.963469
202330200000900317,37.543145,126.963814
202330200000900161,37.548511,126.968368
202430200000900246,37.5444,126.9692
202430200000900729,37.5268,126.9973
202430200000900198,37.5518,126.9643
202430200000900692,37.5203,126.9919
202430200000900002,37.5493,126.9748
202430200000900610,37.5299,127.0059
202430200000900175,37.543,126.9675
202430200000900070,37.549,126.9824
202330200000900061,37.548287,126.974346
202430200000900543,37.5375,126.9886
202430200000900037,37.5522,126.9783
202430200000900697,37.5168,126.983
202430200000900353,37.5374,126.9604
202430200000900206,37.5513,126.9642
202430200000900401,37.5315,126.9684
202430200000900649,37.5323,127.0009
202430200000900368,37.5373,126.9548
202330200000900038,37.549503,126.976895
202330200000900197,37.551451,126.965266
202330200000900443,37.520706,126.970645
202330200000900212,37.550319,126.963689
202330200000900313,37.541389,126.959645
202330200000900251,37.534907,126.964533
202430200000900058,37.5506,126.9797
202430200000900664,37.5177,126.9837
202430200000900428,37.5308,126.9715
202330200000900048,37.548403,126.977223
202430200000900533,37.5344,126.9955
202430200000900004,37.5465,126.9752
202430200000900413,37.5313,126.9715
202330200000900486,37.532914,126.991189
202430200000900625,37.5343,126.9978
202330200000900234,37.552183,126.964603
202330200000900261,37.539107,126.968999
202430200000900734,37.5283,126.9983
202330200000900147,37.545437,126.974187
202430200000900236,37.5532,126.9671
202430200000900317,37.54,126.961
202330200000900622,37.523433,126.994075
202430200000900563,37.539,126.9903
202330200000900064,37.550988,126.980273
202430200000900077,37.5407,126.9606
202330200000900127,37.54277,126.98767
202430200000900223,37.5508,126.9656
202330200000900505,37.53435,126.995491
202330200000900196,37.552077,126.968014
202430200000900307,37.5349,126.9553
202430200000900333,37.5431,126.9638
202430200000900589,37.534,127.0026
202330200000900303,37.540037,126.961014
202430200000900173,37.5465,126.9671
202430200000900418,37.5345,126.9708
202430200000900666,37.5176,126.9834
202430200000900171,37.5435,126.965
202430200000900049,37.5487,126.9744
202430200000900616,37.5296,127.0048
202430200000900060,37.5477,126.9754
202430200000900105,37.5433,126.9871
202330200000900594,37.536235,126.998723
202430200000900179,37.5459,126.9693
202330200000900041,37.547554,126.984161
202330200000900290,37.53262,126.955641
202430200000900711,37.5256,126.9992
202330200000900153,37.547126,126.97237
202430200000900194,37.5504,126.965
202430200000900517,37.5324,126.9953
202430200000900572,37.5373,126.9911
202330200000900413,37.521716,126.966183
202330200000900472,37.532424,126.993638
202430200000900398,37.5225,126.9634
202330200000900318,37.541276,126.962747
202330200000900453,37.523202,126.958405
202430200000900027,37.547,126.9795
202330200000900613,37.53539,126.999132
202430200000900147,37.5468,126.973
202430200000900119,37.5437,126.9874
202430200000900181,37.5473,126.965
202330200000900095,37.542863,126.987875
202330200000900185,37.550724,126.964097
202330200000900202,37.551345,126.964234
202430200000900635,37.5292,127.0067
202430200000900374,37.5302,126.9674
202330200000900418,37.519649,126.970023
202430200000900229,37.5451,126.9674
202430200000900212,37.5495,126.9685
202430200000900205,37.5523,126.9673
202330200000900426,37.519214,126.978575
202330200000900531,37.541655,126.990644
202330200000900023,37.54886,126.981524
202330200000900540,37.541438,126.992312
202330200000900479,37.535509,126.991701
202330200000900232,37.553224,126.967127
202330200000900264,37.539474,126.966534
202430200000900685,37.5231,126.9957
202330200000900478,37.535084,126.995335
202430200000900568,37.5416,126.9906
202430200000900195,37.5453,126.9692
202430200000900338,37.5405,126.9638
202330200000900602,37.534188,127.003563
202330200000900395,37.532083,126.972184
202430200000900622,37.5455,127.0033
202330200000900201,37.552319,126.967327
202330200000900312,37.542478,126.964679
202330200000900373,37.523893,126.964046
202330200000900628,37.520382,126.993434
202430200000900135,37.5526,126.9739
202330200000900063,37.549677,126.981909
202430200000900332,37.5442,126.958
202330200000900667,37.531985,126.999067
202330200000900027,37.550424,126.97849
202430200000900361,37.539,126.9579
202330200000900522,37.538783,126.992185
202330200000900198,37.549179,126.966211
202330200000900660,37.530795,126.999865
202330200000900492,37.533283,126.989833
202330200000900160,37.547978,126.966981
202330200000900070,37.545778,126.983146
202330200000900409,37.530836,126.971462
202430200000900628,37.5447,127.0033
202330200000900650,37.530756,127.002289
202430200000900650,37.5303,127.0095
202430200000900489,37.526,126.9558
202430200000900050,37.5484,126.9772
202430200000900315,37.5422,126.9607
202330200000900372,37.525517,126.965056
202430200000900350,37.5446,126.9608
202430200000900336,37.5462,126.9612
202430200000900294,37.5347,126.9568
202330200000900656,37.527722,127.00107
202330200000900502,37.554029,126.977674
202430200000900580,37.5401,126.9912
202430200000900054,37.5499,126.9801
202330200000900353,37.533514,126.969904
202330200000900666,37.531499,126.997862
202330200000900071,37.545863,126.984362
202430200000900216,37.5502,126.9637
202330200000900499,37.550645,126.979707
202330200000900562,37.544283,127.002853
202430200000900587,37.5319,127.0041
202430200000900686,37.5203,126.9934
202430200000900041,37.5461,126.9767
202330200000900484,37.531938,126.994249
202330200000900121,37.543437,126.983563
202330200000900240,37.544331,126.969093
202430200000900451,37.518,126.9779
202430200000900260,37.5359,126.964
202430200000900346,37.5399,126.9607
202430200000900006,37.5475,126.9801
202430200000900277,37.5347,126.9628
202430200000900408,37.5239,126.9678
202430200000900075,37.5457,126.9884
202330200000900532,37.540702,126.995983
202430200000900305,37.5332,126.9536
202430200000900405,37.5307,126.9709
202430200000900330,37.5428,126.9596
202330200000900291,37.533184,126.953668
202430200000900228,37.5458,126.9696
202430200000900604,37.5352,127.0107
202430200000900351,37.5382,126.962
202430200000900719,37.5277,127.001
202330200000900200,37.542946,126.968664
202330200000900378,37.531527,126.968475
202430200000900630,37.5343,127.0124
202330200000900012,37.548155,126.976278
202430200000900120,37.5443,126.9829
202430200000900737,37.528,126.998
202430200000900603,37.5443,127.0028
202430200000900648,37.5292,127.008
202430200000900028,37.5505,126.9761
202430200000900290,37.5343,126.9563
202430200000900385,37.5249,126.9605
202430200000900180,37.551,126.9664
202330200000900459,37.527571,126.954524
202430200000900051,37.5484,126.9798
202330200000900194,37.551762,126.964301
202430200000900124,37.5434,126.9836
202330200000900357,37.529824,126.969805
202430200000900486,37.5226,126.9614
202330200000900445,37.523468,126.960061
202430200000900324,37.5401,126.9616
202330200000900541,37.537351,126.992459
202330200000900335,37.536495,126.956022
202430200000900220,37.5439,126.9635
202430200000900373,37.5367,126.9599
202330200000900476,37.531469,126.996524
202430200000900224,37.5442,126.9686
202430200000900614,37.5378,127.0025
202330200000900572,37.533791,127.005812
202330200000900166,37.543928,126.967815
202430200000900154,37.5451,126.9728
202330200000900115,37.541604,126.984472
202330200000900560,37.527998,127.005736
202430200000900073,37.5459,126.9843
202330200000900397,37.533817,126.967838
202430200000900378,37.5314,126.9721
202330200000900238,37.551564,126.968891
202330200000900509,37.537999,126.98954
202430200000900192,37.5494,126.9677
202430200000900520,37.5333,126.9898
202330200000900606,37.529542,127.008793
202430200000900689,37.5233,126.9924
202330200000900308,37.540123,126.96305
202330200000900217,37.553887,126.966955
202330200000900609,37.532,127.005366
202330200000900481,37.531777,126.996164
202430200000900598,37.5426,127.0023
202330200000900105,37.541519,126.985306
202330200000900441,37.518988,126.979479
202330200000900352,37.530125,126.967415
202330200000900183,37.550483,126.967674
202430200000900362,37.5388,126.9586
202330200000900349,37.539425,126.958122
202430200000900352,37.5394,126.9615
202330200000900405,37.523833,126.968142
202430200000900421,37.5251,126.963
202430200000900695,37.5228,126.9978
202430200000900567,37.5388,126.9891
202330200000900669,37.530058,127.00228
202430200000900341,37.5483,126.963
202430200000900475,37.5232,126.9584
202330200000900658,37.525011,126.997628
202330200000900533,37.539342,126.995404
202430200000900071,37.5469,126.9789
202330200000900633,37.522399,126.993969
202430200000900541,37.5421,126.994
202330200000900327,37.542742,126.960492
202430200000900445,37.5216,126.9753
202330200000900670,37.529248,127.001662
202430200000900427,37.5231,126.9702
202430200000900426,37.5224,126.9685
202430200000900107,37.5442,126.9881
202430200000900562,37.5422,126.9906
202330200000900487,37.542709,126.987035
202330200000900417,37.519922,126.966975
202430200000900098,37.5429,126.9878
202330200000900385,37.528408,126.969361
202430200000900356,37.5365,126.956
202330200000900260,37.536887,126.963536
202330200000900568,37.537092,127.006175
202330200000900361,37.533438,126.963942
202330200000900455,37.529802,126.954393
202430200000900354,37.5378,126.9611
202330200000900222,37.545687,126.966813
202430200000900389,37.5231,126.968
202330200000900672,37.52672,127.003251
202430200000900634,37.5307,127.0111
202330200000900165,37.544795,126.966919
202330200000900122,37.545259,126.984708
202330200000900143,37.546783,126.972963
202330200000900292,37.533878,126.951809
202430200000900658,37.5431,127.0039
202430200000900313,37.5414,126.9622
202430200000900023,37.5466,126.9771
202330200000900584,37.534007,127.000062
202430200000900035,37.5464,126.9827
202430200000900657,37.5462,127.0045
202430200000900488,37.5273,126.955
202430200000900165,37.5485,126.9684
202430200000900699,37.5286,127.0017
202430200000900266,37.5349,126.9666
202430200000900137,37.5524,126.9752
202430200000900091,37.5453,126.9873
202330200000900586,37.544791,127.003396
202330200000900008,37.5496,126.982527
202330200000900393,37.529689,126.970453
202330200000900466,37.525961,126.95603
202330200000900017,37.552154,126.976705
202430200000900328,37.5414,126.9596
202330200000900247,37.53911,126.965013
202430200000900545,37.5383,126.9938
202430200000900621,37.5453,127.0033
202430200000900155,37.5462,126.9745
202430200000900145,37.5436,126.9733
202330200000900342,37.538437,126.962105
202330200000900538,37.541688,126.992563
202430200000900717,37.5269,127.0024
202430200000900189,37.5507,126.964
202330200000900016,37.549136,126.976056
202330200000900615,37.517878,126.985345
202330200000900598,37.533167,127.001536
202330200000900114,37.545551,126.983704
202330200000900555,37.533014,126.997953
202330200000900340,37.538974,126.957915
202330200000900180,37.543426,126.970622
202330200000900457,37.526043,126.956491
202330200000900402,37.525131,126.963003
202430200000900450,37.519,126.9805
202430200000900407,37.5337,126.975
202330200000900020,37.550412,126.982464
202330200000900324,37.543937,126.961062
202430200000900402,37.5243,126.9595
202430200000900355,37.5362,126.9602
202330200000900131,37.545517,126.973386
202430200000900259,37.5349,126.9644
202430200000900637,37.5334,127.0007
202430200000900472,37.5312,126.9546
202330200000900663,37.528319,126.997304
202430200000900578,37.5373,126.9924
202330200000900358,37.532987,126.97351
202430200000900268,37.5369,126.9635
202430200000900084,37.5447,126.986
202430200000900456,37.5216,126.9729
202430200000900530,37.5335,126.989
202430200000900528,37.5343,126.9934
202330200000900368,37.52454,126.961981
202330200000900138,37.542584,126.973595
202430200000900001,37.5516,126.9789
202430200000900701,37.5271,126.9972
202430200000900133,37.547,126.9735
202430200000900304,37.5326,126.9556
202430200000900515,37.5349,126.9926
202430200000900225,37.5452,126.9669
202330200000900468,37.534417,126.988296
202330200000900422,37.522102,126.971209
202330200000900390,37.537331,126.971562
202430200000900117,37.5455,126.9837
202430200000900739,37.532,126.999
202330200000900577,37.530653,127.003878
202330200000900632,37.521091,126.993247
202330200000900647,37.528428,126.999634
202330200000900614,37.51765,126.983661
202430200000900506,37.5351,126.9953
202330200000900410,37.531314,126.969396
202430200000900539,37.5367,126.9887
202430200000900096,37.5437,126.9891
202330200000900360,37.533155,126.973996
202330200000900627,37.522788,126.997361
202430200000900698,37.5306,126.9977
202430200000900483,37.5269,126.9545
202430200000900280,37.5335,126.9563
202430200000900298,37.5363,126.9553
202430200000900744,37.5267,127.0032
202430200000900415,37.5327,126.9721
202430200000900088,37.5451,126.983
202330200000900084,37.544047,126.98186
202330200000900272,37.534513,126.953166
202430200000900554,37.5366,126.9893
202330200000900566,37.539934,127.0017
202430200000900158,37.5415,126.9738
202430200000900442,37.5226,126.9712
202430200000900083,37.5423,126.9866
202430200000900153,37.5495,126.9733
202430200000900511,37.5343,126.9889
202430200000900103,37.5456,126.9887
202330200000900037,37.550432,126.974874
202430200000900293,37.5361,126.951
202430200000900446,37.5195,126.9747
202330200000900548,37.529361,127.005223
202430200000900710,37.5284,126.9996
202430200000900425,37.5244,126.9614
202430200000900381,37.5345,126.9751
202330200000900399,37.533938,126.970938
202430200000900544,37.5371,126.9905
202330200000900220,37.544187,126.968437
202430200000900271,37.5393,126.9701
202330200000900384,37.528408,126.969361
202430200000900640,37.5331,127.0015
202330200000900215,37.545468,126.967697
202330200000900171,37.543028,126.967554
202330200000900332,37.537504,126.960418
202430200000900579,37.5383,126.9886
202430200000900561,37.538,126.9892
202330200000900083,37.54121,126.985379
202330200000900408,37.52305,126.970313
202430200000900414,37.532,126.9722
202430200000900076,37.5454,126.9888
202330200000900302,37.541048,126.958247
202430200000900591,37.5358,127.0011
202330200000900018,37.548388,126.97635
202430200000900443,37.5434,126.9852
202330200000900371,37.534912,126.972948
202330200000900158,37.553177,126.966308
202430200000900706,37.5291,126.9999
202330200000900289,37.535146,126.952973
202330200000900152,37.542931,126.973865
202430200000900495,37.5332,126.9915
202430200000900335,37.5424,126.9634
202330200000900062,37.549677,126.981909
202430200000900182,37.5426,126.9694
202330200000900282,37.533268,126.955835
202330200000900186,37.543308,126.967092
202430200000900284,37.5334,126.9548
202330200000900483,37.534342,126.988881
202430200000900675,37.5244,126.9966
202330200000900337,37.537228,126.959579
202430200000900436,37.5199,126.967
202330200000900512,37.5375,126.988612
202330200000900248,37.539446,126.96593
202430200000900422,37.5263,126.9619
202430200000900146,37.5501,126.9738
202430200000900022,37.5504,126.9824
202330200000900420,37.52103,126.971741
202330200000900527,37.539553,126.991724
202330200000900582,37.534579,127.000708
202430200000900746,37.5258,127.0005
202430200000900682,37.5231,126.995
202430200000900109,37.5464,126.9818
202330200000900015,37.548121,126.982002
202430200000900265,37.5364,126.962
202330200000900550,37.531854,127.00419
202330200000900621,37.521781,126.992854
202330200000900219,37.550768,126.965541
202330200000900608,37.530324,127.009575
202430200000900435,37.521,126.9659
202430200000900068,37.5543,126.9773
202330200000900535,37.537437,126.991062
202430200000900247,37.5438,126.9624
202330200000900311,37.541546,126.958531
202430200000900243,37.5477,126.9665
202430200000900608,37.5382,127.0046
202430200000900485,37.5245,126.9568
202430200000900585,37.5293,127.0052
202330200000900003,37.547592,126.975769
202330200000900578,37.531833,127.002025
202430200000900142,37.5426,126.9735
202430200000900278,37.5383,126.9643
202330200000900259,37.536743,126.969824
202430200000900296,37.5333,126.9557
202430200000900025,37.5488,126.9815
202430200000900066,37.551,126.9803
202430200000900334,37.5413,126.9627
202430200000900327,37.5425,126.9647
202330200000900150,37.544958,126.972784
202330200000900014,37.551059,126.977431
202330200000900237,37.549176,126.964703
202430200000900537,37.5419,126.9917
202430200000900291,37.5357,126.9515
202330200000900626,37.523103,126.995077
202430200000900012,37.5532,126.9787
202330200000900469,37.533273,126.991512
202430200000900730,37.5257,127.0011
202330200000900278,37.535813,126.953249
202330200000900534,37.543404,126.990376
202430200000900174,37.5454,126.9655
202430200000900030,37.5508,126.9798
202330200000900404,37.534759,126.974339
202330200000900542,37.538419,126.988772
202330200000900345,37.53706,126.954373
202330200000900211,37.546188,126.969564
202330200000900668,37.525924,126.997277
202330200000900172,37.543831,126.966403
202330200000900558,37.542603,127.002317
202430200000900397,37.5237,126.9608
202430200000900631,37.539,127.0028
202330200000900488,37.533556,126.997021
202330200000900243,37.539579,126.964874
202330200000900137,37.552892,126.975189
202430200000900652,37.5327,127.0085
202430200000900100,37.5458,126.9863
202330200000900074,37.545365,126.988824
202430200000900121,37.5427,126.987
202430200000900213,37.5441,126.9708
202430200000900644,37.5339,127.0037
202430200000900167,37.5464,126.9634
202430200000900668,37.5219,126.9955
202330200000900351,37.536863,126.960008
202430200000900169,37.5448,126.9668
202330200000900285,37.534042,126.953084
202330200000900193,37.542401,126.969951
202330200000900591,37.528253,127.004963
202330200000900116,37.543688,126.987562
202430200000900129,37.5395,126.9865
202330200000900624,37.522248,126.995822
202330200000900611,37.532828,127.00419
202330200000900209,37.544115,126.970877
202430200000900633,37.5282,127.0049
202430200000900434,37.5201,126.9691
202330200000900077,37.544158,126.985789
202230300000900072,37.5361213,127.0533142
202230300000900114,37.5453987,127.0155563
202230300000900583,37.549892,127.067471
202230300000900436,37.5388832,127.0518188
202230300000900818,37.5493562,127.0455736
202230300000900169,37.5610656,127.0590515
202230300000900085,37.5531845,127.0676727
202230300000900816,37.5603393,127.0427735
202230300000900672,37.546318,127.0436401
202230300000900463,37.553112,127.0699768
202230300000900516,37.5612754,127.0290603
202230300000900034,37.563919,127.0346832
202230300000900814,37.5633506,127.0451736
202230300000900806,37.5513114,127.0201034
202230300000900534,37.5521354,127.0303955
202230300000900829,37.5492286,127.0323791
202230300000900756,37.5530281,127.0313339
202230300000900649,37.553646,127.0223464
202230300000900320,37.5602073,127.0427474
202230300000900106,37.5513343,127.0181884
202230300000900151,37.5491523,127.0191268
202230300000900643,37.5595779,127.0248565
202230300000900644,37.5431709,127.0208969
202230300000900355,37.5615196,127.0370483
202230300000900246,37.5586547,127.0306472
202230300000900833,37.541685,127.058115
202230300000900337,37.5583839,127.0723342
202230300000900554,37.5605812,127.0697097
202230300000900312,37.5676002,127.0259246
202230300000900645,37.5454025,127.0254592
202230300000900448,37.538002,127.0554962
202230300000900281,37.5480194,127.0403289
202230300000900130,37.5626564,127.0555343
202230300000900233,37.5641021,127.0445022
202230300000900836,37.5611228,127.0523605
202230300000900300,37.5475158,127.0435943
202230300000900049,37.5490074,127.0330429
202230300000900796,37.5578226,127.0245028
202230300000900442,37.5365257,127.0518341
202230300000900851,37.552477,127.022278
202230300000900332,37.5367851,127.0538635
202230300000900214,37.5456237,127.0457382
202230300000900671,37.546173,127.0444488
202230300000900550,37.56892,127.0347
202230300000900132,37.5659828,127.051918
202230300000900351,37.5494194,127.0650939
202230300000900633,37.5533828,127.0211715
202230300000900846,37.565019,127.03916
202230300000900110,37.5486717,127.016777
202230300000900605,37.5452766,127.0202407
202230300000900437,37.5384178,127.046379
202230300000900603,37.5536793,127.0272895
202230300000900864,37.5660514,127.0329132
202230300000900570,37.549918,127.057219
202230300000900326,37.5469589,127.0215225
202230300000900614,37.5499992,127.0458526
202230300000900690,37.5623893,127.04216
202230300000900619,37.5486221,127.0318679
202230300000900097,37.5649108,127.0438232
202230300000900418,37.5570793,127.0204772
202230300000900812,37.5602951,127.0314102
202230300000900275,37.5612106,127.0345916
202230300000900662,37.543675,127.053465
202230300000900710,37.5566711,127.0423736
202230300000900416,37.5525207,127.0326156
202230300000900119,37.5448493,127.0490798
202230300000900460,37.558834,127.072731
202230300000900621,37.5518684,127.0357284
202230300000900772,37.543067,127.044684
202230300000900415,37.550415,127.0334548
202230300000900068,37.539051,127.0570068
202230300000900404,37.5604553,127.0459289
202230300000900602,37.5486209,127.0310033
202230300000900067,37.5416488,127.0552291
202230300000900126,37.5427246,127.0572662
202230300000900774,37.564371,127.029106
202230300000900510,37.5486488,127.0233383
202230300000900588,37.541108,127.062561
202230300000900354,37.5613403,127.0397186
202230300000900402,37.5642318,127.0469512
202230300000900451,37.546433,127.0552
202230300000900666,37.566316,127.042047
202230300000900004,37.5673599,127.0517349
202230300000900143,37.5590858,127.0289688
202230300000900840,37.5476684,127.0423355
202230300000900347,37.5482368,127.0565872
202230300000900892,37.56496,127.034
202230300000900380,37.5604743,127.028717
202230300000900604,37.5457496,127.0087661
202230300000900790,37.5655864,127.0423891
202230300000900634,37.5664024,127.0247879
202230300000900713,37.5430831,127.0552902
202230300000900077,37.5419692,127.0597229
202230300000900167,37.5564994,127.0703735
202230300000900141,37.5622177,127.0466537
202230300000900838,37.5645217,127.0344772
202230300000900824,37.5647468,127.0274429
202230300000900594,37.566235,127.0458204
202230300000900098,37.5631561,127.0453567
202230300000900888,37.56586,127.0467
202230300000900232,37.5494246,127.0266638
202230300000900186,37.536869,127.0483856
202230300000900256,37.5462989,127.0185623
202230300000900697,37.5565528,127.0711898
202230300000900199,37.5544281,127.0200653
202230300000900184,37.5497741,127.019577
202230300000900678,37.5473213,127.0428466
202230300000900528,37.5505218,127.0463943
202230300000900519,37.5601234,127.0304031
202230300000900131,37.5619087,127.0533142
202230300000900026,37.5400581,127.0605316
202230300000900513,37.5423851,127.0472259
202230300000900503,37.5610389,127.0544052
202230300000900691,37.5643005,127.0411911
202230300000900855,37.536213,127.052357
202230300000900665,37.563273,127.056926
202230300000900609,37.5447463,127.0521697
202230300000900103,37.559494,127.0324249
202230300000900580,37.540165,127.046818
202230300000900490,37.5462799,127.0478363
202230300000900078,37.5418319,127.0629043
202230300000900867,37.5429191,127.0539474
202230300000900427,37.5475387,127.0195922
202230300000900364,37.5634918,127.0474548
202230300000900195,37.5606575,127.0339889
202230300000900066,37.5420188,127.0535964
202230300000900504,37.5494842,127.0126037
202230300000900762,37.5556025,127.0199128
202230300000900439,37.54953,127.0482101
202230300000900809,37.5685506,127.0349631
202230300000900399,37.5626411,127.0462265
202230300000900668,37.5553002,127.0320732
202230300000900804,37.5489385,127.0224864
202230300000900523,37.5496902,127.0534057
202230300000900431,37.5430946,127.0097808
202230300000900474,37.5667343,127.0518798
202230300000900064,37.535366,127.0578002
202230300000900598,37.5520362,127.0285186
202230300000900129,37.5638694,127.0529022
202230300000900677,37.5471343,127.0435562
202230300000900715,37.5603904,127.0662078
202230300000900611,37.5655825,127.0313208
202230300000900338,37.5625152,127.0513763
202230300000900308,37.5606307,127.0322723
202230300000900628,37.5481681,127.0307693
202230300000900653,37.562143,127.041361
202230300000900157,37.5420303,127.016365
202230300000900592,37.5710086,127.0409772
202230300000900800,37.5648996,127.0416106
202230300000900693,37.5510177,127.0682983
202230300000900845,37.562889,127.0418472
202230300000900357,37.5673217,127.027565
202230300000900309,37.5616149,127.0309066
202230300000900542,37.555275,127.033493
202230300000900848,37.557748,127.034689
202230300000900027,37.5361099,127.0556869
202230300000900564,37.545738,127.030609
202230300000900497,37.5580787,127.0296478
202230300000900038,37.5702667,127.0369873
202230300000900577,37.557177,127.042803
202230300000900178,37.5598144,127.0354309
202230300000900219,37.5597648,127.033287
202230300000900381,37.5633964,127.0287857
202230300000900207,37.5595936,127.0346204
202230300000900576,37.561352,127.031204
202230300000900489,37.5411224,127.0508575
202230300000900084,37.5493621,127.0642013
202230300000900147,37.5511093,127.0189056
202230300000900074,37.5513839,127.0453948
202230300000900267,37.5487785,127.0564956
202230300000900048,37.5583877,127.0376434
202230300000900881,37.553636,127.01929
202230300000900492,37.5525283,127.0473556
202230300000900213,37.5480957,127.049942
202230300000900005,37.5635757,127.050827
202230300000900322,37.5583953,127.0395507
202230300000900734,37.5710372,127.0235366
202230300000900801,37.5493511,127.0567687
202230300000900791,37.5478455,127.0161736
202230300000900712,37.5564422,127.0417785
202230300000900569,37.548761,127.060386
202230300000900378,37.566307,127.0308227
202230300000900733,37.5575141,127.0349807
202230300000900834,37.5497856,127.0649642
202230300000900842,37.5464744,127.0429458
202230300000900587,37.548569,127.051141
202230300000900370,37.5548782,127.0192718
202230300000900595,37.5444801,127.0090084
202230300000900482,37.5425758,127.0512771
202230300000900268,37.5518531,127.0673904
202230300000900764,37.553247,127.0333879
202230300000900028,37.5473976,127.0549697
202230300000900239,37.5650215,127.0343551
202230300000900714,37.5579605,127.0351715
202230300000900155,37.555912,127.0374069
202230300000900356,37.5660247,127.033142
202230300000900327,37.5394668,127.0109252
202230300000900565,37.55335,127.06673
202230300000900432,37.5430526,127.0155563
202230300000900390,37.5646743,127.0281295
202230300000900507,37.5587768,127.0386199
202230300000900568,37.549374,127.063598
202230300000900211,37.5487174,127.0622482
202230300000900526,37.561573,127.0546112
202230300000900465,37.5571022,127.0717315
202230300000900160,37.5395431,127.0487136
202230300000900566,37.554053,127.067857
202230300000900398,37.5599327,127.0459747
202230300000900173,37.5604972,127.0308456
202230300000900808,37.5367813,127.0594558
202230300000900803,37.5719109,127.0369252
202230300000900660,37.546861,127.064729
202230300000900065,37.5358695,127.0590362
202230300000900116,37.542221,127.04776
202230300000900161,37.5376052,127.0455245
202230300000900688,37.5632324,127.0424652
202230300000900280,37.5486907,127.0610198
202230300000900226,37.5667991,127.0510711
202230300000900220,37.5388298,127.059761
202230300000900471,37.5653038,127.051567
202230300000900759,37.5485506,127.0155004
202230300000900189,37.5512542,127.0677337
202230300000900088,37.5619392,127.0304489
202230300000900783,37.5465,127.044551
202230300000900424,37.5477981,127.0179443
202230300000900805,37.56345,127.05559
202230300000900530,37.5472068,127.0190353
202230300000900235,37.5487861,127.0229263
202230300000900032,37.5640449,127.0270919
202230300000900754,37.55785,127.030354
202230300000900608,37.5624369,127.0265596
202230300000900899,37.56007,127.069535
202230300000900177,37.5571174,127.0357589
202230300000900301,37.5678863,127.0330657
202230300000900311,37.5486145,127.024208
202230300000900819,37.5519905,127.066513
202230300000900441,37.5499801,127.0261154
202230300000900487,37.5402832,127.0546798
202230300000900384,37.5616149,127.0283889
202230300000900092,37.5651969,127.0355911
202230300000900412,37.5595932,127.0298995
202230300000900388,37.563282,127.0276718
202230300000900582,37.53841,127.057903
202230300000900007,37.5646972,127.0330276
202230300000900052,37.5528564,127.0307083
202230300000900221,37.5479812,127.0167694
202230300000900252,37.5489654,127.0240249
202230300000900003,37.5646209,127.053749
202230300000900707,37.5486564,127.0539703
202230300000900623,37.545166,127.0115203
202230300000900827,37.5481605,127.0205078
202230300000900223,37.5680847,127.0343246
202230300000900636,37.5491943,127.0217895
202230300000900346,37.5711936,127.0371093
202230300000900290,37.5667266,127.0455169
202230300000900572,37.548344,127.065557
202230300000900750,37.5444717,127.0469741
202230300000900874,37.5499954,127.0487747
202230300000900285,37.5497169,127.0318069
202230300000900545,37.553631,127.068866
202230300000900377,37.568,127.03239
202230300000900010,37.5618553,127.0336761
202230300000900890,37.56117,127.0411
202230300000900546,37.541233,127.0159759
202230300000900529,37.5537109,127.0453567
202230300000900136,37.5625839,127.037033
202230300000900673,37.5467224,127.0430603
202230300000900414,37.5502738,127.0329971
202230300000900765,37.5635499,127.036392
202230300000900023,37.5488014,127.0456466
202230300000900047,37.5601081,127.0452728
202230300000900087,37.5638809,127.0548019
202230300000900408,37.5596809,127.0359191
202230300000900751,37.550979,127.023173
202230300000900383,37.5615081,127.0299682
202230300000900464,37.5507354,127.0660629
202230300000900293,37.5699234,127.0331268
202230300000900515,37.560997,127.0302734
202230300000900138,37.5671081,127.0460968
202230300000900172,37.5610618,127.0324478
202230300000900578,37.557069,127.042757
202230300000900242,37.5642738,127.0430297
202230300000900045,37.5587501,127.0392837
202230300000900261,37.5431671,127.0493011
202230300000900150,37.5402297,127.0462188
202230300000900024,37.5395584,127.0578613
202230300000900861,37.5416908,127.0166168
202230300000900070,37.5374298,127.0508804
202230300000900165,37.5444602,127.0501785
202230300000900743,37.5418243,127.0493621
202230300000900785,37.564,127.036423
202230300000900495,37.5686721,127.0364379
202230300000900094,37.569622,127.0340423
202230300000900682,37.5633735,127.0396423
202230300000900470,37.5669441,127.0516662
202230300000900579,37.567346,127.032234
202230300000900289,37.5536308,127.0383224
202230300000900050,37.5494422,127.0310821
202230300000900652,37.57164,127.037344
202230300000900705,37.5490264,127.0530548
202230300000900102,37.5641822,127.0474166
202230300000900433,37.5456199,127.0463867
202230300000900870,37.54607,127.0470428
202230300000900372,37.5524864,127.0558395
202230300000900006,37.564186,127.034233
202230300000900775,37.546518,127.049119
202230300000900111,37.5521392,127.0188674
202230300000900373,37.5641136,127.0323715
202230300000900635,37.5664062,127.0278167
202230300000900168,37.5516853,127.0664901
202230300000900656,37.5370483,127.0555419
202230300000900625,37.5574455,127.0251617
202230300000900218,37.5622825,127.029747
202230300000900719,37.5428009,127.0169982
202230300000900019,37.5513496,127.0302505
202230300000900860,37.5431823,127.0162963
202230300000900847,37.560004,127.046212
202230300000900017,37.5618896,127.0410995
202230300000900265,37.5369949,127.0534133
202230300000900680,37.5476341,127.0408401
202230300000900090,37.5637702,127.0277404
202230300000900506,37.5627174,127.0289611
202230300000900125,37.5438537,127.0562973
202230300000900686,37.5642204,127.0425949
202230300000900426,37.54776,127.0190734
202230300000900389,37.5599098,127.0271377
202230300000900895,37.548489,127.043632
202230300000900303,37.5453262,127.0176467
202230300000900395,37.5676155,127.0373764
202230300000900459,37.5517845,127.0687713
202230300000900694,37.5523147,127.0676116
202230300000900878,37.5669937,127.0360641
202230300000900699,37.5574989,127.0720062
202230300000900013,37.5631179,127.0307388
202230300000900292,37.5533905,127.0249786
202230300000900807,37.5670433,127.0378265
202230300000900670,37.5495142,127.018689
202230300000900099,37.5683746,127.040512
202230300000900706,37.5483779,127.0538177
202230300000900571,37.551913,127.049632
202230300000900695,37.554058,127.0688858
202230300000900449,37.5379791,127.0569534
202230300000900429,37.5477409,127.0249938
202230300000900152,37.5456428,127.0164794
202230300000900060,37.5500106,127.0227737
202230300000900629,37.5492401,127.0301589
202230300000900781,37.550142,127.030879
202230300000900391,37.5690193,127.0335235
202230300000900089,37.5627517,127.0315093
202230300000900266,37.539112,127.0614929
202230300000900190,37.5629882,127.0519714
202230300000900722,37.5440483,127.0363464
202230300000900036,37.5671882,127.0309371
202230300000900163,37.5404777,127.0591049
202230300000900307,37.5475311,127.04216
202230300000900329,37.5375442,127.05027
202230300000900590,37.5636222,127.0482906
202230300000900061,37.5480613,127.018753
202230300000900257,37.5469779,127.0165786
202230300000900349,37.5468406,127.0510101
202230300000900871,37.5355072,127.0599136
202230300000900575,37.54433,127.057432
202230300000900001,37.560775,127.0547485
202230300000900527,37.563343,127.055931
202230300000900849,37.570627,127.042663
202230300000900586,37.541792,127.044081
202230300000900294,37.5619812,127.0572967
202230300000900866,37.5656509,127.0323562
202230300000900478,37.5447998,127.0531082
202230300000900788,37.5701727,127.0476695
202230300000900898,37.5612,127.064078
202230300000900823,37.5567665,127.0245208
202230300000900893,37.53978,127.0566
202230300000900044,37.5633239,127.046524
202230300000900494,37.5624122,127.0307083
202230300000900057,37.5518875,127.0210113
202230300000900558,37.54668,127.0649
202230300000900009,37.5620536,127.0345535
202230300000900083,37.5453529,127.0518722
202230300000900105,37.5582809,127.0362854
202230300000900709,37.5570411,127.0415802
202230300000900282,37.5672416,127.0374832
202230300000900254,37.551876,127.0201644
202230300000900248,37.5587196,127.0295562
202230300000900573,37.55563,127.034266
202230300000900149,37.5523605,127.0229187
202230300000900789,37.5479178,127.0270287
202230300000900369,37.5643959,127.0340652
202230300000900042,37.5608482,127.047203
202230300000900323,37.5623054,127.0480346
202230300000900120,37.5455207,127.0475006
202230300000900360,37.543457,127.0518188
202230300000900271,37.5602569,127.0643463
202230300000900744,37.554985,127.0406417
202230300000900273,37.5602378,127.0292129
202230300000900839,37.5501785,127.0503921
202230300000900518,37.561901,127.0293426
202230300000900654,37.550741,127.020431
202230300000900469,37.5635681,127.0553283
202230300000900396,37.5656318,127.0400314
202230300000900225,37.5630187,127.0338973
202230300000900286,37.5653686,127.0471572
202230300000900217,37.5395965,127.0618591
202230300000900405,37.5597267,127.0405578
202230300000900234,37.5575714,127.0205688
202230300000900321,37.5614547,127.0472564
202230300000900876,37.5691833,127.0375671
202230300000900825,37.5615844,127.0286254
202230300000900344,37.5539588,127.0295333
202230300000900820,37.561428,127.0330123
202230300000900333,37.5358581,127.0582733
202230300000900872,37.5357017,127.053482
202230300000900667,37.545487,127.011921
202230300000900727,37.5561332,127.0237426
202230300000900422,37.5522842,127.0223312
202230300000900040,37.5593872,127.0302276
202230300000900334,37.5473518,127.0608062
202230300000900737,37.5414123,127.0177383
202230300000900315,37.5610809,127.0321578
202230300000900197,37.547966,127.0202636
202230300000900200,37.5426559,127.0163955
202230300000900535,37.541132,127.017062
202230300000900209,37.5615921,127.0459594
202230300000900401,37.563076,127.0469207
202230300000900512,37.565689,127.0316314
202230300000900237,37.5533981,127.0176086
202230300000900900,37.548725,127.020137
202230300000900365,37.5605659,127.0492095
202230300000900446,37.534535,127.059559
202230300000900279,37.5660972,127.0415115
202230300000900747,37.561053,127.037494
202230300000900397,37.5622558,127.0424346
202230300000900520,37.5424957,127.0534133
202230300000900841,37.5469436,127.0411682
202230300000900171,37.5639953,127.0354537
202230300000900212,37.5501708,127.0676345
202230300000900059,37.5406227,127.0479278
202230300000900897,37.56249,127.055494
202230300000900607,37.5620642,127.0272664
202230300000900798,37.557447,127.0724555
202230300000900051,37.5531692,127.0297698
202230300000900183,37.5477752,127.0217666
202230300000900802,37.5428476,127.0622631
202230300000900483,37.542366,127.0505218
202230300000900708,37.5347328,127.0568008
202230300000900793,37.5475174,127.0470015
202230300000900058,37.5492019,127.0245971
202230300000900658,37.556979,127.038877
202230300000900076,37.548912,127.0425491
202230300000900720,37.5601158,127.0681228
202230300000900187,37.5503997,127.0454406
202230300000900247,37.555847,127.032363
202230300000900562,37.537318,127.047291
202230300000900502,37.550579,127.0655975
202230300000900063,37.5432662,127.046791
202230300000900593,37.5658064,127.0378815
202230300000900869,37.5613021,127.046112
202230300000900811,37.5533263,127.030422
202230300000900457,37.5499114,127.0535278
202230300000900716,37.5609359,127.0642547
202230300000900258,37.5408248,127.0110015
202230300000900035,37.5661697,127.0319213
202230300000900687,37.5635986,127.0429534
202230300000900192,37.5638656,127.0334854
202230300000900735,37.5483283,127.0392227
202230300000900002,37.5627403,127.0542144
202230300000900475,37.5440521,127.0483627
202230300000900193,37.5662002,127.0346984
202230300000900795,37.5484268,127.0275522
202230300000900335,37.5552444,127.0694732
202230300000900703,37.561428,127.0520629
202230300000900037,37.560234,127.0360565
202230300000900208,37.5601539,127.0366134
202230300000900075,37.5499801,127.0444946
202230300000900367,37.5599327,127.039421
202230300000900283,37.5346488,127.0561904
202230300000900826,37.537178,127.0549545
202230300000900885,37.57067,127.0357
202230300000900107,37.5503997,127.0235443
202230300000900458,37.5501708,127.0652313
202230300000900054,37.5568771,127.0199356
202230300000900480,37.5409088,127.0495529
202230300000900452,37.5443534,127.0514755
202230300000900362,37.5546607,127.0698623
202230300000900894,37.53659,127.0587
202230300000900043,37.5597,127.0473403
202230300000900096,37.5674629,127.0362396
202230300000900133,37.5654449,127.0309066
202230300000900109,37.5509834,127.0198669
202230300000900467,37.5638465,127.0519561
202230300000900166,37.5530929,127.068695
202230300000900039,37.5586585,127.0317764
202230300000900461,37.5574035,127.0710525
202230300000900639,37.5476112,127.0470275
202230300000900443,37.5374641,127.0517349
202230300000900631,37.5448951,127.0528182
202230300000900255,37.5478897,127.0238952
202230300000900022,37.5482788,127.0483856
202230300000900567,37.551319,127.065826
202230300000900626,37.5564765,127.0250167
202230300000900428,37.5467987,127.020195
202230300000900447,37.5378456,127.0550384
202230300000900758,37.5554415,127.034438
202230300000900777,37.561362,127.037007
202230300000900411,37.5598449,127.0292358
202230300000900104,37.559172,127.029933
202230300000900137,37.5694274,127.0354385
202230300000900117,37.5399703,127.0477066
202230300000900118,37.5381507,127.0468673
202230300000900284,37.5565795,127.0391387
202230300000900318,37.5664062,127.0376205
202230300000900462,37.5490531,127.0637435
202230300000900468,37.5642089,127.0530166
202230300000900473,37.5612983,127.0533676
202230300000900206,37.5499687,127.01828
202230300000900616,37.5618896,127.0354766
202230300000900589,37.56236,127.048898
202230300000900240,37.5668754,127.0341033
202230300000900142,37.5607528,127.0484237
202230300000900339,37.5390281,127.0473709
202230300000900181,37.5507125,127.0264205
202230300000900552,37.5701637,127.0336685
202230300000900353,37.5586891,127.039833
202230300000900406,37.5628471,127.0467071
202230300000900363,37.5581321,127.0508804
202230300000900723,37.5482101,127.0443344
202230300000900500,37.5461273,127.0178909
202230300000900543,37.553228,127.029566
202230300000900627,37.5440406,127.0215225
202230300000900787,37.5484897,127.0163378
202230300000900549,37.5408134,127.0609588
202230300000900095,37.5708999,127.0356292
202230300000900674,37.5469207,127.0416488
202230300000900291,37.5530471,127.0318832
202230300000900591,37.560842,127.048967
202230300000900875,37.539627,127.06221
202230300000900850,37.549428,127.030704
202230300000900655,37.563373,127.026563
202230300000900216,37.5371551,127.0507278
202230300000900159,37.552704,127.0290978
202230300000900683,37.5637855,127.0402145
202230300000900701,37.5603713,127.0472869
202230300000900755,37.558333,127.067397
202230300000900108,37.5485992,127.017929
202230300000900164,37.5437011,127.0639953
202230300000900477,37.5440292,127.0527725
202230300000900696,37.5553092,127.0700302
202230300000900410,37.5578804,127.0313873
202230300000900889,37.55974,127.0469
202230300000900637,37.5494651,127.0190505
202230300000900204,37.545475,127.0583801
202230300000900856,37.5459671,127.0539779
202230300000900306,37.5448341,127.0628433
202230300000900886,37.57102,127.0364
202230300000900779,37.565217,127.024686
202230300000900778,37.54957,127.044454
202230300000900053,37.5566139,127.0237503
202230300000900676,37.5469779,127.0441284
202230300000900685,37.563694,127.0411987
202230300000900731,37.5444984,127.0643692
202230300000900274,37.5604553,127.0298004
202230300000900732,37.5506401,127.0330734
202230300000900541,37.564971,127.05427
202230300000900269,37.5506907,127.066473
202230300000900641,37.5381584,127.0443954
202230300000900531,37.5524673,127.0316925
202230300000900201,37.5601692,127.0316696
202230300000900857,37.5527038,127.0681686
202230300000900375,37.5636444,127.0332794
202230300000900873,37.5617103,127.0316314
202230300000900352,37.5605545,127.0528564
202230300000900522,37.5421066,127.0523605
202230300000900392,37.5655555,127.0425491
202230300000900481,37.5471038,127.0464706
202230300000900879,37.5670852,127.0357055
202230300000900018,37.5362434,127.0503997
202230300000900387,37.5610542,127.0293426
202230300000900419,37.5545196,127.0271301
202230300000900880,37.5694274,127.0357589
202230300000900386,37.5625724,127.0303573
202230300000900031,37.5495491,127.0664825
202230300000900196,37.5592575,127.0313568
202230300000900767,37.557894,127.033896
202230300000900822,37.5491102,127.0672847
202230300000900366,37.5608406,127.0409164
202230300000900896,37.549165,127.048049
202230300000900188,37.5486106,127.064682
202230300000900689,37.5628585,127.0422286
202230300000900316,37.5631713,127.0391006
202230300000900359,37.5424118,127.0158309
202230300000900770,37.56566,127.053968
202230300000900229,37.553833,127.0190505
202230300000900638,37.5600204,127.0236129
202230300000900539,37.558662,127.056295
202230300000900091,37.5658187,127.0346298
202230300000900127,37.5452842,127.0613098
202230300000900771,37.557049,127.028619
202230300000900153,37.5466399,127.0229704
202230300000900185,37.5437622,127.0164718
202230300000900227,37.5653533,127.0530014
202230300000900508,37.5579032,127.0241622
202230300000900600,37.5476455,127.0297393
202230300000900270,37.5562019,127.0698242
202230300000900093,37.5669021,127.0347671
202230300000900865,37.5660438,127.0323257
202230300000900675,37.5470619,127.0408401
202230300000900409,37.5601119,127.0323486
202230300000900532,37.5526847,127.0301971
202230300000900371,37.5520973,127.0340499
202230300000900835,37.5537719,127.0688323
202230300000900726,37.5483131,127.0195617
202230300000900813,37.5486319,127.0556439
202230300000900692,37.5516128,127.0667495
202230300000900585,37.568646,127.038757
202230300000900466,37.5601806,127.0533752
202230300000900146,37.5573348,127.0245666
202230300000900830,37.54673,127.0532455
202230300000900612,37.5476502,127.0475895
202230300000900295,37.5641708,127.0314331
202230300000900029,37.5487709,127.0528793
202230300000900524,37.5485763,127.0203018
202230300000900305,37.5619888,127.0554962
202230300000900618,37.5547561,127.035057
202230300000900342,37.5480575,127.0517654
202230300000900784,37.552248,127.068594
202230300000900780,37.563035,127.0328
202230300000900763,37.5394057,127.0532564
202230300000900336,37.5535278,127.0697174
202230300000900224,37.5694236,127.0366058
202230300000900236,37.560913,127.0436553
202230300000900450,37.5478744,127.0532913
202230300000900485,37.542984,127.0478363
202230300000900101,37.5694656,127.0446014
202230300000900624,37.5471382,127.0233383
202230300000900262,37.5496215,127.0515289
202230300000900559,37.569053,127.039077
202230300000900144,37.5589752,127.0331268
202230300000900082,37.5495452,127.0528488
202230300000900555,37.5524291,127.0365142
202230300000900140,37.5652313,127.0383529
202230300000900400,37.5612831,127.0472106
202230300000900313,37.56847,127.0336837
202230300000900769,37.570298,127.037521
202230300000900253,37.5494168,127.0254498
202230300000900012,37.5620803,127.0320205
202230300000900704,37.549282,127.0538711
202230300000900617,37.5495147,127.0184707
202230300000900739,37.5478057,127.0578689
202230300000900560,37.568946,127.039245
202230300000900613,37.5606249,127.0546153
202230300000900393,37.5667037,127.0356597
202230300000900033,37.5621948,127.0266494
202230300000900421,37.5490684,127.0181808
202230300000900742,37.5653343,127.0284957
202230300000900296,37.5646553,127.0388259
202230300000900782,37.556979,127.028958
202230300000900238,37.5644874,127.0279083
202230300000900215,37.5399742,127.0558395
202230300000900517,37.5616836,127.0289535
202230300000900112,37.5472259,127.0187072
202230300000900154,37.554985,127.0493469
202230300000900454,37.5423088,127.0616989
202230300000900815,37.555624,127.03392
202230300000900499,37.5518798,127.0193481
202230300000900642,37.5396232,127.0440902
202230300000900438,37.5364265,127.0497283
202230300000900561,37.537252,127.046717
202230300000900194,37.5624122,127.031166
202230300000900738,37.5702819,127.0264968
202230300000900724,37.5433769,127.044754
202230300000900413,37.5570297,127.0303573
202230300000900476,37.5421638,127.0481796
202230300000900440,37.5503807,127.0502014
202230300000900008,37.5635948,127.0327148
202230300000900228,37.558773,127.0667495
202230300000900615,37.5532608,127.0291442
202230300000900659,37.554055,127.039899
202230300000900648,37.5534591,127.02285
202230300000900222,37.5456733,127.0175018
202230300000900361,37.5409011,127.0577392
202230300000900056,37.5533599,127.0206298
202230300000900123,37.5375633,127.0569
202230300000900174,37.5708808,127.0343933
202230300000900721,37.5419654,127.0511322
202230300000900175,37.5677337,127.0384979
202230300000900700,37.5492744,127.0665512
202230300000900385,37.5616416,127.0322265
202230300000900760,37.5438002,127.014533
202230300000900350,37.5662879,127.0449371
202230300000900521,37.5421028,127.0529098
202230300000900245,37.5704116,127.0357131
202230300000900511,37.5481758,127.0197525
202230300000900817,37.5364723,127.0600814
202230300000900319,37.5612983,127.0391769
202230300000900210,37.543888,127.0590209
202230300000900630,37.5660324,127.0387268
202230300000900317,37.568283,127.0341186
202230300000900276,37.5368003,127.0571975
202230300000900203,37.5636291,127.03022
202230300000900376,37.567786,127.031113
202230300000900584,37.543227,127.01712
202230300000900538,37.561899,127.024744
202230300000900501,37.5500831,127.0655593
202230300000900379,37.5625572,127.034851
202230300000900435,37.5370979,127.0475463
202230300000900014,37.5488815,127.0213394
202230300000900139,37.5604896,127.0281143
202230300000900198,37.5489387,127.0335235
202230300000900135,37.5655517,127.0331268
202230300000900664,37.558833,127.03599
202230300000900016,37.5613327,127.0392684
202230300000900073,37.5496444,127.0464096
202230300000900260,37.5379066,127.0480957
202230300000900766,37.5647413,127.0285996
202230300000900180,37.556076,127.0244827
202230300000900314,37.564907,127.0312423
202230300000900444,37.539561,127.058914
202230300000900079,37.5449523,127.0596389
202230300000900021,37.5498466,127.0497665
202230300000900884,37.57034,127.0366
202230300000900887,37.56647,127.0457
202230300000900230,37.5495681,127.0227661
202230300000900011,37.558628,127.0371704
202230300000900863,37.5654792,127.0335311
202230300000900407,37.5610466,127.0337982
202230300000900121,37.5464057,127.0461273
202230300000900348,37.5479507,127.0197982
202230300000900331,37.5357398,127.054718
202230300000900761,37.5482662,127.064072
202230300000900821,37.5503501,127.0201644
202230300000900030,37.5523033,127.0685958
202230300000900844,37.563525,127.032683
202230300000900651,37.553535,127.027732
202230300000900479,37.5468444,127.0466842
202230300000900456,37.5469131,127.0546264
202230300000900278,37.551506,127.0215377
202230300000900684,37.5640335,127.0404281
202230300000900679,37.5474281,127.0425262
202230300000900768,37.569779,127.03771
202230300000900277,37.5520324,127.0363159
202230300000900324,37.5488967,127.0250625
202230300000900340,37.5470046,127.0453186
202230300000900837,37.5612564,127.0408172
202230300000900251,37.5544375,127.0250023
202230300000900728,37.5578308,127.0232925
202230300000900417,37.5523681,127.0293197
202230300000900488,37.5401954,127.0495681
202230300000900797,37.5514325,127.046226
202230300000900882,37.536795,127.05042
202230300000900250,37.5485572,127.0252456
202230300000900557,37.54704,127.0659
202230300000900525,37.5364341,127.0592727
202230300000900128,37.5538215,127.0700378
202230300000900681,37.5637588,127.0394821
202230300000900746,37.5539054,127.0452499
202230300000900748,37.545342,127.043571
202230300000900423,37.5521697,127.0214538
202230300000900858,37.56415,127.05449
202230300000900868,37.5479087,127.0209503
202230300000900455,37.5438919,127.0608139
202230300000900548,37.5527915,127.0193481
202230300000900486,37.5449676,127.0518417
202230300000900241,37.5639762,127.0275192
202230300000900148,37.5530395,127.0191802
202230300000900062,37.5368652,127.0498428
202230300000900343,37.5640716,127.0299606
202230300000900191,37.5652236,127.0511093
202230300000900553,37.5614929,127.057434
202230300000900663,37.56736,127.0285
202230300000900304,37.5672073,127.0435791
202230300000900717,37.5417785,127.0487365
202230300000900484,37.5427169,127.048912
202230300000900729,37.5677413,127.0349502
202230300000900179,37.5534782,127.0304031
202230300000900883,37.56786,127.035
202230300000900514,37.5417442,127.0477447
202230300000900786,37.5431665,127.0444839
202230300000900113,37.5481719,127.0155029
202230300000900646,37.5483055,127.0324325
202230300000900496,37.5626678,127.0466537
202230300000900055,37.5521125,127.0300445
202230300000900832,37.5612411,127.0476913
202230300000900831,37.5586433,127.0725708
202230300000900698,37.5571975,127.0714797
202230300000900606,37.5443,127.0204162
202230300000900176,37.5602607,127.0479965
202230300000900596,37.5506634,127.0144162
202230300000900563,37.548965,127.019916
202230300000900134,37.5645179,127.0316467
202230300000900020,37.5504684,127.0487213
202230300000900650,37.5521278,127.0286636
202230300000900551,37.5708,127.0368
202230300000900298,37.5553588,127.0705566
202230300000900581,37.557086,127.040896
202230300000900071,37.5373153,127.0525588
202230300000900661,37.542028,127.060151
202230300000900288,37.5625877,127.0471115
202230300000900382,37.5607948,127.0284652
202230300000900745,37.5536956,127.041954
202230300000900702,37.5603027,127.0467834
202230300000900170,37.5640144,127.0291137
202230300000900297,37.5609397,127.0627822
202230300000900853,37.542822,127.012629
202230300000900601,37.547987,127.0295358
202230300000900025,37.5380897,127.0598144
202230300000900374,37.5658683,127.0336532
202230300000900736,37.5481605,127.0429458
202230300000900810,37.5648765,127.0355758
202230300000900046,37.5596084,127.0401611
202230300000900620,37.5701522,127.0473785
202230300000900843,37.5489082,127.0232009
202230300000900100,37.5652122,127.039978
202230300000900544,37.553654,127.030007
202230300000900156,37.5433769,127.0225143
202230300000900533,37.5519142,127.0299377
202230300000900757,37.557019,127.043134
202230300000900610,37.5639127,127.0391453
202230300000900640,37.5380058,127.0450286
202230300000900730,37.56847,127.0436706
202230300000900599,37.5509185,127.0292282
202230300000900368,37.537857,127.0561599
202230300000900859,37.5472488,127.0183486
202230300000900434,37.5381546,127.0472564
202230300000900711,37.556961,127.0411758
202230300000900647,37.5453262,127.0110855
202230300000900632,37.5379753,127.0457992
202230300000900162,37.5412788,127.056549
202230300000900852,37.555986,127.024044
202230300000900115,37.5393257,127.0498657
202230300000900244,37.5615882,127.0480346
202230300000900828,37.5486068,127.066574
202230300000900493,37.5630493,127.0284271
202230300000900753,37.5397071,127.0549163
202230300000900854,37.537065,127.049885
202230300000900015,37.5472908,127.0171127
202230300000900430,37.546295,127.010876
202230300000900302,37.5539665,127.033554
202230300000900597,37.5532341,127.0172576
202230300000900752,37.5409393,127.0128631
202230300000900310,37.549282,127.0288314
202230300000900862,37.5653495,127.0347747
202230300000900491,37.5360336,127.0570526
202230300000900358,37.5480918,127.0105895
202230300000900272,37.5521888,127.0355758
202230300000900041,37.5392189,127.0510864
202230300000900081,37.5467033,127.0621109
202230300000900287,37.5384826,127.0552673
202230300000900776,37.55517,127.071188
202230300000900080,37.543457,127.0621109
202230300000900725,37.5481605,127.0256958
202230300000900264,37.5364074,127.0541381
202230300000900145,37.5563926,127.0349731
202230300000900425,37.5474929,127.0224761
202230300000900243,37.5645141,127.0467453
202230300000900669,37.5488,127.063085
202230300000900453,37.5431137,127.0586624
202230300000900403,37.5598831,127.0468215
202230300000900540,37.554498,127.040012
202230300000900259,37.5439605,127.0170745
202230300000900799,37.5586514,127.0409563
202230300000900657,37.550015,127.013627
202230300000900877,37.5627326,127.0522079
202230300000900741,37.565525,127.0258941
202230300000900330,37.5470085,127.0501785
202230300000900792,37.5703848,127.0334663
202230300000900536,37.56161,127.052513
202230300000900740,37.553009,127.0238342
202230300000900325,37.5472335,127.0208816
202230300000900794,37.5468295,127.0491059
202230300000900263,37.5473365,127.0467376
202230300000900158,37.5409889,127.0101318
202230300000900202,37.5385551,127.048912
202230300000900341,37.5353813,127.0534591
202230300000900124,37.5473098,127.0526123
202230300000900556,37.5611763,127.0237503
202230300000900122,37.5364685,127.0564193
202230300000900773,37.547343,127.066756
202230300000900547,37.5500526,127.0305709
202230300000900718,37.5418319,127.0573883
202230300000900622,37.5420036,127.0531692
202230300000900498,37.5501861,127.0325393
202230300000900509,37.5466232,127.0135574
202230300000900205,37.5612373,127.0304565
202230300000900069,37.5392074,127.0534744
202230300000900505,37.5602836,127.026802
202230300000900749,37.544158,127.043022
202230300000900420,37.5497589,127.021347
202230300000900249,37.5567817,127.0242691
202230300000900472,37.5658683,127.0522689
202230300000900086,37.5580291,127.0718688
202230300000900231,37.5496826,127.0199279
202230300000900537,37.55841,127.0342
202230300000900345,37.5486259,127.0193405
202230300000900328,37.5377693,127.048973
202230300000900299,37.5497245,127.0541
202230300000900182,37.551094,127.0224227
202230300000900394,37.5706481,127.0392913
202230300000900891,37.560495,127.042915
202230300000900445,37.5383033,127.0575027
202230300000900574,37.544041,127.057404
202530400000900727,37.54594,127.1039
202530400000900469,37.55507,127.07453
202530400000900071,37.54627,127.08754
202530400000901105,37.55807,127.08509
202530400000900468,37.54758,127.0688
202530400000900840,37.55604,127.1044
202530400000900608,37.53114,127.09032
202530400000900065,37.54794,127.09165
202530400000900416,37.55593,127.08901
202530400000900546,37.54898,127.10556
202530400000900720,37.54927,127.09471
202530400000900906,37.56832,127.07829
202530400000900766,37.55179,127.10084
202530400000900832,37.55189,127.10278
202530400000900332,37.53933,127.06938
202530400000900212,37.56405,127.07937
202530400000900296,37.54517,127.06748
202530400000900390,37.53858,127.07891
202530400000900391,37.52999,127.08272
202530400000900759,37.55816,127.10236
202530400000900796,37.54916,127.09446
202530400000900622,37.54581,127.0723
202530400000900213,37.56455,127.078
202530400000901005,37.53453,127.0683
202530400000900934,37.54345,127.09653
202530400000900325,37.53257,127.07255
202530400000900668,37.54607,127.07634
202530400000901056,37.54403,127.0659
202530400000900730,37.54656,127.09898
202530400000900297,37.54283,127.06716
202530400000900807,37.55293,127.10112
202530400000900612,37.54307,127.08037
202530400000900216,37.56177,127.0797
202530400000900487,37.56666,127.08318
202530400000900318,37.55231,127.07774
202530400000900596,37.54895,127.08595
202530400000900914,37.53899,127.07045
202530400000901068,37.53442,127.09111
202530400000900650,37.53072,127.08424
202530400000900863,37.55361,127.08652
202530400000900060,37.55123,127.09106
202530400000900147,37.52783,127.0844
202530400000900254,37.56858,127.0801
202530400000900951,37.55441,127.09686
202530400000900456,37.55707,127.09126
202530400000900054,37.55306,127.09405
202530400000900295,37.54621,127.06793
202530400000901029,37.55595,127.08486
202530400000900180,37.53654,127.06519
202530400000900896,37.56701,127.07892
202530400000900217,37.56199,127.07904
202530400000900370,37.54783,127.10197
202530400000900817,37.56289,127.09128
202530400000900443,37.53211,127.07342
202530400000901039,37.56604,127.0805
202530400000900187,37.53901,127.06808
202530400000900975,37.5529,127.07235
202530400000900644,37.53612,127.06733
202530400000900737,37.54576,127.10073
202530400000900228,37.55887,127.07889
202530400000900052,37.55454,127.09594
202530400000900048,37.55362,127.09558
202530400000900362,37.53378,127.06778
202530400000900124,37.55269,127.07855
202530400000900433,37.5485,127.10918
202530400000901078,37.5303,127.07621
202530400000900981,37.55162,127.06948
202530400000901021,37.5626,127.08206
202530400000900848,37.53662,127.08717
202530400000900707,37.53507,127.06781
202530400000900126,37.55393,127.0792
202530400000900102,37.55046,127.07053
202530400000900782,37.54655,127.06769
202530400000900794,37.54163,127.09615
202530400000900623,37.55694,127.08217
202530400000900393,37.52877,127.08288
202530400000900568,37.55913,127.08591
202530400000900164,37.53738,127.07507
202530400000900078,37.5415,127.09104
202530400000900294,37.54421,127.06534
202530400000900087,37.54292,127.09031
202530400000900389,37.533,127.08394
202530400000900428,37.54333,127.08927
202530400000900856,37.55263,127.08133
202530400000900278,37.55764,127.09523
202530400000900030,37.54217,127.08583
202530400000900435,37.53398,127.06502
202530400000901090,37.53159,127.07932
202530400000901017,37.52937,127.07592
202530400000900739,37.54585,127.08845
202530400000900037,37.53854,127.0865
202530400000900860,37.55472,127.08384
202530400000901116,37.53367,127.08823
202530400000900450,37.56726,127.08838
202530400000900859,37.55388,127.0803
202530400000900139,37.53351,127.08096
202530400000900718,37.54153,127.06978
202530400000900712,37.55694,127.09214
202530400000900412,37.55997,127.08464
202530400000900973,37.55491,127.09584
202530400000900618,37.54261,127.06802
202530400000901060,37.54567,127.07065
202530400000900073,37.54383,127.09155
202530400000900630,37.57009,127.08609
202530400000900545,37.55604,127.09512
202530400000900293,37.55444,127.0895
202530400000900454,37.56075,127.08404
202530400000900289,37.55864,127.09525
202530400000900353,37.55159,127.0907
202530400000901080,37.53493,127.07531
202530400000900822,37.55537,127.09911
202530400000900207,37.53795,127.0654
202530400000900757,37.55179,127.10103
202530400000900458,37.55868,127.089
202530400000900835,37.55254,127.10256
202530400000900089,37.53546,127.09062
202530400000901075,37.54908,127.06954
202530400000900120,37.55311,127.08794
202530400000900359,37.53567,127.06498
202530400000900885,37.5619,127.09556
202530400000900987,37.54132,127.08317
202530400000900233,37.56401,127.08396
202530400000901014,37.53715,127.06589
202530400000900834,37.55223,127.10206
202530400000901069,37.53629,127.0797
202530400000900402,37.53781,127.0662
202530400000900633,37.56121,127.09047
202530400000900583,37.52958,127.08522
202530400000900574,37.54638,127.10153
202530400000900282,37.55567,127.09234
202530400000900960,37.53805,127.09368
202530400000900945,37.54171,127.08243
202530400000900994,37.53084,127.0886
202530400000900287,37.57039,127.08833
202530400000900388,37.53347,127.07673
202530400000901048,37.56539,127.08844
202530400000900751,37.56605,127.0984
202530400000900405,37.56556,127.0819
202530400000900634,37.55401,127.09231
202530400000900715,37.54288,127.06681
202530400000901046,37.56227,127.0885
202530400000901006,37.53355,127.07487
202530400000900680,37.55272,127.07094
202530400000900688,37.55755,127.08585
202530400000900655,37.5594,127.07916
202530400000900415,37.55843,127.09036
202530400000900039,37.53854,127.0858
202530400000900444,37.53363,127.06658
202530400000900665,37.549,127.0686
202530400000900911,37.54753,127.07397
202530400000900275,37.5631,127.08767
202530400000900594,37.56586,127.08827
202530400000901113,37.54747,127.10795
202530400000900162,37.53045,127.08796
202530400000900375,37.54012,127.09531
202530400000900647,37.54446,127.01526
202530400000901012,37.53625,127.06223
202530400000900529,37.54017,127.06485
202530400000900210,37.56493,127.0792
202530400000901095,37.56647,127.08204
202530400000900058,37.55076,127.09368
202530400000901065,37.54685,127.09174
202530400000900984,37.55754,127.07347
202530400000900502,37.54562,127.10196
202530400000901011,37.53596,127.06357
202530400000900280,37.55674,127.09465
202530400000900679,37.52926,127.08315
202530400000900888,37.55879,127.0941
202530400000900029,37.54162,127.08668
202530400000900754,37.55258,127.09969
202530400000900079,37.54131,127.09216
202530400000900345,37.54742,127.10427
202530400000900034,37.53848,127.08438
202530400000900761,37.55168,127.10022
202530400000900976,37.55585,127.07581
202530400000900272,37.56803,127.08123
202530400000901032,37.55777,127.08332
202530400000900748,37.56339,127.09635
202530400000900328,37.55639,127.0782
202530400000900072,37.54939,127.08908
202530400000900538,37.56751,127.08137
202530400000900570,37.56358,127.08772
202530400000900480,37.55437,127.07305
202530400000900985,37.54943,127.08758
202530400000900531,37.53216,127.06511
202530400000900654,37.53969,127.08939
202530400000900190,37.54066,127.06405
202530400000900234,37.56342,127.08581
202530400000900549,37.55053,127.06923
202530400000900711,37.56999,127.08449
202530400000901072,37.53037,127.0905
202530400000900407,37.54518,127.07213
202530400000900340,37.53443,127.07662
202530400000900017,37.54398,127.09043
202530400000900790,37.55272,127.07022
202530400000900045,37.54564,127.08721
202530400000900400,37.53706,127.06469
202530400000900898,37.55215,127.0899
202530400000900455,37.56842,127.08109
202530400000900876,37.56674,127.07984
202530400000900401,37.53708,127.06807
202530400000900993,37.53241,127.08897
202530400000900135,37.53368,127.08009
202530400000900732,37.54926,127.10142
202530400000900477,37.56021,127.09478
202530400000900701,37.53582,127.07771
202530400000900540,37.56975,127.08539
202530400000900279,37.55554,127.09329
202530400000900884,37.57082,127.0875
202530400000901034,37.5704,127.08059
202530400000900274,37.55516,127.0898
202530400000900134,37.5326,127.07981
202530400000901008,37.53451,127.07179
202530400000900694,37.53675,127.09481
202530400000900395,37.53054,127.08914
202530400000900321,37.5399,127.0923
202530400000900366,37.54207,127.08733
202530400000900449,37.5672,127.08895
202530400000900137,37.53388,127.08039
202530400000900532,37.54463,127.06861
202530400000900150,37.52967,127.07684
202530400000900092,37.55611,127.07658
202530400000900427,37.53693,127.06583
202530400000900158,37.53642,127.08465
202530400000900599,37.54473,127.09759
202530400000900186,37.53987,127.06744
202530400000900961,37.53722,127.0934
202530400000900026,37.53916,127.08758
202530400000900797,37.53845,127.08144
202530400000900753,37.55303,127.09978
202530400000900426,37.53137,127.07153
202530400000900684,37.55759,127.09572
202530400000900926,37.53298,127.08483
202530400000900404,37.56638,127.08068
202530400000900816,37.56185,127.09081
202530400000900853,37.54236,127.08815
202530400000900948,37.55067,127.08879
202530400000900107,37.55231,127.08184
202530400000900394,37.53309,127.08886
202530400000900943,37.5434,127.0815
202530400000900844,37.55601,127.10272
202530400000900676,37.54951,127.10931
202530400000900356,37.53454,127.08043
202530400000901043,37.57057,127.07999
202530400000901059,37.54284,127.07099
202530400000900460,37.53442,127.08288
202530400000900828,37.56843,127.09003
202530400000900775,37.5324,127.09218
202530400000900511,37.54027,127.08615
202530400000900181,37.53411,127.06569
202530400000900323,37.5344,127.07795
202530400000900219,37.56432,127.07628
202530400000900448,37.54854,127.09989
202530400000900218,37.56315,127.07822
202530400000900382,37.55645,127.07346
202530400000901073,37.55547,127.08903
202530400000900385,37.53641,127.07814
202530400000900947,37.55029,127.09654
202530400000900384,37.54952,127.06883
202530400000900263,37.56934,127.08527
202530400000900868,37.55199,127.07818
202530400000900316,37.57104,127.08227
202530400000901119,37.53876,127.08923
202530400000900232,37.56338,127.08134
202530400000900374,37.54326,127.08366
202530400000900159,37.53257,127.08654
202530400000900928,37.54603,127.0737
202530400000900942,37.54174,127.08724
202530400000901107,37.56533,127.08794
202530400000900178,37.53016,127.07337
202530400000900829,37.56276,127.0964
202530400000900552,37.54976,127.07265
202530400000900557,37.5448,127.06951
202530400000900022,37.54432,127.0866
202530400000900062,37.55511,127.09508
202530400000900900,37.53214,127.06722
202530400000900369,37.54876,127.10537
202530400000900589,37.53923,127.0752
202530400000900018,37.54348,127.08962
202530400000900172,37.53204,127.07084
202530400000900746,37.56305,127.09617
202530400000900361,37.53444,127.06806
202530400000900421,37.55489,127.08007
202530400000900567,37.56079,127.07662
202530400000900804,37.55435,127.10407
202530400000900314,37.56385,127.07872
202530400000900046,37.54771,127.08726
202530400000900972,37.53822,127.09068
202530400000900564,37.55175,127.07582
202530400000901038,37.56606,127.07838
202530400000901042,37.57162,127.08024
202530400000901045,37.55909,127.09011
202530400000900909,37.53745,127.08674
202530400000900379,37.55445,127.07243
202530400000900157,37.52866,127.08511
202530400000900341,37.53221,127.07832
202530400000900729,37.54624,127.09873
202530400000900543,37.55323,127.08162
202530400000900364,37.54506,127.07811
202530400000900171,37.53117,127.07272
202530400000900424,37.52976,127.08148
202530400000900820,37.56787,127.09047
202530400000900173,37.53603,127.07073
202530400000901024,37.55984,127.08381
202530400000900482,37.56283,127.08032
202530400000901036,37.5702,127.08117
202530400000900706,37.53859,127.08173
202530400000900239,37.55503,127.08739
202530400000901003,37.53352,127.09021
202530400000900910,37.54018,127.06944
202530400000900659,37.55824,127.09265
202530400000900671,37.54222,127.08263
202530400000900842,37.56844,127.08026
202530400000900555,37.54706,127.07027
202530400000900033,37.53822,127.08502
202530400000901071,37.54379,127.08379
202530400000900066,37.54811,127.08595
202530400000900895,37.55752,127.08559
202530400000900613,37.52926,127.08454
202530400000900717,37.54455,127.07065
202530400000900090,37.55718,127.07503
202530400000900205,37.53828,127.06431
202530400000900576,37.548,127.10692
202530400000900343,37.54323,127.08783
202530400000900138,37.53385,127.08294
202530400000900722,37.54793,127.09702
202530400000900597,37.54884,127.08663
202530400000900762,37.55996,127.10157
202530400000900290,37.56024,127.09561
202530400000900792,37.53103,127.09197
202530400000900520,37.53526,127.08295
202530400000900535,37.54655,127.06739
202530400000900099,37.55572,127.07791
202530400000900560,37.53894,127.07569
202530400000900787,37.56103,127.09553
202530400000900936,37.54683,127.10224
202530400000900697,37.55242,127.08298
202530400000900691,37.53804,127.09237
202530400000900193,37.53593,127.06282
202530400000900756,37.55247,127.10064
202530400000900430,37.54868,127.08741
202530400000900463,37.53868,127.06383
202530400000900198,37.53471,127.06713
202530400000900170,37.53818,127.07537
202530400000900222,37.55981,127.07477
202530400000900724,37.54751,127.09834
202530400000901093,37.55889,127.0773
202530400000900221,37.55261,127.09027
202530400000901062,37.54362,127.07222
202530400000900322,37.54825,127.10567
202530400000900273,37.55726,127.09219
202530400000900016,37.54298,127.08942
202530400000900851,37.53748,127.08901
202530400000900927,37.5304,127.07492
202530400000900781,37.53804,127.09237
202530400000901031,37.55867,127.08383
202530400000901015,37.53681,127.06675
202530400000900609,37.53575,127.07439
202530400000900681,37.55848,127.07405
202530400000901033,37.5581,127.08281
202530400000900628,37.56299,127.07579
202530400000900372,37.54133,127.09736
202530400000900229,37.55841,127.07854
202530400000900258,37.56724,127.08244
202530400000900664,37.53564,127.06755
202530400000900481,37.53395,127.09015
202530400000900692,37.5406,127.09066
202530400000900265,37.56732,127.08582
202530400000900365,37.5519,127.07049
202530400000900457,37.56027,127.08969
202530400000900865,37.55272,127.08575
202530400000900344,37.53903,127.09365
202530400000900249,37.56293,127.085
202530400000900963,37.53792,127.08953
202530400000900262,37.57027,127.08498
202530400000900019,37.54371,127.08807
202530400000900530,37.54129,127.0645
202530400000900819,37.56811,127.09044
202530400000900833,37.55196,127.10315
202530400000901066,37.53181,127.08409
202530400000900352,37.54085,127.09086
202530400000900937,37.54788,127.10277
202530400000900508,37.53735,127.08387
202530400000900025,37.54019,127.08915
202530400000900682,37.55369,127.09187
202530400000900964,37.5373,127.09119
202530400000900559,37.54634,127.06813
202530400000900809,37.55611,127.09823
202530400000900438,37.55656,127.09367
202530400000900953,37.55291,127.09677
202530400000901047,37.5671,127.08966
202530400000900461,37.52936,127.08277
202530400000900862,37.55274,127.08369
202530400000900894,37.53693,127.07894
202530400000901050,37.56372,127.08848
202530400000901052,37.55865,127.09167
202530400000900503,37.55118,127.11069
202530400000900955,37.5537,127.09394
202530400000900602,37.53031,127.0756
202530400000900598,37.55317,127.09835
202530400000900798,37.55215,127.10267
202530400000900330,37.55551,127.08656
202530400000900145,37.53818,127.08046
202530400000900989,37.53645,127.07894
202530400000900580,37.54818,127.10197
202530400000900826,37.54274,127.06706
202530400000900305,37.54545,127.06866
202530400000901115,37.54094,127.06606
202530400000900142,37.53238,127.08236
202530400000900149,37.53278,127.08788
202530400000900616,37.54406,127.06899
202530400000900256,37.56911,127.08425
202530400000900897,37.55704,127.07914
202530400000900696,37.55601,127.07374
202530400000900140,37.53343,127.08219
202530400000900626,37.56003,127.08321
202530400000900465,37.55133,127.09317
202530400000900003,37.55144,127.10983
202530400000901106,37.56544,127.08013
202530400000900096,37.55536,127.07253
202530400000900317,37.55656,127.08957
202530400000900814,37.55673,127.09676
202530400000900805,37.55312,127.10055
202530400000900467,37.54213,127.06739
202530400000901010,37.53481,127.07009
202530400000900666,37.54487,127.07313
202530400000900986,37.55458,127.0824
202530400000900246,37.5612,127.087
202530400000901101,37.52986,127.07848
202530400000900922,37.53834,127.08327
202530400000900516,37.53271,127.07928
202530400000900169,37.53136,127.07352
202530400000900053,37.55324,127.09606
202530400000900411,37.56538,127.0783
202530400000901067,37.53569,127.08928
202530400000900916,37.55688,127.07959
202530400000900980,37.55368,127.07347
202530400000900486,37.56876,127.08212
202530400000900242,37.55903,127.08561
202530400000900550,37.54887,127.07189
202530400000900165,37.53852,127.07501
202530400000900774,37.5475,127.07347
202530400000900637,37.55039,127.08989
202530400000900588,37.54914,127.07518
202530400000900703,37.53366,127.06985
202530400000900990,37.53325,127.08471
202530400000900731,37.56863,127.07793
202530400000900514,37.5359,127.09036
202530400000900823,37.55511,127.0997
202530400000900051,37.55386,127.09343
202530400000901102,37.53089,127.08265
202530400000900785,37.54817,127.08566
202530400000900949,37.54865,127.089
202530400000900999,37.53112,127.08394
202530400000900510,37.54437,127.08802
202530400000900269,37.57055,127.08269
202530400000900383,37.54988,127.0697
202530400000900308,37.54147,127.06831
202530400000900507,37.55418,127.07678
202530400000900101,37.55243,127.07496
202530400000900725,37.54635,127.09823
202530400000901074,37.54998,127.08957
202530400000900144,37.53846,127.08097
202530400000900106,37.55685,127.07461
202530400000900854,37.54731,127.08919
202530400000901037,37.56604,127.07916
202530400000900494,37.56268,127.08772
202530400000900112,37.55509,127.08119
202530400000901035,37.56658,127.08385
202530400000900651,37.53559,127.09384
202530400000900121,37.55211,127.08732
202530400000900357,37.53006,127.07796
202530400000900183,37.53274,127.0637
202530400000900660,37.53063,127.07782
202530400000900333,37.56151,127.07652
202530400000900148,37.53164,127.08507
202530400000900244,37.55647,127.08356
202530400000900312,37.54541,127.07729
202530400000900621,37.54593,127.07174
202530400000900610,37.53382,127.06383
202530400000900902,37.53714,127.08541
202530400000900245,37.56144,127.08613
202530400000900563,37.5531,127.07471
202530400000900032,37.54003,127.08419
202530400000900309,37.54577,127.07609
202530400000900892,37.54879,127.09141
202530400000900194,37.53574,127.06125
202530400000900122,37.55361,127.07842
202530400000900931,37.54795,127.10102
202530400000900738,37.5363,127.06177
202530400000900354,37.53513,127.08979
202530400000900619,37.54597,127.07553
202530400000900490,37.56922,127.0824
202530400000901092,37.5625,127.07705
202530400000900850,37.53746,127.08826
202530400000900979,37.55474,127.07157
202530400000900445,37.54236,127.08507
202530400000900749,37.56416,127.09639
202530400000900821,37.56759,127.08988
202530400000900997,37.53144,127.08257
202530400000901083,37.54674,127.09055
202530400000901049,37.56523,127.087
202530400000900429,37.54821,127.08972
202530400000900827,37.54056,127.09067
202530400000900495,37.56015,127.09053
202530400000900992,37.53226,127.07681
202530400000900226,37.5602,127.07954
202530400000900920,37.5392,127.07035
202530400000900195,37.555,127.07333
202530400000900573,37.55442,127.07351
202530400000900227,37.55993,127.08025
202530400000900879,37.56569,127.08242
202530400000900224,37.55966,127.077
202530400000900736,37.54464,127.09932
202530400000900475,37.54116,127.06918
202530400000901022,37.56445,127.08273
202530400000900627,37.56084,127.07502
202530400000901104,37.5575,127.08256
202530400000900237,37.55631,127.08728
202530400000900462,37.53249,127.07342
202530400000901040,37.56635,127.07749
202530400000900339,37.55157,127.0861
202530400000900387,37.53857,127.07718
202530400000900113,37.55412,127.08363
202530400000900377,37.53582,127.0916
202530400000900350,37.5527,127.0818
202530400000900141,37.53239,127.08055
202530400000900302,37.54373,127.07061
202530400000900726,37.53207,127.0744
202530400000900755,37.55221,127.10066
202530400000900020,37.54369,127.08876
202530400000900587,37.55104,127.07614
202530400000900548,37.55124,127.07041
202530400000900593,37.55175,127.1035
202530400000900041,37.54423,127.08247
202530400000900109,37.55581,127.07947
202530400000900360,37.5346,127.06286
202530400000900100,37.55384,127.07682
202530400000900658,37.54029,127.07021
202530400000900191,37.53426,127.0611
202530400000900005,37.54587,127.10359
202530400000901044,37.57086,127.08603
202530400000900639,37.54872,127.08639
202530400000900752,37.56649,127.09872
202530400000900083,37.5383,127.09237
202530400000900011,37.54127,127.09891
202530400000900110,37.55623,127.0798
202530400000900847,37.55908,127.10237
202530400000900925,37.53702,127.08216
202530400000900678,37.53394,127.08245
202530400000900585,37.54446,127.06622
202530400000900006,37.54656,127.10345
202530400000900938,37.54399,127.09728
202530400000900607,37.53061,127.08561
202530400000900442,37.53302,127.08694
202530400000900632,37.5646,127.088
202530400000900843,37.56843,127.08038
202530400000900870,37.55321,127.07942
202530400000900200,37.53522,127.06655
202530400000900784,37.55531,127.08359
202530400000900472,37.55673,127.07315
202530400000900770,37.55223,127.10375
202530400000900002,37.54244,127.10147
202530400000900410,37.56515,127.08075
202530400000900271,37.56817,127.08055
202530400000900921,37.53672,127.08335
202530400000900423,37.53824,127.07999
202530400000900414,37.57101,127.08051
202530400000900982,37.54971,127.07093
202530400000900014,37.54099,127.089
202530400000900406,37.56791,127.08702
202530400000900114,37.55304,127.08239
202530400000900452,37.56686,127.08787
202530400000900592,37.55141,127.10197
202530400000900765,37.55225,127.09979
202530400000900485,37.55933,127.08501
202530400000900386,37.53654,127.07973
202530400000901016,37.53025,127.08919
202530400000900957,37.54902,127.08716
202530400000900745,37.5622,127.09556
202530400000900547,37.55536,127.07461
202530400000900446,37.55089,127.09434
202530400000900617,37.54017,127.07055
202530400000901114,37.54275,127.09831
202530400000900648,37.56131,127.09084
202530400000900483,37.55825,127.08699
202530400000900565,37.55511,127.07674
202530400000901020,37.56313,127.08197
202530400000900059,37.55289,127.09189
202530400000900880,37.56662,127.08543
202530400000900264,37.56953,127.08376
202530400000900771,37.53297,127.07834
202530400000900673,37.5313,127.08904
202530400000900151,37.53119,127.07791
202530400000900351,37.54051,127.0886
202530400000900084,37.53933,127.0915
202530400000900614,37.54058,127.10274
202530400000900376,37.54239,127.09235
202530400000900553,37.54897,127.0733
202530400000900509,37.54167,127.08301
202530400000900209,37.56123,127.08096
202530400000900086,37.54083,127.09014
202530400000900635,37.55435,127.18707
202530400000900326,37.53411,127.06269
202530400000900584,37.53634,127.06992
202530400000900793,37.53613,127.09466
202530400000900206,37.53866,127.06529
202530400000900883,37.57042,127.08788
202530400000900962,37.54273,127.09124
202530400000901027,37.55759,127.08654
202530400000900723,37.54787,127.0982
202530400000900946,37.55396,127.09782
202530400000900719,37.53016,127.08234
202530400000900788,37.54308,127.10213
202530400000900783,37.56272,127.07687
202530400000901018,37.53748,127.0792
202530400000900398,37.53545,127.07557
202530400000900050,37.55387,127.09458
202530400000900105,37.55676,127.07722
202530400000900802,37.55316,127.10352
202530400000900146,37.52873,127.08111
202530400000900080,37.54045,127.09164
202530400000900874,37.56299,127.08316
202530400000900572,37.55078,127.07019
202530400000900642,37.53301,127.06225
202530400000900182,37.5353,127.0633
202530400000900811,37.55633,127.09678
202530400000900436,37.5612,127.07987
202530400000900166,37.53695,127.07443
202530400000900841,37.55713,127.10433
202530400000900156,37.52987,127.08455
202530400000900215,37.56225,127.08068
202530400000900397,37.53338,127.06855
202530400000900038,37.53972,127.08565
202530400000900347,37.56019,127.0854
202530400000900996,37.53011,127.07731
202530400000900313,37.54167,127.06953
202530400000900088,37.53948,127.0907
202530400000900067,37.54836,127.08697
202530400000900055,37.55131,127.09655
202530400000900081,37.54109,127.09275
202530400000900837,37.55336,127.10222
202530400000900453,37.56058,127.0759
202530400000900656,37.54908,127.0689
202530400000900270,37.56924,127.08062
202530400000901096,37.54675,127.07203
202530400000900399,37.53653,127.06163
202530400000900795,37.54913,127.09393
202530400000900331,37.53789,127.07513
202530400000900586,37.56366,127.08013
202530400000900887,37.55871,127.0934
202530400000900111,37.55572,127.08112
202530400000900230,37.56427,127.0811
202530400000900266,37.56719,127.08544
202530400000900810,37.55614,127.09762
202530400000900629,37.5612,127.07835
202530400000901108,37.5361,127.07356
202530400000901028,37.55783,127.08777
202530400000900012,37.53938,127.08895
202530400000900091,37.55671,127.07609
202530400000900744,37.56224,127.09614
202530400000900977,37.55221,127.07252
202530400000900849,37.53695,127.08706
202530400000900690,37.54125,127.09432
202530400000900342,37.53697,127.07667
202530400000900255,37.56582,127.0839
202530400000900686,37.55182,127.09369
202530400000900533,37.54592,127.06948
202530400000900474,37.56864,127.08282
202530400000900836,37.55278,127.10169
202530400000900336,37.5683,127.08629
202530400000900769,37.54934,127.09481
202530400000901117,37.53241,127.0902
202530400000900074,37.54344,127.0926
202530400000900044,37.55178,127.09139
202530400000900459,37.55009,127.10233
202530400000900882,37.55893,127.09438
202530400000900672,37.53759,127.08735
202530400000900674,37.55089,127.09696
202530400000900831,37.55186,127.10188
202530400000901061,37.54539,127.07905
202530400000900813,37.55663,127.09605
202530400000900967,37.53398,127.09151
202530400000900367,37.54751,127.10309
202530400000900476,37.53531,127.08059
202530400000901081,37.56547,127.08318
202530400000900413,37.56299,127.08409
202530400000900420,37.55657,127.07507
202530400000900310,37.5463,127.07523
202530400000900742,37.5495,127.0991
202530400000900184,37.53477,127.06491
202530400000900043,37.54979,127.09498
202530400000900185,37.5333,127.06563
202530400000900131,37.53604,127.08312
202530400000900299,37.54224,127.0659
202530400000900998,37.53134,127.08443
202530400000900689,37.54832,127.09216
202530400000900708,37.53294,127.06637
202530400000901111,37.53057,127.07501
202530400000900419,37.54454,127.06815
202530400000900261,37.56705,127.08054
202530400000900561,37.5504,127.10976
202530400000900132,37.53455,127.07948
202530400000900713,37.55905,127.09091
202530400000900075,37.54127,127.09471
202530400000900978,37.55433,127.07298
202530400000900160,37.53147,127.08679
202530400000900995,37.5298,127.07477
202530400000900094,37.55418,127.07581
202530400000900378,37.53659,127.0903
202530400000900903,37.54784,127.07433
202530400000900501,37.54253,127.09458
202530400000900620,37.54327,127.06614
202530400000900479,37.5307,127.0872
202530400000900625,37.5571,127.08394
202530400000900569,37.56907,127.0813
202530400000900243,37.55615,127.08611
202530400000900196,37.53891,127.0626
202530400000900115,37.55259,127.08284
202530400000900799,37.55226,127.10307
202530400000900432,37.55477,127.09138
202530400000900652,37.53621,127.0839
202530400000900716,37.54656,127.07183
202530400000900778,37.55903,127.091
202530400000900478,37.55043,127.09311
202530400000901001,37.53198,127.08639
202530400000900119,37.55313,127.08636
202530400000900803,37.55383,127.10405
202530400000900009,37.54876,127.10183
202530400000900871,37.56143,127.07937
202530400000900932,37.5416,127.10094
202530400000900286,37.55968,127.08837
202530400000900767,37.55535,127.09849
202530400000900069,37.54723,127.08858
202530400000900643,37.56804,127.08617
202530400000900004,37.54891,127.10899
202530400000900988,37.53709,127.08071
202530400000900669,37.55212,127.07613
202530400000901030,37.55645,127.08508
202530400000900247,37.55932,127.08201
202530400000900493,37.55366,127.08983
202530400000900167,37.53656,127.07618
202530400000900891,37.5478,127.09027
202530400000900866,37.55209,127.08765
202530400000900203,37.53829,127.06341
202530400000900260,37.56771,127.07934
202530400000900015,37.54403,127.08944
202530400000900939,37.54215,127.09821
202530400000900392,37.53145,127.07655
202530400000900152,37.53064,127.08049
202530400000900281,37.55678,127.09212
202530400000900267,37.57098,127.08394
202530400000900484,37.55802,127.08086
202530400000900818,37.56814,127.09012
202530400000900057,37.55157,127.09456
202530400000900070,37.54649,127.08829
202530400000901004,37.53355,127.07302
202530400000900747,37.56302,127.09658
202530400000901026,37.56347,127.08679
202530400000900064,37.54978,127.09315
202530400000900872,37.55706,127.08731
202530400000901110,37.53434,127.06896
202530400000900600,37.53772,127.09166
202530400000900179,37.53763,127.06399
202530400000900130,37.53637,127.08196
202530400000900497,37.55351,127.08017
202530400000900063,37.55012,127.09224
202530400000900954,37.55354,127.09498
202530400000900846,37.55783,127.1039
202530400000900677,37.54012,127.08655
202530400000900108,37.55322,127.08056
202530400000900047,37.55364,127.09286
202530400000900311,37.5452,127.07528
202530400000900163,37.53753,127.07667
202530400000900662,37.5395,127.08337
202530400000900425,37.53645,127.0756
202530400000901053,37.55744,127.08874
202530400000900373,37.54111,127.08698
202530400000900740,37.54904,127.1074
202530400000900806,37.55287,127.10095
202530400000900780,37.54832,127.09216
202530400000900021,37.5434,127.08723
202530400000901088,37.55414,127.08212
202530400000900437,37.55858,127.08244
202530400000900007,37.54802,127.10806
202530400000900838,37.55387,127.10315
202530400000900687,37.56152,127.08797
202530400000900334,37.56199,127.08584
202530400000900001,37.5485,127.103
202530400000900877,37.56609,127.08193
202530400000900253,37.56011,127.08674
202530400000900641,37.53125,127.07997
202530400000900525,37.53058,127.07412
202530400000901051,37.56876,127.08682
202530400000900027,37.53907,127.0868
202530400000900764,37.53682,127.069
202530400000900815,37.55669,127.0957
202530400000900291,37.55596,127.09076
202530400000900153,37.52968,127.07999
202530400000900812,37.55646,127.09633
202530400000900440,37.55474,127.08081
202530400000900250,37.56207,127.08508
202530400000901019,37.53191,127.08563
202530400000900615,37.54128,127.07084
202530400000900653,37.54025,127.08794
202530400000900306,37.54628,127.06883
202530400000900176,37.53185,127.07445
202530400000900035,37.53916,127.08429
202530400000900211,37.5647,127.0775
202530400000900705,37.53913,127.06856
202530400000901055,37.56741,127.0886
202530400000901007,37.53531,127.07138
202530400000900192,37.53551,127.06238
202530400000900551,37.55755,127.07535
202530400000901077,37.5391,127.09406
202530400000900201,37.5341,127.06386
202530400000900506,37.55741,127.07664
202530400000900118,37.55214,127.08481
202530400000900097,37.55391,127.07102
202530400000900700,37.53435,127.08221
202530400000900518,37.5389,127.08241
202530400000900899,37.53086,127.08643
202530400000900125,37.5546,127.07917
202530400000900670,37.538,127.07703
202530400000900582,37.53565,127.07975
202530400000900235,37.56204,127.0864
202530400000900940,37.54018,127.10219
202530400000900315,37.55986,127.08172
202530400000900741,37.53584,127.0677
202530400000900504,37.55677,127.07821
202530400000900636,37.55238,127.08842
202530400000900013,37.53914,127.08831
202530400000900189,37.53938,127.06526
202530400000900422,37.55332,127.08552
202530400000900886,37.56104,127.09502
202530400000901085,37.54129,127.08875
202530400000900252,37.56141,127.0832
202530400000900259,37.56985,127.0813
202530400000900077,37.54071,127.09224
202530400000900935,37.5433,127.09551
202530400000900304,37.54556,127.0742
202530400000900337,37.54615,127.06707
202530400000900307,37.54343,127.06753
202530400000900966,37.53711,127.09293
202530400000900595,37.55324,127.07325
202530400000900704,37.53926,127.06823
202530400000900857,37.55636,127.08009
202530400000900320,37.55223,127.09191
202530400000900024,37.54173,127.08823
202530400000900061,37.55551,127.09424
202530400000900498,37.55514,127.09445
202530400000900825,37.55492,127.10072
202530400000901094,37.5575,127.08104
202530400000900031,37.54181,127.08488
202530400000900174,37.53368,127.0714
202530400000900368,37.54822,127.10506
202530400000900236,37.56152,127.08475
202530400000900733,37.54976,127.10132
202530400000900154,37.52797,127.08024
202530400000900693,37.54288,127.09113
202530400000900661,37.53769,127.0933
202530400000900298,37.54312,127.06823
202530400000900381,37.55601,127.07321
202530400000900338,37.54885,127.07273
202530400000900513,37.54186,127.09121
202530400000900958,37.53604,127.09105
202530400000900611,37.53273,127.06291
202530400000900128,37.53952,127.08133
202530400000900791,37.53635,127.07986
202530400000900133,37.53479,127.0789
202530400000900466,37.55441,127.09272
202530400000900136,37.53321,127.07812
202530400000900824,37.5549,127.10037
202530400000900675,37.54665,127.10738
202530400000900923,37.54642,127.10139
202530400000900777,37.53692,127.09502
202530400000900155,37.52914,127.08391
202530400000900913,37.53974,127.07188
202530400000900434,37.54822,127.10613
202530400000901100,37.5525,127.086
202530400000900558,37.54333,127.0704
202530400000900524,37.52895,127.07978
202530400000900042,37.55164,127.09554
202530400000900103,37.54838,127.07269
202530400000900556,37.54611,127.07297
202530400000900371,37.54388,127.0987
202530400000900527,37.53305,127.06438
202530400000900204,37.53906,127.06454
202530400000900969,37.55349,127.09944
202530400000900858,37.55545,127.08079
202530400000900451,37.56725,127.08795
202530400000900908,37.56727,127.07705
202530400000900329,37.54359,127.08645
202530400000900808,37.55481,127.09803
202530400000900403,37.55732,127.0831
202530400000901112,37.54883,127.07078
202530400000900117,37.55412,127.08523
202530400000900640,37.53081,127.08158
202530400000900324,37.53045,127.08506
202530400000900177,37.53084,127.07341
202530400000900950,37.55471,127.0947
202530400000900970,37.5401,127.09062
202530400000900905,37.56643,127.08435
202530400000900522,37.52922,127.07837
202530400000900839,37.55496,127.10399
202530400000901058,37.54311,127.08135
202530400000900023,37.54363,127.08565
202530400000900521,37.53204,127.08727
202530400000900562,37.54628,127.10468
202530400000900473,37.53833,127.08744
202530400000900447,37.54215,127.09092
202530400000901086,37.54358,127.08268
202530400000900223,37.56104,127.07772
202530400000900869,37.55523,127.07916
202530400000901054,37.57008,127.08177
202530400000901082,37.56531,127.08172
202530400000900431,37.54042,127.09241
202530400000900917,37.53586,127.09434
202530400000900875,37.5637,127.08589
202530400000900581,37.53556,127.08238
202530400000900991,37.53259,127.07558
202530400000900238,37.55537,127.08723
202530400000900168,37.5362,127.07578
202530400000900578,37.56865,127.08808
202530400000900417,37.56863,127.08898
202530400000900845,37.55694,127.10302
202530400000900929,37.55631,127.0788
202530400000900358,37.53294,127.07051
202530400000900441,37.53211,127.07974
202530400000900175,37.53273,127.07448
202530400000900907,37.56659,127.07726
202530400000900231,37.56364,127.08074
202530400000900496,37.55932,127.09282
202530400000900515,37.53369,127.07867
202530400000900285,37.56947,127.08872
202530400000900348,37.56801,127.08314
202530400000900199,37.53643,127.06745
202530400000900606,37.53091,127.08628
202530400000900439,37.5531,127.07133
202530400000900763,37.56602,127.08498
202530400000900758,37.55414,127.10133
202530400000900743,37.56227,127.09624
202530400000900590,37.53915,127.07675
202530400000901041,37.57107,127.08138
202530400000900649,37.56551,127.08112
202530400000901089,37.5336,127.08278
202530400000900852,37.5444,127.08733
202530400000900251,37.56085,127.08229
202530400000900657,37.55658,127.07408
202530400000900288,37.57019,127.08716
202530400000900667,37.54705,127.07328
202530400000901000,37.53061,127.08385
202530400000900772,37.53512,127.06822
202530400000900855,37.55528,127.07219
202530400000900983,37.55105,127.07162
202530400000901023,37.56564,127.07955
202530400000900930,37.56243,127.07947
202530400000900519,37.53456,127.08328
202530400000900768,37.55318,127.10115
202530400000900541,37.55773,127.08931
202530400000900685,37.54229,127.08899
202530400000900760,37.55798,127.10261
202530400000900735,37.54433,127.09974
202530400000900161,37.53153,127.08817
202530400000900901,37.54006,127.07096
202530400000900248,37.56276,127.08329
202530400000900536,37.54683,127.06836
202530400000900919,37.54378,127.10308
202530400000900214,37.56224,127.08146
202530400000901098,37.54917,127.08833
202530400000900542,37.55857,127.0945
202530400000900418,37.54106,127.07033
202530400000901103,37.53522,127.06863
202530400000900709,37.56471,127.07935
202530400000900579,37.54747,127.0858
202530400000900789,37.52995,127.08908
202530400000900544,37.54782,127.08806
202530400000900471,37.55117,127.1005
202530400000900396,37.53413,127.06976
202530400000901099,37.53921,127.09525
202530400000901070,37.54691,127.08703
202530400000900695,37.53735,127.09452
202530400000901025,37.55926,127.08417
202530400000900319,37.53982,127.08641
202530400000900489,37.56941,127.08317
202530400000900056,37.55089,127.09595
202530400000900915,37.53192,127.06629
202530400000900801,37.55261,127.10373
202530400000901013,37.53666,127.06322
202530400000900301,37.56868,127.08366
202530400000900534,37.54392,127.06687
202530400000900971,37.54483,127.08837
202530400000900601,37.52944,127.07532
202530400000900663,37.53867,127.0659
202530400000900225,37.55937,127.0761
202530400000900714,37.54655,127.06769
202530400000900188,37.53895,127.06687
202530400000900010,37.54543,127.09779
202530400000900095,37.55299,127.07587
202530400000901087,37.54235,127.09358
202530400000900283,37.56092,127.0888
202530400000900268,37.57156,127.08151
202530400000900499,37.5459,127.0859
202530400000900363,37.54364,127.06826
202530400000900918,37.54098,127.07155
202530400000901097,37.5377,127.0879
202530400000900327,37.5465,127.0703
202530400000900082,37.54043,127.09325
202530400000900488,37.56393,127.08525
202530400000900143,37.53992,127.08225
202530400000900603,37.53397,127.07253
202530400000900257,37.56723,127.0835
202530400000900624,37.55594,127.08322
202530400000900867,37.5541,127.07856
202530400000900492,37.56825,127.08798
202530400000900068,37.54784,127.08634
202530400000900349,37.55836,127.09444
202530400000900554,37.5468,127.06919
202530400000901064,37.54248,127.06512
202530400000900889,37.54254,127.06935
202530400000900965,37.53666,127.09179
202530400000900941,37.54063,127.1
202530400000900728,37.54813,127.10059
202530400000900878,37.56597,127.08305
202530400000900591,37.54511,127.09887
202530400000900292,37.55399,127.09031
202530400000900881,37.55946,127.09137
202530400000900645,37.53502,127.07974
202530400000900702,37.53213,127.08783
202530400000900241,37.55925,127.08691
202530400000900276,37.55791,127.09304
202530400000900355,37.54151,127.10242
202530400000900750,37.56512,127.0974
202530400000900129,37.53609,127.08083
202530400000900779,37.55025,127.10119
202530400000900786,37.54508,127.07627
202530400000900904,37.55741,127.07946
202530400000900864,37.55296,127.08555
202530400000900698,37.55356,127.07928
202530400000900517,37.53227,127.08502
202530400000900631,37.56121,127.08725
202530400000900491,37.57023,127.08382
202530400000900512,37.53779,127.08701
202530400000900028,37.54073,127.08608
202530400000900974,37.54921,127.09081
202530400000900537,37.54483,127.07387
202530400000900539,37.55537,127.08617
202530400000900830,37.56373,127.09699
202530400000900890,37.54285,127.08303
202530400000900464,37.54154,127.0895
202530400000900116,37.55318,127.08466
202530400000900571,37.55254,127.08014
202530400000901079,37.54428,127.10024
202530400000900526,37.53551,127.07636
202530400000901002,37.53183,127.0884
202530400000900528,37.5361,127.06594
202530400000900220,37.56167,127.07581
202530400000900284,37.56176,127.08946
202530400000901076,37.55421,127.07517
202530400000900959,37.53708,127.0938
202530400000900605,37.54749,127.10122
202530400000900335,37.568,127.08444
202530400000900098,37.55406,127.07362
202530400000900944,37.54212,127.08166
202530400000900470,37.56224,127.08446
202530400000900734,37.54413,127.09922
202530400000900008,37.55079,127.10133
202530400000900710,37.55964,127.0841
202530400000900956,37.55215,127.09313
202530400000900085,37.53973,127.09007
202530400000900776,37.54135,127.09448
202530400000900638,37.55092,127.09155
202530400000900303,37.54558,127.06954
202530400000901063,37.54356,127.06563
202530400000900036,37.54425,127.084
202530400000900049,37.55417,127.09335
202530400000900040,37.53915,127.08609
202530400000900773,37.55218,127.10131
202530400000900523,37.53318,127.08757
202530400000901057,37.54501,127.07124
202530400000900893,37.54719,127.08952
202530400000900604,37.54739,127.0921
202530400000900873,37.55849,127.08544
202530400000901109,37.5482,127.09302
202530400000900240,37.55682,127.08643
202530400000900408,37.54411,127.06975
202530400000901091,37.53218,127.0701
202530400000900300,37.54062,127.07054
202530400000901084,37.54106,127.1033
202530400000900380,37.55355,127.07185
202530400000900500,37.54865,127.10495
202530400000900800,37.55193,127.10432
202530400000900123,37.55239,127.07913
202530400000900861,37.55368,127.08338
202530400000900104,37.55829,127.07474
202530400000900646,37.55133,127.07181
202530400000900505,37.55652,127.07283
202530400000900575,37.54771,127.10573
202530400000901009,37.53085,127.07147
202530400000900208,37.53231,127.08359
202530400000900093,37.55472,127.07657
202530400000900197,37.53767,127.06797
202530400000900566,37.54531,127.06668
202530400000901118,37.54751,127.09079
202530400000900721,37.54811,127.09644
202530400000900127,37.53437,127.08195
202530400000900409,37.54433,127.07163
202530400000900952,37.55267,127.09534
202530400000900577,37.55709,127.09369
202530400000900924,37.56596,127.08454
202530400000900968,37.53881,127.09805
202530400000900277,37.55749,127.09347
202530400000900933,37.54205,127.10177
202530400000900346,37.53571,127.06409
202530400000900683,37.53615,127.06454
202530400000900912,37.53645,127.08385
202530400000900202,37.53953,127.06335
202530400000900076,37.54097,127.09414
202530400000900699,37.55374,127.07943
202430500000901193,37.58726249,127.0470715
202430500000901602,37.57597812,127.0375187
202430500000901503,37.56776424,127.0679313
202430500000901936,37.6006522,127.0669734
202430500000901195,37.58454545,127.048993
202430500000901811,37.59915094,127.0538951
202430500000901112,37.58598832,127.0594016
202430500000901850,37.56785856,127.0714133
202430500000901764,37.59577929,127.0654966
202430500000901938,37.6055467,127.0707503
202430500000901474,37.57244729,127.0685032
202430500000901167,37.59064428,127.0534782
202430500000901373,37.57850723,127.0552642
202430500000901152,37.59316359,127.0553862
202430500000901592,37.59599432,127.0660003
202430500000901813,37.60134762,127.0513585
202430500000901591,37.60088993,127.064836
202430500000901223,37.59006,127.04133
202430500000901455,37.57166117,127.0671027
202430500000901561,37.59894141,127.0548812
202430500000901251,37.58973915,127.0371916
202430500000901431,37.57308268,127.0709819
202430500000901284,37.5787788,127.036795
202430500000901766,37.59476686,127.0631033
202430500000901450,37.56904906,127.0644698
202430500000901432,37.57718437,127.0707879
202430500000901093,37.5854289,127.059702
202430500000901662,37.57172263,127.0581869
202430500000901828,37.58642833,127.0656562
202430500000901080,37.58269224,127.0687289
202430500000901706,37.5691996,127.057712
202430500000901330,37.57702371,127.0671718
202430500000901103,37.5829496,127.068868
202430500000901412,37.5740555,127.0681784
202430500000901669,37.57230766,127.0603673
202430500000901144,37.5923838,127.058975
202430500000901409,37.57546039,127.0686397
202430500000901928,37.5762556,127.0767657
202430500000901116,37.5870869,127.057125
202430500000901628,37.5738311,127.02438
202430500000901423,37.57551989,127.0696104
202430500000901380,37.5767364,127.047591
202430500000901477,37.57136346,127.0663866
202430500000900992,37.5846063,127.0525754
202430500000901429,37.57655242,127.0688052
202430500000901462,37.56530985,127.0680362
202430500000901541,37.60006651,127.0660813
202430500000901218,37.5863106,127.044897
202430500000901479,37.5627885,127.071139
202430500000901366,37.57808963,127.0561732
202430500000901102,37.5893322,127.06233
202430500000901490,37.5631026,127.065505
202430500000901910,37.5843,127.0391
202430500000900962,37.5755475,127.0382887
202430500000901465,37.56846024,127.0640415
202430500000901362,37.5786458,127.0563528
202430500000901417,37.58103113,127.0737983
202430500000901220,37.5853307,127.050614
202430500000901332,37.5763014,127.058238
202430500000901205,37.58644294,127.0512233
202430500000901853,37.58485254,127.0347975
202430500000901050,37.5704642,127.0591788
202430500000901921,37.5791,127.0444
202430500000901941,37.5828749,127.0505851
202430500000901159,37.59322487,127.0497146
202430500000901809,37.57435565,127.0710225
202430500000901709,37.57365504,127.0573893
202430500000901108,37.5883027,127.062592
202430500000901266,37.589901,127.038513
202430500000901445,37.56347293,127.0595617
202430500000901145,37.59045647,127.0580879
202430500000901388,37.5743058,127.048006
202430500000901468,37.57818812,127.0736878
202430500000901707,37.56970586,127.0633043
202430500000901725,37.57094109,127.0492192
202430500000901631,37.57556911,127.0237441
202430500000901625,37.57644649,127.0311711
202430500000901648,37.5727679,127.024071
202430500000901054,37.57299773,127.0557344
202430500000901311,37.57539524,127.0585269
202430500000901368,37.58441774,127.0522766
202430500000901160,37.59114665,127.0497901
202430500000901290,37.58378352,127.0336638
202430500000901291,37.58140197,127.0316504
202430500000901021,37.60383998,127.0666322
202430500000901847,37.57512175,127.0735282
202430500000901281,37.5813326,127.030598
202430500000901774,37.57744556,127.046894
202430500000901688,37.5723624,127.058587
202430500000901814,37.6007634,127.0503783
202430500000901164,37.59105707,127.0553571
202430500000901219,37.5857327,127.047894
202430500000901890,37.6028,127.0645
202430500000901376,37.5805996,127.052547
202430500000901846,37.56887345,127.0545113
202430500000901147,37.59198533,127.0630231
202430500000901653,37.5745474,127.024024
202430500000901340,37.57881984,127.0559588
202430500000901250,37.58568082,127.0356527
202430500000901360,37.57726008,127.0559737
202430500000901831,37.5818124,127.0630351
202430500000901343,37.57871553,127.049556
202430500000901524,37.59980044,127.0671644
202430500000901676,37.56975706,127.0577254
202430500000901210,37.58732964,127.049302
202430500000901067,37.58515975,127.0440504
202430500000901436,37.58103784,127.0717059
202430500000901361,37.57898045,127.0547482
202430500000901946,37.5661433,127.0741733
202430500000901489,37.56794525,127.0635106
202430500000901264,37.58563004,127.0394851
202430500000901134,37.58933989,127.056131
202430500000901804,37.57108576,127.0286857
202430500000901594,37.59825332,127.055348
202430500000901257,37.58182056,127.0439442
202430500000901926,37.5727,127.0366
202430500000901550,37.59441728,127.0577872
202430500000901692,37.570416,127.058804
202430500000901619,37.57766831,127.0355386
202430500000901655,37.57991463,127.0264318
202430500000901627,37.572467,127.031263
202430500000901830,37.58283186,127.06336
202430500000901428,37.57437384,127.0695574
202430500000901547,37.59561099,127.0581353
202430500000901511,37.57147911,127.0693604
202430500000901643,37.5760982,127.043711
202430500000901646,37.5775364,127.040745
202430500000901354,37.57695919,127.0471752
202430500000901768,37.57461247,127.0688446
202430500000901000,37.5837934,127.0358433
202430500000901951,37.5734462,127.02443
202430500000901110,37.5876072,127.069747
202430500000901400,37.57844686,127.0729807
202430500000901848,37.57179965,127.0689107
202430500000901504,37.57011582,127.0694807
202430500000901597,37.57598539,127.0422036
202430500000901349,37.57722697,127.0551418
202430500000901789,37.57802377,127.0435313
202430500000901806,37.57122173,127.0282949
202430500000901185,37.5911173,127.050686
202430500000901153,37.59151183,127.052958
202430500000901255,37.57905247,127.0361025
202430500000901287,37.58514978,127.0390716
202430500000901480,37.56246653,127.0630079
202430500000901452,37.56723341,127.064045
202430500000901213,37.58672,127.0497
202430500000901325,37.57820979,127.0608942
202430500000901322,37.5790362,127.062245
202430500000901845,37.56917011,127.054799
202430500000901168,37.59344889,127.0506268
202430500000901737,37.57271855,127.0488937
202430500000901864,37.58507816,127.0347568
202430500000901441,37.56576495,127.066668
202430500000901098,37.587736,127.056231
202430500000901091,37.58723094,127.0581657
202430500000901487,37.56372337,127.0684678
202430500000901401,37.57317963,127.0684977
202430500000901197,37.58618675,127.0470915
202430500000901163,37.59013527,127.0545676
202430500000901222,37.5880698,127.04468
202430500000901258,37.58062193,127.0424466
202430500000901786,37.58089756,127.0720997
202430500000900985,37.57578787,127.0476481
202430500000901956,37.5806918,127.064359
202430500000900987,37.57870524,127.0487388
202430500000901895,37.5674,127.0755
202430500000901760,37.57830237,127.0376685
202430500000901473,37.57193498,127.0759145
202430500000901578,37.5966707,127.066639
202430500000901113,37.5865672,127.055775
202430500000901372,37.5809376,127.053332
202430500000901139,37.5927533,127.058763
202430500000901816,37.59214247,127.0451081
202430500000900997,37.5872262,127.0351368
202430500000901740,37.5744863,127.057455
202430500000901183,37.5902728,127.050269
202430500000901629,37.5779324,127.026343
202430500000900999,37.5835164,127.0368633
202430500000901912,37.5841,127.0369
202430500000901649,37.5767229,127.041772
202430500000901356,37.57772745,127.055834
202430500000901605,37.57599111,127.0388886
202430500000901736,37.5734361,127.042922
202430500000901546,37.6026136,127.065013
202430500000901189,37.58565169,127.0493703
202430500000901718,37.57306805,127.0482207
202430500000901381,37.57544803,127.0570826
202430500000901841,37.56978901,127.0533845
202430500000901807,37.59880765,127.0537832
202430500000901202,37.58475535,127.0485511
202430500000901714,37.57039354,127.0564187
202430500000901394,37.57527113,127.0711128
202430500000901495,37.56300961,127.0596429
202430500000901298,37.5831401,127.0546965
202430500000901207,37.58979305,127.0405273
202430500000901120,37.59452319,127.0670917
202430500000901573,37.59541497,127.0680026
202430500000901106,37.5871891,127.059956
202430500000901149,37.59439713,127.0673314
202430500000901482,37.56858073,127.0644454
202430500000901015,37.56206969,127.0658491
202430500000901663,37.56512664,127.0578101
202430500000901746,37.56976394,127.0529598
202430500000901964,37.573363,127.0391831
202430500000901924,37.5789,127.0427
202430500000901302,37.57903226,127.0600006
202430500000901793,37.5869834,127.0693527
202430500000901557,37.59838665,127.0569255
202430500000901667,37.57314634,127.0609306
202430500000901586,37.5991,127.0564
202430500000901533,37.6043516,127.066708
202430500000901506,37.56432243,127.0701579
202430500000901702,37.5739635,127.066573
202430500000901182,37.5919039,127.054635
202430500000901012,37.56487413,127.0634288
202430500000901801,37.56802596,127.0672547
202430500000901568,37.59447273,127.0612158
202430500000901352,37.57584554,127.0559598
202430500000901658,37.57568432,127.024762
202430500000901577,37.5980206,127.065516
202430500000901521,37.60233287,127.0671082
202430500000901914,37.5873,127.0398
202430500000901254,37.58782609,127.0390419
202430500000901470,37.56786007,127.0730011
202430500000901306,37.57946947,127.0587074
202430500000901802,37.5751057,127.0738894
202430500000901829,37.58495946,127.0644382
202430500000901854,37.5702602,127.0609718
202430500000901940,37.5637016,127.0680846
202430500000901191,37.58456091,127.0436892
202430500000901535,37.5991838,127.067819
202430500000901812,37.59977169,127.053145
202430500000901184,37.5927127,127.054217
202430500000901176,37.5898879,127.049584
202430500000901261,37.586525,127.039067
202430500000901933,37.6029842,127.067572
202430500000901522,37.60491685,127.070804
202430500000901563,37.59477607,127.0573886
202430500000901570,37.59433614,127.0601557
202430500000900993,37.5789196,127.0557712
202430500000901425,37.57293233,127.0740355
202430500000901909,37.586,127.0415
202430500000901130,37.59520998,127.0654374
202430500000901726,37.56643579,127.0543662
202430500000901863,37.58055542,127.0547077
202430500000901048,37.5764579,127.0665107
202430500000901097,37.5862663,127.062936
202430500000901253,37.58343939,127.0392351
202430500000901233,37.58695752,127.0379808
202430500000900982,37.574976,127.053686
202430500000901328,37.5776982,127.066424
202430500000901403,37.56933482,127.0716329
202430500000901690,37.5719625,127.059635
202430500000901700,37.57134934,127.0584474
202430500000900998,37.5860447,127.0377252
202430500000901337,37.58536261,127.0541889
202430500000901957,37.5806918,127.064359
202430500000901560,37.59741438,127.0670371
202430500000901206,37.59029182,127.0419673
202430500000901020,37.60172151,127.0628415
202430500000901875,37.60111276,127.0671602
202430500000901883,37.575,127.0622
202430500000901304,37.580537,127.0587016
202430500000901078,37.58657061,127.0662817
202430500000901169,37.59260633,127.0503914
202430500000900989,37.57505654,127.0526562
202430500000901939,37.5661433,127.0741733
202430500000901177,37.5896858,127.05336
202430500000901537,37.6016822,127.067173
202430500000901244,37.58568451,127.0344674
202430500000901282,37.5823933,127.031456
202430500000901131,37.59134569,127.0640535
202430500000901216,37.590132,127.047447
202430500000901371,37.579159,127.050208
202430500000901064,37.58499032,127.0450216
202430500000901071,37.59004042,127.0625775
202430500000901525,37.60009143,127.0653409
202430500000901379,37.58619473,127.0536585
202430500000901672,37.57292305,127.0646538
202430500000901060,37.5742844,127.0485425
202430500000901885,37.5894,127.054
202430500000901378,37.577997,127.054633
202430500000901791,37.57793263,127.043401
202430500000901033,37.5867427,127.0695475
202430500000901087,37.58131073,127.0734656
202430500000901713,37.5709155,127.0500821
202430500000901634,37.5773063,127.041626
202430500000901878,37.5714,127.0488
202430500000901600,37.5746969,127.0348863
202430500000901645,37.5746272,127.029902
202430500000901722,37.57193393,127.0485719
202430500000901214,37.5853043,127.049017
202430500000901036,37.59139053,127.0569774
202430500000901927,37.5762556,127.0767657
202430500000901143,37.5927934,127.059791
202430500000901083,37.58814686,127.0598913
202430500000901588,37.59470201,127.0582809
202430500000901469,37.57047478,127.0662888
202430500000901162,37.59234173,127.0547933
202430500000901383,37.57846463,127.0547605
202430500000901731,37.573661,127.053929
202430500000901275,37.5852642,127.035103
202430500000901301,37.57577386,127.0582698
202430500000901353,37.58184326,127.0530414
202430500000901967,37.575009,127.073721
202430500000901407,37.57751346,127.0687159
202430500000901496,37.56764014,127.0689005
202430500000901683,37.5739346,127.0659171
202430500000901691,37.5656445,127.059146
202430500000901729,37.56958696,127.0522714
202430500000901564,37.5938967,127.0591389
202430500000901100,37.5864195,127.070771
202430500000901637,37.572871,127.026884
202430500000901963,37.5901207,127.0425596
202430500000901598,37.57754251,127.0264453
202430500000901035,37.59399942,127.0678773
202430500000901900,37.5748,127.0774
202430500000901451,37.56375286,127.0631163
202430500000901943,37.5804721,127.0546093
202430500000901008,37.57327597,127.0689719
202430500000901835,37.58874522,127.068448
202430500000901719,37.5703075,127.0514569
202430500000901006,37.57571344,127.0689983
202430500000901693,37.56695819,127.0593334
202430500000901817,37.58325106,127.0543513
202430500000901430,37.57920947,127.0752684
202430500000901471,37.56918307,127.0670962
202430500000901127,37.59217108,127.060235
202430500000901375,37.5856647,127.054155
202430500000901377,37.57636726,127.0457571
202430500000901681,37.56849521,127.0587351
202430500000901532,37.60088151,127.0625053
202430500000901710,37.57357145,127.051023
202430500000901252,37.59022636,127.0371852
202430500000900966,37.57476608,127.0437577
202430500000901056,37.57339513,127.0525728
202430500000901402,37.57422636,127.0710736
202430500000901842,37.56972073,127.0536257
202430500000901002,37.5796112,127.0325814
202430500000901955,37.5806918,127.064359
202430500000901968,37.5845309,127.0686502
202430500000901953,37.5927528,127.042759
202430500000900965,37.57305404,127.0422055
202430500000901115,37.5901332,127.063975
202430500000901173,37.5904233,127.051048
202430500000901312,37.57981307,127.0574639
202430500000901019,37.60139337,127.0709044
202430500000901392,37.57764958,127.0471855
202430500000901862,37.58799212,127.0585236
202430500000901458,37.56318969,127.0701291
202430500000901438,37.56519709,127.0662332
202430500000901117,37.5878267,127.059617
202430500000901411,37.58066904,127.0698736
202430500000901396,37.576688,127.0692161
202430500000901606,37.57733711,127.0442698
202430500000901705,37.57404,127.061361
202430500000901805,37.57135398,127.0285106
202430500000901622,37.57756849,127.0337714
202430500000901466,37.56687244,127.063661
202430500000901483,37.56649974,127.071558
202430500000901833,37.58208756,127.0651739
202430500000901656,37.575,127.03827
202430500000901397,37.5783436,127.0743599
202430500000901923,37.5788,127.0496
202430500000901089,37.58893333,127.0612071
202430500000901181,37.59247139,127.0560315
202430500000901599,37.57680368,127.0407109
202430500000901180,37.5904825,127.049703
202430500000901569,37.59717708,127.0656281
202430500000901224,37.58137166,127.0441456
202430500000901453,37.56252754,127.0677488
202430500000901037,37.59134675,127.0600344
202430500000901023,37.60166684,127.0658898
202430500000901871,37.57909446,127.0598501
202430500000901559,37.59560021,127.0643129
202430500000901348,37.58169052,127.052519
202430500000901529,37.6010584,127.066875
202430500000901140,37.5907731,127.059446
202430500000901347,37.57599852,127.0463071
202430500000901350,37.57781022,127.0574339
202430500000901800,37.57903601,127.0593876
202430500000901962,37.5715429,127.0611571
202430500000901476,37.56681062,127.0641085
202430500000901323,37.579957,127.058654
202430500000901017,37.60258376,127.0656403
202430500000901369,37.5790134,127.053533
202430500000901613,37.57338658,127.0325172
202430500000901698,37.56708215,127.0619104
202430500000901517,37.60148643,127.0676936
202430500000901539,37.6006516,127.06532
202430500000901765,37.586477,127.06142
202430500000901126,37.5920161,127.0660043
202430500000901156,37.59334639,127.0542042
202430500000901630,37.5745651,127.041556
202430500000901947,37.5801568,127.0410462
202430500000901665,37.56766971,127.0574469
202430500000901824,37.57079749,127.048852
202430500000901906,37.5797,127.0406
202430500000901518,37.60242967,127.0668677
202430500000901903,37.5718,127.0772
202430500000901527,37.60191029,127.0661485
202430500000901858,37.58465621,127.0684092
202430500000901461,37.57114233,127.0684622
202430500000901200,37.58824136,127.0468041
202430500000901444,37.56371723,127.0644403
202430500000901052,37.57537132,127.0449781
202430500000901123,37.5917677,127.0599832
202430500000901364,37.57742364,127.0472623
202430500000901138,37.5857041,127.069239
202430500000901590,37.5954418,127.060778
202430500000901739,37.56990764,127.0566187
202430500000901514,37.6051027,127.0626731
202430500000901236,37.58483979,127.0368853
202430500000901567,37.59383301,127.0569776
202430500000901898,37.5767,127.0767
202430500000901575,37.5946171,127.056825
202430500000901443,37.56218966,127.0694527
202430500000901861,37.58071329,127.0717118
202430500000901536,37.5981816,127.0663429
202430500000901961,37.5737596,127.063558
202430500000901650,37.5783762,127.041736
202430500000901790,37.57803992,127.0433651
202430500000901026,37.59819447,127.0542128
202430500000901118,37.58733714,127.0612586
202430500000901165,37.59188781,127.0509574
202430500000901307,37.57782223,127.0668785
202430500000901111,37.58706058,127.0591976
202430500000901294,37.57826376,127.060222
202430500000901647,37.570489,127.031284
202430500000901641,37.5717339,127.033738
202430500000901478,37.56373428,127.0717036
202430500000901686,37.57593851,127.0617973
202430500000901309,37.57915146,127.0636215
202430500000901484,37.56534244,127.0714287
202430500000901199,37.58107439,127.0450528
202430500000901215,37.5891794,127.041557
202430500000901001,37.58181,127.0397074
202430500000901538,37.6034536,127.065461
202430500000901733,37.575483,127.044517
202430500000901601,37.5769186,127.0438766
202430500000901851,37.56536504,127.0643807
202430500000901446,37.57079109,127.0672309
202430500000901109,37.5842898,127.068827
202430500000901780,37.59131746,127.0559729
202430500000901782,37.59854495,127.057831
202430500000901086,37.58462261,127.0670284
202430500000901319,37.57817274,127.0636746
202430500000901819,37.5933153,127.0678345
202430500000901419,37.57943736,127.0724388
202430500000901948,37.5708692,127.0281784
202430500000901119,37.59258953,127.0687241
202430500000901502,37.56690764,127.0672956
202430500000901674,37.56675666,127.0572954
202430500000901129,37.59054494,127.056931
202430500000901028,37.59532587,127.0591027
202430500000901750,37.57048217,127.0496611
202430500000901732,37.5691419,127.050897
202430500000900967,37.57841339,127.0431282
202430500000901500,37.56557918,127.0672464
202430500000900964,37.57519091,127.0426784
202430500000901237,37.5847912,127.0322537
202430500000901677,37.57111696,127.0578409
202430500000901721,37.57278576,127.0550926
202430500000901032,37.58701669,127.0588203
202430500000901626,37.57639611,127.0280587
202430500000901865,37.58015102,127.0264463
202430500000901747,37.5743727,127.04399
202430500000901694,37.57530499,127.0669004
202430500000901716,37.57335162,127.0569148
202430500000901666,37.57354419,127.0595715
202430500000901711,37.57232773,127.0572772
202430500000901834,37.58771156,127.0671038
202430500000901161,37.59034584,127.055427
202430500000901011,37.56590678,127.0659692
202430500000901776,37.57219366,127.0237887
202430500000901198,37.58069628,127.0457338
202430500000901584,37.5963604,127.061483
202430500000901549,37.60042671,127.0647033
202430500000901618,37.57630792,127.041261
202430500000901701,37.5678976,127.057948
202430500000901049,37.5738015,127.0655494
202430500000901460,37.56834641,127.0658561
202430500000901338,37.578894,127.058345
202430500000901949,37.5759793,127.0348482
202430500000901761,37.57870013,127.0400384
202430500000901175,37.5902419,127.048718
202430500000901074,37.59066455,127.0647804
202430500000901414,37.57320843,127.0698033
202430500000901554,37.59509991,127.0601011
202430500000901305,37.57870588,127.0578853
202430500000901555,37.59471406,127.0616908
202430500000901042,37.59354177,127.0538075
202430500000901913,37.5871,127.0395
202430500000901779,37.592206,127.0566285
202430500000901285,37.58063785,127.0344786
202430500000901243,37.58389594,127.0395127
202430500000901758,37.56907203,127.0537948
202430500000901612,37.57151486,127.0268233
202430500000901827,37.58912808,127.0676191
202430500000901404,37.58224701,127.0686624
202430500000901604,37.57807997,127.0295692
202430500000901712,37.56931669,127.0531113
202430500000901818,37.59368322,127.067954
202430500000901781,37.588515,127.05892
202430500000901231,37.58797767,127.0365841
202430500000901226,37.5875496,127.044507
202430500000900973,37.5722088,127.0253071
202430500000901209,37.5875255,127.042577
202430500000901246,37.58570156,127.0415459
202430500000900975,37.5714346,127.0322825
202430500000901044,37.59304036,127.0549623
202430500000901279,37.5853477,127.041539
202430500000901053,37.57226084,127.0442246
202430500000901137,37.5921914,127.065069
202430500000901607,37.57212359,127.0333232
202430500000901869,37.56709671,127.057496
202430500000901596,37.60438478,127.0630807
202430500000901512,37.59994844,127.067775
202430500000901280,37.5902121,127.037641
202430500000901678,37.57175029,127.0579049
202430500000900996,37.5770919,127.0488938
202430500000901505,37.57098662,127.070706
202430500000901141,37.58930209,127.0567296
202430500000901030,37.59900226,127.0584075
202430500000901166,37.5900679,127.0487013
202430500000901551,37.6017013,127.065117
202430500000901734,37.57384226,127.0456044
202430500000901494,37.56388735,127.0663867
202430500000901365,37.574586,127.053583
202430500000901753,37.5708696,127.0514877
202430500000901545,37.59429202,127.06153
202430500000901610,37.57701669,127.0423309
202430500000901232,37.58851361,127.0367548
202430500000901642,37.57668723,127.0395292
202430500000901741,37.5678251,127.0524782
202430500000901552,37.59723265,127.066402
202430500000901889,37.585,127.0557
202430500000901879,37.5717,127.0622
202430500000901715,37.56945305,127.0567964
202430500000901773,37.57789953,127.0626372
202430500000901680,37.56989823,127.0583774
202430500000901735,37.5719868,127.050978
202430500000901972,37.57621,127.0715779
202430500000901870,37.56462865,127.059572
202430500000901931,37.5977803,127.0685475
202430500000901172,37.591371,127.054144
202430500000901393,37.5777531,127.051062
202430500000901799,37.57243692,127.0617744
202430500000901954,37.5732065,127.0351802
202430500000901440,37.56938021,127.0668051
202430500000901704,37.5739429,127.058629
202430500000901179,37.5891245,127.049159
202430500000901562,37.59613483,127.0637447
202430500000901937,37.601529,127.0675211
202430500000901930,37.5932222,127.0688861
202430500000901639,37.5780203,127.03504
202430500000901636,37.5768895,127.035082
202430500000901918,37.5791,127.0444
202430500000900972,37.5733787,127.028842
202430500000901763,37.59534627,127.0625687
202430500000901621,37.57491257,127.026788
202430500000901270,37.5838951,127.033908
202430500000901029,37.59934062,127.0587954
202430500000901654,37.5817272,127.029118
202430500000901838,37.58938238,127.0455652
202430500000901240,37.58351052,127.0340088
202430500000901703,37.57017638,127.0601555
202430500000901742,37.5672974,127.055378
202430500000901543,37.6030963,127.063819
202430500000901405,37.57368629,127.0680023
202430500000901076,37.58837419,127.0583952
202430500000901105,37.5859532,127.067071
202430500000901580,37.5941774,127.062158
202430500000901367,37.57494444,127.0486907
202430500000901916,37.5857,127.0371
202430500000901194,37.58654585,127.0506952
202430500000901727,37.568772,127.056026
202430500000901767,37.59059529,127.0512539
202430500000901442,37.56903341,127.0686282
202430500000901508,37.56217234,127.0651729
202430500000901303,37.57771876,127.0629989
202430500000901439,37.56480023,127.0617409
202430500000901248,37.58712937,127.0371018
202430500000901548,37.6019077,127.066689
202430500000901501,37.56448679,127.0623399
202430500000901614,37.57676244,127.0363942
202430500000901820,37.60067666,127.0665884
202430500000901081,37.59001603,127.0682237
202430500000901966,37.5773953,127.0714106
202430500000901486,37.57144129,127.0678003
202430500000901022,37.60400393,127.062465
202430500000901670,37.56685449,127.0583612
202430500000901085,37.58590658,127.0558041
202430500000901334,37.5796594,127.067637
202430500000900974,37.5711032,127.0325974
202430500000901697,37.5685803,127.062001
202430500000901217,37.5887243,127.047132
202430500000901798,37.58045589,127.0646788
202430500000901201,37.58260608,127.0437564
202430500000901387,37.58681201,127.0547315
202430500000901413,37.57984085,127.0688431
202430500000901099,37.58521984,127.06554
202430500000901389,37.5786747,127.050425
202430500000901497,37.56676079,127.0691743
202430500000901256,37.58466922,127.0415991
202430500000901876,37.5755,127.0382
202430500000901880,37.5722,127.063
202430500000901271,37.5828902,127.034841
202430500000900969,37.5809522,127.0285587
202430500000901624,37.57664997,127.0410399
202430500000901263,37.58099512,127.042434
202430500000901267,37.5875897,127.039409
202430500000901286,37.5887946,127.039826
202430500000901587,37.59677943,127.0568017
202430500000901125,37.59503242,127.0659488
202430500000901024,37.59483221,127.056383
202430500000901808,37.57649893,127.0651606
202430500000901488,37.56405606,127.0601833
202430500000901932,37.5901087,127.0553697
202430500000901386,37.58205493,127.0500163
202430500000901810,37.59106352,127.0611689
202430500000901919,37.5791,127.0444
202430500000901066,37.58413774,127.0444399
202430500000901844,37.56990639,127.0555318
202430500000901434,37.56810585,127.0709171
202430500000901242,37.58604928,127.0339387
202430500000901211,37.58150035,127.0452846
202430500000901447,37.56220915,127.0648667
202430500000901122,37.58970912,127.0586048
202430500000901959,37.5806918,127.064359
202430500000901187,37.5905998,127.049284
202430500000901920,37.5791,127.0444
202430500000901245,37.58419626,127.035198
202430500000901754,37.5721494,127.049883
202430500000901068,37.58418714,127.0493585
202430500000901516,37.60062857,127.0674259
202430500000901228,37.58691184,127.0340095
202430500000901038,37.58895612,127.0571136
202430500000901331,37.580502,127.06725
202430500000901150,37.5912693,127.05804
202430500000901234,37.58667455,127.0372554
202430500000901073,37.58556103,127.0609058
202430500000901839,37.58951892,127.0461618
202430500000901659,37.5765158,127.03421
202430500000901696,37.57100196,127.057408
202430500000901762,37.600875,127.066251
202430500000901229,37.58760124,127.0346738
202430500000901526,37.60249088,127.0664069
202430500000901638,37.5739008,127.040871
202430500000901770,37.56605566,127.0693499
202430500000901515,37.60026045,127.0668583
202430500000901346,37.58507738,127.0532844
202430500000901749,37.5678582,127.055523
202430500000901336,37.5830751,127.052506
202430500000901420,37.57578354,127.0705437
202430500000901891,37.5646,127.0733
202430500000901421,37.5794681,127.0696804
202430500000901556,37.59505205,127.0676391
202430500000901046,37.56590102,127.0556235
202430500000901196,37.58789518,127.0451215
202430500000901615,37.57607596,127.0264294
202430500000901314,37.57975267,127.0619429
202430500000901464,37.5651956,127.0641286
202430500000901611,37.57839291,127.0291589
202430500000901855,37.57550649,127.0630862
202430500000901771,37.5702989,127.0591465
202430500000901899,37.5789,127.0765
202430500000900988,37.57902225,127.0498531
202430500000901408,37.57817787,127.0762029
202430500000901357,37.58511928,127.0549154
202430500000901399,37.57642912,127.0712279
202430500000901699,37.5723244,127.06527
202430500000901897,37.5717,127.0776
202430500000901565,37.59527611,127.0614284
202430500000901720,37.57278898,127.0567568
202430500000901687,37.56947008,127.058267
202430500000901057,37.5678703,127.0544266
202430500000901935,37.6006918,127.0668044
202430500000901472,37.56402295,127.0692994
202430500000901329,37.5801852,127.057363
202430500000901925,37.5786,127.0428
202430500000901797,37.58310415,127.065429
202430500000901796,37.57227711,127.0583529
202430500000901014,37.57040002,127.0676973
202430500000901685,37.57130949,127.0592418
202430500000900977,37.5748349,127.0332157
202430500000900971,37.5755748,127.0254449
202430500000901341,37.57664851,127.0554464
202430500000901259,37.58277372,127.0316795
202430500000901315,37.57861086,127.0657458
202430500000901821,37.58444317,127.038416
202430500000901398,37.57971766,127.0701441
202430500000901673,37.56911116,127.0583452
202430500000901917,37.5791,127.0444
202430500000901009,37.57450167,127.0677737
202430500000901133,37.58828854,127.0549476
202430500000901877,37.5732,127.0457
202430500000901310,37.57596191,127.0586828
202430500000901457,37.5671109,127.0701122
202430500000901635,37.57553779,127.0322641
202430500000901872,37.5783576,127.0631437
202430500000901092,37.58558173,127.066761
202430500000901269,37.583325,127.041055
202430500000901058,37.5692207,127.0533905
202430500000901204,37.58953936,127.0421467
202430500000901907,37.5788,127.039
202430500000901135,37.58895924,127.0561054
202430500000901065,37.58635762,127.0442096
202430500000901499,37.56426194,127.0655892
202430500000901148,37.5921486,127.060786
202430500000901777,37.5784436,127.026983
202430500000901671,37.56596883,127.0593832
202430500000901136,37.59030233,127.0617575
202430500000901293,37.57960604,127.0577956
202430500000901395,37.57751154,127.0722979
202430500000901652,37.5786893,127.025947
202430500000901051,37.5694544,127.0592869
202430500000900968,37.5791605,127.0425034
202430500000901321,37.5768784,127.066168
202430500000900983,37.58034862,127.0459966
202430500000901212,37.58714892,127.0506536
202430500000901351,37.58220409,127.0512355
202430500000901603,37.57628566,127.0284776
202430500000901894,37.5663,127.0748
202430500000900995,37.5764923,127.0572119
202430500000901866,37.57992515,127.026118
202430500000901788,37.57519605,127.0734342
202430500000901456,37.56680007,127.065786
202430500000900986,37.57818039,127.0474337
202430500000901034,37.58805914,127.0565506
202430500000901344,37.58382206,127.051379
202430500000901633,37.5771059,127.025805
202430500000901463,37.56357712,127.0668715
202430500000901785,37.58110521,127.0713631
202430500000901018,37.60480354,127.0701259
202430500000901892,37.5691,127.0758
202430500000901507,37.56418276,127.0672928
202430500000901553,37.59670863,127.0661736
202430500000901276,37.5817927,127.036465
202430500000901566,37.59458841,127.0677462
202430500000901004,37.57282406,127.0754514
202430500000901744,37.5714906,127.057193
202430500000901339,37.57663221,127.0456436
202430500000901292,37.584454,127.032796
202430500000901843,37.57749214,127.0522082
202430500000901055,37.5666616,127.0546607
202430500000901238,37.5826312,127.0428083
202430500000901079,37.58628954,127.0584287
202430500000901475,37.56557753,127.0709109
202430500000901717,37.56662218,127.0560551
202430500000901433,37.56977446,127.0703306
202430500000901679,37.57611963,127.0661621
202430500000901616,37.57601869,127.0330318
202430500000901221,37.5872528,127.04312
202430500000901887,37.5864,127.0666
202430500000901682,37.5711603,127.064533
202430500000901296,37.58056261,127.0678682
202430500000901492,37.56194828,127.0673998
202430500000901374,37.5804414,127.053715
202430500000900991,37.57606887,127.0551977
202430500000901384,37.58470166,127.0516742
202430500000901192,37.58744332,127.0419613
202430500000901335,37.5812467,127.051129
202430500000901632,37.5726498,127.036727
202430500000901070,37.58647281,127.0519766
202430500000901583,37.5959129,127.064385
202430500000901155,37.59277733,127.0537842
202430500000901893,37.5715,127.077
202430500000900990,37.57762694,127.0524307
202430500000901426,37.5792036,127.0703912
202430500000901265,37.58580602,127.0386276
202430500000901640,37.57861033,127.0273117
202430500000901756,37.57128646,127.0509405
202430500000901901,37.5758,127.0774
202430500000901326,37.57892437,127.0575641
202430500000901186,37.5904611,127.052336
202430500000901422,37.57508555,127.067841
202430500000901787,37.58843006,127.0613465
202430500000901908,37.5791,127.039
202430500000901188,37.58046242,127.0441049
202430500000901041,37.59328951,127.0532339
202430500000901059,37.5732972,127.0476955
202430500000900994,37.5797188,127.0555042
202430500000901146,37.59185739,127.0577676
202430500000901888,37.5846,127.0719
202430500000901873,37.57856519,127.0636168
202430500000901151,37.59396733,127.0633588
202430500000901589,37.5955359,127.065927
202430500000901157,37.59249738,127.0529561
202430500000901096,37.5862896,127.061447
202430500000901039,37.59181807,127.0585411
202430500000901342,37.57375818,127.0469357
202430500000901922,37.5807,127.0545
202430500000901121,37.58877491,127.055782
202430500000901530,37.60171816,127.0637364
202430500000901299,37.57660336,127.0585747
202430500000901045,37.59154357,127.0554582
202430500000901795,37.58614244,127.0653481
202430500000901090,37.58694535,127.0564577
202430500000901208,37.58679472,127.0512942
202430500000901874,37.57837254,127.0624766
202430500000901297,37.57939756,127.0579594
202430500000901915,37.5872,127.0388
202430500000901077,37.58907946,127.0590941
202430500000901911,37.587,127.0384
202430500000901158,37.59231689,127.0533431
202430500000901107,37.5863372,127.060841
202430500000901262,37.58925107,127.0383543
202430500000901519,37.60267526,127.0710253
202430500000901241,37.58595918,127.0353608
202430500000901542,37.6017095,127.062538
202430500000901513,37.60135412,127.0669386
202430500000901837,37.58985923,127.0445825
202430500000901003,37.57699787,127.0741539
202430500000901748,37.5694459,127.056065
202430500000901965,37.5671783,127.0739549
202430500000901620,37.577606,127.039081
202430500000901660,37.5734862,127.034316
202430500000901755,37.5733388,127.04974
202430500000901904,37.5768,127.0714
202430500000901859,37.56368507,127.0680832
202430500000901905,37.58,127.0392
202430500000901485,37.56344412,127.0613134
202430500000901016,37.56619754,127.0637944
202430500000901571,37.5993672,127.0576532
202430500000901075,37.5874916,127.0604621
202430500000901572,37.5961007,127.062199
202430500000901534,37.6002459,127.069665
202430500000901695,37.565041,127.05933
202430500000901031,37.58473732,127.0717902
202430500000901069,37.58964544,127.0413773
202430500000901752,37.56757436,127.0537176
202430500000901313,37.57866897,127.0665496
202430500000901278,37.5856949,127.033674
202430500000901738,37.5731584,127.050144
202430500000901088,37.58445146,127.0659023
202430500000901540,37.6008879,127.065555
202430500000901644,37.57501305,127.0282628
202430500000901171,37.5903358,127.047995
202430500000901745,37.57199432,127.0561268
202430500000901170,37.59056592,127.0546827
202430500000901084,37.58692382,127.0602764
202430500000901934,37.6028035,127.0647514
202430500000901358,37.57972372,127.0542329
202430500000900980,37.5798141,127.059421
202430500000901268,37.5835165,127.034536
202430500000901769,37.57183579,127.0689631
202430500000900981,37.5759649,127.0578789
202430500000901061,37.58676832,127.0402873
202430500000901230,37.58834356,127.0357328
202430500000901063,37.58467735,127.0473378
202430500000901520,37.60055231,127.0658734
202430500000901970,37.5653478,127.0642803
202430500000901327,37.57978408,127.059512
202430500000901783,37.59781855,127.0600385
202430500000901510,37.56822246,127.0673387
202430500000901832,37.5795982,127.0631562
202430500000901868,37.57328406,127.0245528
202430500000901283,37.5865645,127.040278
202430500000901969,37.5679775,127.0673641
202430500000901027,37.59837307,127.0560914
202430500000900978,37.5797305,127.0583746
202430500000901675,37.56723963,127.0574921
202430500000901345,37.58442746,127.054478
202430500000901406,37.577206,127.0692834
202430500000901355,37.57964556,127.0533907
202430500000901062,37.58068236,127.045347
202430500000901944,37.5714534,127.0724245
202430500000901174,37.5913695,127.050745
202430500000901435,37.57155489,127.0727678
202430500000901104,37.5869988,127.057553
202430500000901007,37.57753602,127.0700031
202430500000901523,37.60389391,127.0614043
202430500000901424,37.57419351,127.0727201
202430500000901235,37.58742894,127.0376018
202430500000901881,37.5716,127.0615
202430500000901585,37.59523874,127.0620206
202430500000901574,37.5933199,127.056337
202430500000901942,37.5844491,127.0447313
202430500000901784,37.575912,127.039884
202430500000901856,37.58384594,127.0654993
202430500000901852,37.56774155,127.0635598
202430500000901661,37.5775616,127.032196
202430500000901952,37.5858315,127.0357712
202430500000901124,37.5923997,127.058182
202430500000901728,37.57519786,127.0477386
202430500000901467,37.57016172,127.0729415
202430500000901857,37.58284666,127.0543624
202430500000901896,37.5699,127.0654
202430500000901822,37.57774653,127.0500178
202430500000901142,37.5947222,127.066875
202430500000901132,37.59175879,127.0594968
202430500000901363,37.57880811,127.0520527
202430500000901260,37.58756319,127.0360937
202430500000901803,37.57893787,127.0265763
202430500000901825,37.57053301,127.0485328
202430500000901772,37.57502035,127.0491243
202430500000901317,37.57927424,127.0593302
202430500000901295,37.57683248,127.0578885
202430500000901308,37.57938781,127.0570919
202430500000901950,37.5720013,127.0236535
202430500000901860,37.57702093,127.0712955
202430500000901454,37.5663274,127.0649009
202430500000901826,37.58965247,127.0680367
202430500000901385,37.57793629,127.0480559
202430500000901836,37.56495674,127.059528
202430500000901416,37.58114145,127.0724192
202430500000901664,37.57071245,127.0588255
202430500000901593,37.59863928,127.0668873
202430500000901609,37.57516172,127.033428
202430500000901410,37.58019111,127.072331
202430500000901249,37.58712005,127.036415
202430500000901382,37.5781245,127.056694
202430500000901095,37.5861798,127.06023
202430500000901815,37.5959377,127.0463574
202430500000901481,37.56972041,127.0675774
202430500000901689,37.5683742,127.059641
202430500000900976,37.5730097,127.0335651
202430500000901449,37.56358193,127.0586666
202430500000901101,37.5862047,127.060037
202430500000901239,37.5861514,127.0408348
202430500000900970,37.5770233,127.0325527
202430500000901359,37.57795854,127.0527612
202430500000901751,37.57093455,127.0567399
202430500000901792,37.57612756,127.0716542
202430500000901289,37.5870754,127.034385
202430500000901094,37.5857069,127.060099
202430500000901247,37.57858465,127.0329032
202430500000901886,37.5929,127.0689
202430500000901684,37.57060497,127.0582084
202430500000901759,37.5681008,127.056913
202430500000901902,37.5735,127.0776
202430500000901884,37.5738,127.0647
202430500000901491,37.5687384,127.069274
202430500000901300,37.58010178,127.0581823
202430500000901178,37.5927637,127.05108
202430500000901040,37.59361455,127.0684143
202430500000901203,37.58352545,127.0484106
202430500000901971,37.5716795,127.0691816
202430500000901459,37.57002429,127.0654302
202430500000901582,37.59666,127.067
202430500000901576,37.59289183,127.0587832
202430500000901579,37.5946485,127.061451
202430500000901509,37.56150445,127.0703675
202430500000900963,37.57722091,127.0450752
202430500000901945,37.5719215,127.0770025
202430500000901531,37.60251229,127.0628784
202430500000901333,37.5787766,127.067333
202430500000901277,37.581261,127.037045
202430500000901415,37.58112746,127.0709621
202430500000901047,37.56695965,127.0567778
202430500000901581,37.59333463,127.0575098
202430500000901316,37.5811187,127.0682556
202430500000901114,37.58787007,127.0585892
202430500000901651,37.5733316,127.031359
202430500000901318,37.5783197,127.058183
202430500000901743,37.56901,127.05184
202430500000901867,37.57358569,127.0245438
202430500000901708,37.56983119,127.0589847
202430500000901427,37.5762771,127.0734853
202430500000901849,37.57156397,127.0724275
202430500000901437,37.56997074,127.0736289
202430500000901010,37.5625312,127.0704038
202430500000901657,37.57545837,127.0299537
202430500000901005,37.57777215,127.0673392
202430500000900979,37.5801167,127.0591046
202430500000901724,37.56841604,127.0547993
202430500000901072,37.58585473,127.0608706
202430500000901960,37.5806918,127.064359
202430500000901623,37.57546477,127.0415881
202430500000901274,37.5864042,127.034427
202430500000901840,37.58455135,127.0688775
202430500000901324,37.57852837,127.0589964
202430500000901595,37.59544156,127.0638094
202430500000901391,37.5806211,127.054873
202430500000901929,37.5862154,127.0645629
202430500000901154,37.59222354,127.0519199
202430500000901823,37.57749733,127.0505334
202430500000901418,37.57892421,127.0711631
202430500000901608,37.57672597,127.0446158
202430500000901775,37.58486261,127.0363873
202430500000901757,37.56695754,127.0529552
202430500000901390,37.57509836,127.0466579
202430500000901043,37.58983227,127.0479294
202430500000901227,37.58704129,127.0359487
202430500000901448,37.56273252,127.0613459
202430500000901025,37.59722929,127.0562931
202430500000901668,37.57551215,127.0671197
202430500000900984,37.57740612,127.0449866
202430500000901617,37.57564202,127.0408676
202430500000901778,37.57752497,127.0419709
202430500000901013,37.56322264,127.0618805
202430500000901128,37.59018086,127.0580556
202430500000901558,37.59548392,127.0568558
202430500000901272,37.5849491,127.034228
202430500000901225,37.58806895,127.0410489
202430500000901730,37.57424431,127.0492423
202430500000901370,37.5830238,127.0513
202430500000901320,37.58084006,127.0556139
202430500000901493,37.56311494,127.0666479
202430500000901288,37.58814497,127.0353629
202430500000901190,37.59011231,127.0467766
202430500000901082,37.58642992,127.0562884
202430500000901273,37.5814288,127.033086
202430500000901794,37.5818177,127.0649625
202430500000901498,37.5664528,127.068106
202430500000901958,37.5828068,127.0660354
202430500000901723,37.57090786,127.055835
202430500000901528,37.59763682,127.0668026
202430500000901882,37.5733,127.0612
202430500000901544,37.6003291,127.057441
202430600000901368,37.587678,127.073247
202530600000900267,37.5845321,127.078232
202530600000900352,37.5871273,127.1003274
202530600000900153,37.5882339,127.0938416
202530600000900937,37.5919522,127.0990279
202430600000902657,37.59125,127.0782
202530600000900394,37.5834312,127.0900879
202530600000900823,37.5976132,127.0832848
202530600000900542,37.5928917,127.0814972
202530600000900683,37.5934517,127.1009159
202530600000900825,37.6015396,127.0893936
202430600000902650,37.61711,127.093
202530600000900484,37.5924492,127.0982819
202530600000900995,37.5981246,127.0768627
202530600000900497,37.5983566,127.0877687
202530600000900302,37.5775121,127.0811765
202430600000902672,37.57442,127.0837
202530600000901257,37.6001354,127.0913502
202530600000900140,37.5888658,127.0869216
202530600000900145,37.5896454,127.0881958
202530600000900570,37.60844,127.0971965
202530600000900987,37.6016873,127.0806225
202530600000900384,37.5888981,127.1005401
202530600000901251,37.5747357,127.0882751
202530600000900369,37.5829321,127.0900495
202530600000901326,37.6096164,127.1065226
202530600000900064,37.5993919,127.0788345
202530600000900830,37.6037922,127.0993336
202530600000900404,37.6035233,127.1033478
202530600000900553,37.5953536,127.0842558
202530600000900017,37.6019516,127.0851135
202530600000900387,37.5837593,127.0924301
202530600000900676,37.5870397,127.1003183
202530600000900965,37.5875012,127.0916797
202530600000901176,37.5833836,127.1037182
202530600000900415,37.5989037,127.1045074
202430600000902630,37.5879,127.0809
202530600000900841,37.6119951,127.0930669
202530600000900838,37.605011,127.0938644
202430600000902639,37.5879,127.0809
202530600000900060,37.6008415,127.0751877
202530600000900418,37.5966879,127.0974477
202530600000901317,37.6104856,127.1075698
202530600000901157,37.5971421,127.0751976
202530600000901020,37.5878457,127.0821998
202530600000900593,37.6004223,127.1048187
202530600000900975,37.5795648,127.0929299
202530600000901363,37.5854743,127.0833888
202530600000901019,37.5879758,127.0861107
202530600000900592,37.5913006,127.0970897
202530600000900477,37.5930715,127.0941966
202430600000902636,37.5879,127.0809
202530600000900386,37.5839615,127.0900574
202530600000901086,37.5973364,127.0989946
202530600000900881,37.5803767,127.093241
202530600000901194,37.610841,127.0851171
202530600000900711,37.6157272,127.0913353
202530600000900805,37.6012343,127.1047282
202530600000900779,37.5888977,127.0752029
202530600000900345,37.5832825,127.0869064
202530600000900698,37.6171761,127.1099319
202530600000900013,37.6030389,127.0819989
202530600000901036,37.607472,127.1001309
202530600000900769,37.5863509,127.091625
202530600000901370,37.6062913,127.1060889
202530600000900812,37.5997626,127.1039261
202530600000900066,37.6040154,127.0751572
202530600000900858,37.6041199,127.0989182
202530600000900892,37.5883849,127.087981
202430600000902640,37.5879,127.0809
202530600000901191,37.6081928,127.0872333
202530600000900363,37.5818208,127.0867135
202530600000900092,37.6154022,127.0800629
202530600000900771,37.5858849,127.0853599
202530600000900815,37.590935,127.1039787
202530600000900321,37.5798492,127.0862427
202430600000902611,37.613433,127.100645
202530600000900095,37.6182327,127.0817871
202530600000901129,37.6008481,127.0798404
202530600000900785,37.572611,127.0815775
202530600000900726,37.6002617,127.0829163
202530600000901068,37.5990535,127.0854002
202530600000900629,37.5927006,127.0798847
202530600000901307,37.6077834,127.1071947
202530600000901361,37.5785471,127.081382
202530600000900748,37.6087797,127.0808826
202530600000900969,37.5763851,127.0792588
202530600000900123,37.6061707,127.0780182
202530600000900583,37.6178246,127.1011887
202530600000900890,37.5874684,127.0873037
202530600000901320,37.6091194,127.1116581
202530600000900944,37.5921356,127.0876884
202530600000901047,37.5908798,127.1037045
202530600000900966,37.5823436,127.0928154
202530600000900453,37.5935822,127.100647
202430600000901396,37.59123,127.103989
202530600000900295,37.5847855,127.0806503
202530600000901053,37.6121448,127.0966408
202430600000901392,37.613747,127.089208
202530600000900474,37.5937831,127.0941158
202530600000901268,37.6148965,127.0732418
202530600000900480,37.5944633,127.0971527
202530600000900052,37.6025782,127.0776805
202530600000901256,37.5966683,127.0858318
202530600000900193,37.5860786,127.0839157
202530600000900783,37.5753364,127.0884181
202530600000901318,37.60642,127.1060656
202430600000902706,37.5887,127.0719
202530600000900381,37.5824658,127.0842745
202530600000900627,37.5959887,127.078216
202530600000901096,37.6070744,127.0979364
202530600000900972,37.5847673,127.0799955
202530600000900728,37.6000599,127.0737691
202530600000900028,37.5995903,127.0805511
202530600000900961,37.5888652,127.0774133
202530600000900872,37.6107576,127.0775504
202530600000901003,37.5957497,127.1008611
202530600000901215,37.5896639,127.0859972
202530600000900491,37.6018743,127.0914743
202530600000900341,37.588859,127.0997583
202530600000900586,37.603665,127.0954812
202530600000900655,37.5893976,127.0859752
202530600000900786,37.5730629,127.0841827
202530600000900045,37.5978165,127.0740128
202530600000900079,37.6074205,127.0811213
202530600000900556,37.5933609,127.0810013
202530600000900372,37.5871582,127.0951538
202530600000900180,37.5902773,127.0879836
202430600000902699,37.615789,127.0732509
202530600000901290,37.6081111,127.1049757
202530600000900288,37.5854721,127.0833359
202530600000900436,37.5979996,127.0951309
202530600000900221,37.5889471,127.0743428
202530600000900178,37.5905013,127.0917005
202430600000902676,37.59181,127.0994
202530600000900909,37.5834709,127.081915
202430600000901399,37.573352,127.089122
202530600000900835,37.6089372,127.095775
202530600000900804,37.6021222,127.1081813
202530600000900565,37.604908,127.0988922
202530600000900242,37.5720472,127.0815917
202530600000900312,37.5792117,127.0854043
202530600000900465,37.5906448,127.0948334
202530600000900737,37.5957984,127.0708616
202530600000900772,37.5915022,127.0841732
202530600000900245,37.5751705,127.0846351
202530600000900569,37.6145973,127.1007996
202530600000900863,37.602572,127.0855754
202530600000900720,37.5987489,127.0826786
202530600000901297,37.6085792,127.1110809
202530600000901283,37.6033342,127.1094808
202530600000901154,37.6001758,127.1105431
202530600000900004,37.6042816,127.0802474
202530600000900482,37.5903053,127.099556
202530600000901218,37.6133664,127.1011365
202530600000901137,37.6023405,127.0742273
202430600000902620,37.60656534,127.0927243
202530600000900567,37.6012807,127.0977801
202530600000900836,37.6180779,127.1109551
202430600000902656,37.59125,127.0782
202530600000900398,37.5890846,127.0975342
202530600000900880,37.6171264,127.0812423
202430600000902651,37.61711,127.093
202530600000900940,37.5997363,127.0956031
202530600000901263,37.603723,127.0756001
202530600000900311,37.5788269,127.0882187
202530600000900469,37.5912213,127.1013843
202530600000901237,37.6061031,127.0838411
202530600000901244,37.5872004,127.0819807
202530600000900653,37.5915337,127.0925064
202530600000900523,37.6017494,127.0934067
202530600000900130,37.6083755,127.0731888
202530600000901001,37.6127996,127.0770376
202530600000901110,37.6114567,127.0765291
202430600000901364,37.572929,127.091099
202530600000900377,37.5877304,127.0974197
202530600000900807,37.5982771,127.1060599
202530600000900222,37.5867635,127.0772539
202530600000901114,37.6117087,127.076297
202430600000902690,37.59676835,127.0982674
202530600000900238,37.5757446,127.0870438
202530600000900566,37.6005402,127.0985413
202530600000901341,37.5955492,127.0779691
202530600000901183,37.6073911,127.0907814
202530600000900424,37.6012187,127.1133841
202530600000900617,37.6068094,127.0782726
202530600000900001,37.6035194,127.0829697
202530600000901027,37.6116079,127.0783687
202530600000900939,37.5944604,127.0997036
202430600000902643,37.61711,127.093
202530600000900778,37.5888722,127.0765064
202530600000900184,37.5872421,127.0937271
202530600000900781,37.5902596,127.0819931
202530600000900190,37.5913582,127.0861893
202530600000900293,37.585434,127.0813904
202530600000900327,37.5781044,127.0858177
202530600000900039,37.6025868,127.0783315
202530600000900322,37.5800448,127.0836163
202530600000900432,37.600378,127.1081954
202530600000901311,37.6083215,127.109272
202430600000901372,37.619148,127.110645
202530600000900749,37.6155834,127.0872631
202530600000900760,37.5907019,127.0868494
202530600000901328,37.6105441,127.102978
202530600000900922,37.5968206,127.075582
202530600000900640,37.604036,127.0805286
202530600000900904,37.5818231,127.0961941
202530600000900520,37.6010167,127.0868236
202430600000901402,37.580049,127.095866
202530600000901227,37.6010736,127.1110153
202530600000900643,37.5980403,127.0774879
202530600000901220,37.6191583,127.1116583
202530600000901352,37.5803901,127.0928261
202530600000900065,37.5962944,127.074852
202530600000900787,37.5853271,127.0767365
202530600000900042,37.5985069,127.0733795
202530600000901166,37.6154307,127.0729241
202530600000900642,37.6038361,127.0849228
202530600000900915,37.5965975,127.0889763
202530600000900378,37.5809898,127.0903244
202530600000901030,37.6093212,127.1129501
202530600000900289,37.5841689,127.0826985
202430600000902688,37.59676835,127.0982674
202530600000900298,37.5800163,127.092133
202430600000901382,37.573037,127.0834
202530600000900229,37.5901489,127.0721283
202530600000900048,37.6034017,127.0773101
202530600000900364,37.5893226,127.0945565
202530600000900058,37.5985527,127.074707
202530600000900361,37.5897217,127.0960236
202530600000900271,37.5840492,127.080658
202530600000901335,37.5740596,127.0802191
202430600000902632,37.5879,127.0809
202530600000900647,37.6114062,127.0790982
202530600000901022,37.595136,127.0722446
202530600000900585,37.6025047,127.0949572
202530600000900913,37.5988884,127.0951659
202530600000900172,37.5910187,127.091095
202530600000900986,37.6012491,127.0813375
202530600000900874,37.6148885,127.0752583
202530600000900257,37.5715485,127.0822678
202530600000900431,37.6030794,127.1054302
202530600000900318,37.5796198,127.0899003
202530600000900930,37.5998493,127.0996133
202530600000900179,37.589737,127.086763
202530600000900511,37.5984134,127.0871003
202530600000900923,37.6103484,127.0806564
202530600000900406,37.5984827,127.0996369
202530600000900050,37.5993538,127.0765076
202530600000900654,37.5858078,127.0914493
202530600000900886,37.5800804,127.095897
202530600000900255,37.5742798,127.0869446
202530600000900876,37.5794535,127.0919194
202530600000900280,37.5836334,127.0833817
202530600000900310,37.5789223,127.0904541
202530600000900111,37.6064529,127.0752106
202530600000900265,37.5861471,127.0807851
202530600000900670,37.5792896,127.0973795
202530600000900251,37.5729482,127.0826759
202530600000900026,37.6028709,127.0810547
202430600000901391,37.608944,127.092566
202530600000900414,37.5984879,127.1049042
202530600000900894,37.5854877,127.0845481
202530600000901124,37.5881135,127.0834199
202430600000901371,37.617442,127.077179
202530600000900483,37.5936317,127.0949783
202530600000900240,37.574707,127.0828934
202430600000902615,37.59894,127.1144
202530600000901149,37.6062371,127.1081881
202530600000900217,37.5898147,127.0773315
202530600000900192,37.5897942,127.0934296
202530600000900216,37.5889324,127.078213
202530600000901364,37.6163954,127.1007754
202530600000900093,37.6157227,127.078949
202530600000900888,37.5816597,127.0793401
202530600000901039,37.5872335,127.0971778
202530600000901243,37.5893528,127.0723173
202530600000901008,37.6024252,127.1150129
202530600000900259,37.5710793,127.08535
202530600000901262,37.6001924,127.0799497
202530600000901134,37.6000723,127.0905841
202530600000900564,37.606945,127.0971375
202530600000900159,37.5926968,127.092849
202430600000902715,37.57511,127.079
202530600000901305,37.6084152,127.1075533
202530600000900138,37.5855509,127.0839481
202530600000900956,37.5923982,127.0765982
202530600000900258,37.5738258,127.0869904
202530600000901362,37.5734291,127.0830917
202530600000900938,37.5965376,127.1012529
202530600000901351,37.5946327,127.0755182
202530600000900362,37.5822328,127.0880349
202530600000901104,37.6040973,127.0899193
202530600000900260,37.5732956,127.0810165
202530600000900307,37.5791911,127.0906856
202430600000901381,37.589219,127.095696
202530600000901189,37.6087768,127.087956
202430600000901384,37.590204,127.088887
202530600000901327,37.6094526,127.1065526
202530600000901028,37.6096476,127.0757684
202530600000900619,37.6087531,127.0747187
202530600000901368,37.6097136,127.1013006
202430600000902628,37.5879,127.0809
202530600000900235,37.5760536,127.0826492
202530600000900697,37.6122403,127.0971116
202530600000900149,37.5910225,127.0898132
202530600000901235,37.6139746,127.083592
202530600000900519,37.5992203,127.0862198
202530600000900850,37.6023254,127.0920675
202530600000900168,37.5843544,127.0869293
202530600000901196,37.6120754,127.08511
202530600000900284,37.5845425,127.0760875
202530600000901177,37.5807806,127.0979194
202530600000901195,37.6112734,127.0852676
202430600000901362,37.583765,127.103174
202430600000901379,37.574535,127.087991
202530600000900731,37.5976143,127.079422
202530600000900353,37.5877037,127.0966644
202530600000901223,37.5957844,127.0988646
202530600000900831,37.6001797,127.0977852
202530600000900521,37.5999146,127.088562
202530600000900895,37.5846216,127.0856788
202530600000900820,37.601112,127.0952957
202530600000901040,37.5884577,127.0971568
202530600000900077,37.6148529,127.080864
202530600000900225,37.5869857,127.0740944
202530600000900813,37.6010284,127.1033554
202530600000900428,37.6026646,127.1084329
202530600000901004,37.6013881,127.1050857
202530600000901000,37.6061544,127.0734825
202530600000900067,37.5943489,127.0740891
202530600000900632,37.5869408,127.0916091
202530600000900122,37.6057892,127.0777435
202530600000900488,37.5990671,127.0864953
202530600000900421,37.5960402,127.1018531
202530600000901207,37.5877486,127.1028214
202530600000900402,37.5979372,127.1034561
202530600000900125,37.6164207,127.0750046
202430600000902698,37.6009644,127.073561
202430600000902671,37.57442,127.0837
202530600000901135,37.594415,127.087332
202530600000901063,37.575769,127.0846369
202430600000902696,37.5799415,127.0810446
202530600000901152,37.6029404,127.1078729
202530600000900457,37.5909386,127.1005707
202530600000901331,37.6079527,127.1047101
202530600000900426,37.5958672,127.0940933
202530600000900127,37.6089706,127.0762122
202530600000901210,37.5729949,127.0888888
202530600000900155,37.5861282,127.0939713
202530600000901041,37.5904148,127.1018834
202530600000901094,37.59349,127.1036603
202430600000902634,37.5879,127.0809
202530600000900550,37.5952027,127.089267
202530600000900429,37.5962387,127.103383
202530600000900031,37.5963009,127.0738948
202530600000900933,37.5996249,127.1061817
202530600000900650,37.6166878,127.0848541
202530600000900391,37.5827637,127.0867004
202530600000900099,37.6177396,127.0813106
202530600000901088,37.5959636,127.0984575
202530600000900454,37.5912601,127.1023055
202430600000902647,37.61711,127.093
202530600000901344,37.5831545,127.0837968
202530600000900247,37.5708519,127.0868392
202530600000900419,37.5965042,127.0995331
202530600000900608,37.578228,127.0818634
202530600000900175,37.5877001,127.0926933
202430600000902665,37.58901,127.0764
202530600000900376,37.5884011,127.0998477
202530600000901061,37.6124505,127.1126169
202530600000901123,37.5878366,127.0806012
202530600000900562,37.6058569,127.0979303
202530600000900358,37.5819015,127.0944005
202530600000900603,37.571725,127.0862751
202530600000900685,37.592186,127.095108
202430600000902703,37.60695,127.0726
202530600000900782,37.574112,127.0809314
202530600000900141,37.5847626,127.087471
202530600000901125,37.5899249,127.0728199
202530600000900027,37.6004524,127.0845947
202530600000900062,37.6052694,127.0734721
202530600000900466,37.5944176,127.1010056
202530600000900528,37.6032867,127.0932465
202530600000900503,37.6004601,127.0919342
202530600000901092,37.6094905,127.1041693
202530600000901353,37.6024802,127.0937989
202530600000900113,37.6088829,127.075531
202530600000901303,37.6078649,127.105762
202430600000902708,37.58602,127.0738
202530600000900759,37.6105881,127.0728683
202530600000900371,37.5894925,127.1005182
202530600000901173,37.5843806,127.1046
202530600000901084,37.6020776,127.1026048
202530600000900591,37.5938019,127.1027397
202530600000900544,37.5950111,127.0828974
202430600000902612,37.613433,127.100645
202530600000900563,37.6074104,127.0995865
202530600000900096,37.6135292,127.0814743
202530600000900912,37.5784087,127.0915746
202430600000901401,37.573352,127.089122
202530600000900765,37.5921059,127.0879364
202530600000900087,37.6176216,127.0781483
202530600000901261,37.5943598,127.0911427
202530600000900422,37.5979102,127.1013058
202530600000900081,37.6065325,127.0805629
202530600000900490,37.5976073,127.0852728
202530600000901338,37.5933866,127.0744882
202530600000900625,37.5944876,127.0732567
202530600000900139,37.5876536,127.0900547
202530600000901045,37.6110376,127.0747645
202530600000901302,37.6078625,127.1055055
202530600000900437,37.5952196,127.095075
202430600000902680,37.58341,127.0873
202530600000900929,37.5987106,127.0984767
202530600000900738,37.5973434,127.0761108
202530600000901206,37.5885418,127.1024063
202430600000902683,37.58341,127.0873
202430600000902626,37.5879,127.0809
202530600000900461,37.5923538,127.1012115
202430600000901400,37.573352,127.089122
202530600000900109,37.6116219,127.0740814
202530600000900340,37.5786819,127.0863342
202430600000902687,37.59676835,127.0982674
202430600000902624,37.5879,127.0809
202530600000900354,37.5833642,127.0906304
202530600000900811,37.5986363,127.102733
202530600000900333,37.5806084,127.0839081
202530600000900185,37.591465,127.0891418
202530600000900819,37.5986814,127.0850845
202530600000901117,37.5847516,127.0974214
202530600000900131,37.6082497,127.0776596
202530600000900182,37.5873413,127.0921478
202530600000900539,37.5927967,127.0836989
202530600000901350,37.5782171,127.0907049
202530600000901059,37.5888411,127.0823468
202530600000900417,37.5995875,127.1024629
202530600000900954,37.5823132,127.0887344
202530600000900043,37.600174,127.0763092
202530600000901291,37.6104497,127.1052695
202430600000901369,37.597291,127.070679
202530600000901200,37.6129574,127.0908802
202530600000901067,37.5772036,127.0832118
202530600000901156,37.6039839,127.0975036
202430600000902686,37.59676835,127.0982674
202530600000901239,37.5860395,127.0909258
202530600000901051,37.604124,127.0839823
202530600000900197,37.5836906,127.093544
202530600000901278,37.6162134,127.0982797
202530600000900463,37.5902696,127.1023266
202530600000901279,37.618034,127.1032983
202530600000900084,37.6121407,127.0785599
202530600000900496,37.5999336,127.0952301
202530600000900682,37.6036682,127.1100616
202530600000901046,37.5907476,127.1035246
202530600000901240,37.5923588,127.089325
202530600000901138,37.5997054,127.0840978
202530600000900507,37.6016693,127.0884094
202530600000900292,37.5826697,127.0776907
202530600000900806,37.6007838,127.1020275
202530600000900932,37.5980183,127.1041337
202530600000900644,37.5957108,127.0731735
202530600000901225,37.6013954,127.1110057
202530600000900396,37.5808296,127.0949554
202530600000901056,37.5893498,127.0874707
202530600000901014,37.6156343,127.0989156
202530600000901366,37.6195296,127.1069465
202530600000900668,37.5770378,127.0844955
202530600000900902,37.5872813,127.0806577
202530600000901161,37.5958223,127.0729093
202530600000901101,37.6067359,127.0998205
202530600000900661,37.5730437,127.0831953
202530600000900949,37.572867,127.0857223
202530600000900408,37.595621,127.0972507
202530600000900110,37.6077995,127.0749207
202530600000901230,37.5724994,127.0887662
202530600000900639,37.6049681,127.100657
202530600000900792,37.5783791,127.0849606
202530600000900907,37.5823886,127.0910864
202530600000901292,37.6100961,127.1072905
202530600000901232,37.5801434,127.0945974
202530600000901106,37.5955462,127.0759279
202530600000900757,37.6050072,127.0754013
202430600000901377,37.612653,127.088519
202530600000900610,37.5896958,127.0903377
202530600000900645,37.5992661,127.0737381
202530600000900020,37.5996056,127.0850983
202530600000900942,37.6165001,127.1009249
202530600000900203,37.5904312,127.0739822
202530600000901155,37.5941152,127.097689
202530600000900628,37.6026618,127.0865344
202530600000900774,37.5920792,127.0790329
202530600000901044,37.6112243,127.0750006
202530600000900588,37.6134796,127.0912247
202530600000900641,37.6010911,127.0857995
202530600000900601,37.5855256,127.096624
202530600000900281,37.5843086,127.0767365
202530600000901197,37.6146972,127.0852361
202530600000900459,37.589989,127.0993125
202530600000900917,37.5935524,127.0759754
202530600000900500,37.6005597,127.0902278
202530600000901023,37.5999118,127.0756431
202530600000901058,37.5980754,127.0929571
202530600000900413,37.5957642,127.0967267
202530600000901277,37.5921852,127.0969565
202530600000900959,37.5860468,127.089552
202530600000901248,37.5895665,127.0966516
202530600000900299,37.578152,127.0891996
202530600000901005,37.5953341,127.0961365
202530600000900200,37.5879097,127.0777893
202530600000900158,37.5870318,127.0874546
202530600000900188,37.5890923,127.0875626
202530600000900669,37.5799922,127.0950668
202530600000900366,37.5821988,127.0892358
202530600000900215,37.590483,127.0777836
202530600000901113,37.6111619,127.0768418
202530600000900395,37.58358,127.0889053
202530600000901284,37.5919183,127.0841736
202430600000902681,37.58341,127.0873
202530600000900558,37.5939789,127.0834198
202530600000901246,37.5829218,127.0849415
202530600000900380,37.5839159,127.0905189
202530600000900214,37.5909011,127.0740946
202530600000900613,37.5870488,127.089434
202530600000901055,37.6145411,127.082594
202530600000900579,37.6024284,127.0995789
202530600000901193,37.6100749,127.0855098
202530600000901052,37.5717942,127.0864134
202530600000900534,37.5946679,127.0900529
202530600000900978,37.5769706,127.0820143
202530600000900264,37.5766106,127.0878296
202430600000902714,37.57511,127.079
202530600000900744,37.6162234,127.0799093
202530600000900266,37.5847071,127.0820631
202530600000900411,37.6019592,127.1017075
202530600000900504,37.5976524,127.0883636
202530600000900852,37.5717178,127.0809043
202530600000900335,37.5796127,127.0891647
202530600000901116,37.5823184,127.0951125
202530600000900717,37.6089211,127.0815659
202430600000901390,37.608628,127.089674
202530600000901079,37.6172565,127.0834346
202530600000900447,37.6032982,127.1072464
202530600000900742,37.6147308,127.084343
202430600000902677,37.59181,127.0994
202530600000900809,37.6015753,127.1012507
202530600000900549,37.5929184,127.0782166
202530600000900620,37.5999211,127.0894701
202530600000900287,37.5865784,127.0825272
202530600000900033,37.6043816,127.0781479
202530600000901174,37.5846146,127.1062631
202530600000900946,37.5831243,127.0835406
202530600000901158,37.6143317,127.1057178
202530600000901018,37.5930695,127.0905274
202530600000900543,37.5931473,127.084235
202530600000900074,37.6152409,127.0795164
202530600000901301,37.608217,127.1127066
202430600000902705,37.60553,127.073
202530600000900300,37.576415,127.0807265
202530600000901252,37.5855899,127.0800298
202530600000901130,37.5860559,127.0834927
202530600000900433,37.5972722,127.0938884
202530600000900853,37.5761417,127.0836449
202530600000900796,37.5887971,127.0956309
202430600000901365,37.583765,127.103174
202530600000900855,37.577305,127.0898067
202530600000900868,37.6042998,127.0795853
202530600000901247,37.58649,127.0954309
202530600000900146,37.5849648,127.0902557
202530600000900839,37.6034903,127.0939575
202530600000901269,37.6121921,127.0753278
202530600000900170,37.5844002,127.0860977
202530600000900622,37.5952878,127.0766841
202530600000900230,37.5891762,127.0837021
202530600000900276,37.5848016,127.0789245
202530600000900596,37.5991487,127.102665
202530600000900857,37.6058586,127.1062151
202530600000901013,37.6053798,127.0970889
202530600000901204,37.580514,127.0957527
202530600000901181,37.5843131,127.1065485
202530600000900277,37.5842814,127.0775681
202430600000902692,37.58982824,127.0921119
202530600000900897,37.5908167,127.0852892
202530600000900843,37.6044558,127.1085432
202530600000900707,37.6079187,127.0923038
202530600000900227,37.5890825,127.0809125
202430600000901386,37.597739,127.096604
202530600000901069,37.5986318,127.0839556
202530600000901241,37.5887188,127.09103
202530600000900116,37.6135712,127.074379
202530600000900282,37.5846775,127.0831989
202430600000901398,37.577226,127.093149
202430600000901378,37.604036,127.080585
202530600000900262,37.5758247,127.0861664
202530600000900098,37.61862,127.0841332
202530600000900530,37.5930798,127.0824238
202530600000900637,37.5913597,127.0799652
202530600000900624,37.59633,127.0709051
202530600000900970,37.5758161,127.0858425
202530600000900029,37.6040726,127.0824585
202530600000900721,37.5997162,127.08181
202430600000902695,37.58982824,127.0921119
202530600000900795,37.587694,127.1010282
202530600000900338,37.5786934,127.0894699
202530600000900016,37.6048607,127.0802276
202530600000900038,37.5954056,127.0733719
202530600000901160,37.6141042,127.0987552
202530600000900176,37.5902479,127.0862819
202530600000901006,37.6015447,127.1025885
202530600000900059,37.5972519,127.0786819
202530600000900985,37.5935224,127.0821454
202530600000901228,37.5727946,127.0904031
202530600000901258,37.5959269,127.0832947
202530600000900901,37.5902765,127.0766162
202430600000902645,37.61711,127.093
202530600000901340,37.59673,127.0833104
202530600000900420,37.5969734,127.096283
202530600000900545,37.5950546,127.0880356
202530600000900097,37.6179916,127.0833534
202530600000900328,37.5772004,127.0806113
202530600000900037,37.5985489,127.0785904
202430600000902652,37.61711,127.093
202530600000900814,37.5913478,127.0993414
202530600000900317,37.5793032,127.0878398
202530600000900047,37.5994749,127.0747299
202530600000901015,37.6079644,127.097958
202530600000900906,37.5734084,127.0863714
202530600000900674,37.5890437,127.1024835
202530600000901099,37.6184186,127.1019462
202530600000900165,37.5924346,127.0881651
202530600000900181,37.5858757,127.0914494
202530600000901276,37.600021,127.1002911
202530600000901203,37.5798089,127.0971995
202530600000900492,37.5992146,127.0943852
202530600000901355,37.616555,127.0794561
202530600000900755,37.6106306,127.0764832
202530600000901012,37.6057025,127.0964082
202530600000901119,37.5914993,127.0895941
202530600000900103,37.6122342,127.0805815
202430600000902623,37.5879,127.0809
202430600000902637,37.5879,127.0809
202530600000900777,37.5909805,127.081665
202530600000901136,37.5960205,127.0848171
202430600000902664,37.58901,127.0764
202530600000900239,37.5762749,127.0853424
202530600000900325,37.5776138,127.0884323
202530600000900438,37.5972939,127.0955658
202530600000901043,37.5866417,127.0928013
202530600000900252,37.575194,127.0823473
202530600000900021,37.5998447,127.0828757
202530600000900275,37.5834867,127.081257
202530600000900195,37.5877953,127.0853271
202530600000900950,37.5807301,127.0890462
202530600000900470,37.5900823,127.1008773
202530600000900756,37.6088791,127.0771561
202530600000901038,37.5882484,127.0991403
202530600000900660,37.5879669,127.0769119
202530600000900916,37.5958567,127.0862028
202530600000901253,37.5814057,127.0814482
202530600000900143,37.5863838,127.0846329
202530600000900651,37.6110982,127.075023
202530600000900659,37.5886765,127.080925
202530600000900202,37.5882393,127.0808216
202530600000901334,37.6053248,127.1043234
202530600000900873,37.6155389,127.0977834
202530600000900232,37.5886803,127.0812149
202530600000900268,37.5832298,127.0772398
202530600000900263,37.571209,127.085228
202530600000901360,37.5817859,127.0879297
202430600000902646,37.61711,127.093
202530600000900156,37.5928457,127.0897413
202530600000900407,37.5959805,127.094987
202530600000901323,37.6074358,127.1109948
202530600000900824,37.5979438,127.0845694
202530600000901281,37.6144747,127.0961549
202530600000900723,37.6058719,127.0832542
202530600000900177,37.5918826,127.0926498
202530600000900272,37.5830078,127.078804
202530600000900308,37.5793072,127.0895914
202430600000901373,37.610277,127.094477
202530600000901073,37.6032277,127.0804668
202430600000901383,37.598273,127.077392
202530600000900316,37.5800067,127.0887392
202530600000900410,37.5976285,127.0963134
202530600000901127,37.5833919,127.0855947
202530600000900134,37.5919418,127.0886765
202430600000902674,37.59181,127.0994
202530600000900423,37.6001991,127.1119916
202430600000902710,37.5844,127.0753
202530600000901133,37.6025054,127.0884927
202530600000900324,37.5772563,127.0838801
202530600000900899,37.5874815,127.0736711
202530600000900152,37.5862617,127.0924606
202530600000901271,37.6009354,127.108363
202530600000901325,37.6096225,127.1030399
202530600000900833,37.6037789,127.1005831
202530600000900673,37.5892351,127.0955448
202530600000900898,37.5890952,127.0736543
202530600000900989,37.5992399,127.0740626
202430600000901380,37.583508,127.086968
202530600000901354,37.5986468,127.1027683
202530600000900440,37.5986214,127.1020889
202530600000900891,37.588307,127.0869067
202530600000900343,37.5820001,127.0915678
202430600000902691,37.59676835,127.0982674
202530600000900887,37.591118,127.1041393
202530600000900636,37.5880551,127.0744996
202530600000901111,37.6112737,127.0774437
202430600000902697,37.5877327,127.0839647
202530600000901359,37.5716372,127.0862617
202530600000900160,37.5849848,127.0844649
202430600000902622,37.5879,127.0809
202530600000900920,37.602464,127.0805565
202530600000901115,37.6139732,127.1015962
202530600000900658,37.5900497,127.0833588
202530600000900468,37.5926149,127.1024951
202530600000900968,37.5722381,127.084504
202530600000901095,37.5914684,127.1016124
202530600000901016,37.6152866,127.0966343
202530600000901002,37.6102097,127.0768715
202530600000901310,37.6070047,127.1079362
202530600000901033,37.5883468,127.0826323
202530600000900794,37.5790951,127.0858579
202530600000900493,37.6004524,127.0912476
202530600000900347,37.5882339,127.0953064
202530600000901365,37.6013752,127.0893568
202530600000900911,37.5808826,127.0847719
202530600000901151,37.6020168,127.1059419
202430600000902658,37.59125,127.0782
202530600000900859,37.5812537,127.0840938
202530600000900846,37.5829928,127.0795873
202530600000901037,37.5951035,127.0971861
202530600000901219,37.5898306,127.0832139
202430600000902633,37.5879,127.0809
202530600000900925,37.6143855,127.0806258
202530600000900336,37.5777435,127.0842361
202530600000900870,37.6136692,127.0753539
202530600000901216,37.5893667,127.0959028
202530600000900727,37.6004442,127.0851313
202530600000900877,37.6165908,127.0794438
202430600000901376,37.612653,127.088519
202530600000900791,37.5777931,127.0877075
202530600000901026,37.6168502,127.0837301
202530600000901150,37.5947505,127.0955231
202530600000901272,37.6005914,127.1096685
202430600000902616,37.5988,127.1145
202430600000902694,37.58982824,127.0921119
202530600000900799,37.6045914,127.1035385
202530600000900370,37.5810585,127.0926486
202530600000900405,37.5953526,127.1016029
202530600000901367,37.5999733,127.0736526
202530600000900244,37.5739497,127.0829947
202530600000900212,37.5885222,127.0840455
202530600000900430,37.6030389,127.104684
202530600000900547,37.5957794,127.0881729
202530600000900173,37.588637,127.0860095
202530600000900011,37.6066628,127.0817947
202530600000900691,37.5932953,127.082433
202530600000901007,37.5926837,127.0934877
202530600000901074,37.6038173,127.0853736
202530600000901021,37.5777627,127.0833161
202530600000900662,37.5750752,127.0893936
202430600000901397,37.588917,127.10232
202530600000900607,37.5800684,127.0908408
202530600000900948,37.57801,127.0800959
202530600000900388,37.588829,127.0986862
202530600000900793,37.5776901,127.0863953
202530600000900953,37.5821207,127.0898822
202530600000901312,37.6084108,127.1103872
202530600000901162,37.5875997,127.1022388
202530600000900718,37.6094933,127.0812225
202530600000900770,37.586132,127.087616
202530600000900154,37.5852623,127.0938187
202530600000901209,37.5915613,127.1037225
202530600000900973,37.5809989,127.0834273
202530600000900693,37.5950168,127.0848338
202530600000900416,37.6021652,127.103302
202530600000900724,37.6027374,127.0834885
202530600000900313,37.5800614,127.0845604
202530600000900934,37.5924292,127.1018171
202530600000900014,37.6020432,127.0811462
202530600000900346,37.5889049,127.0979823
202530600000900963,37.6025767,127.1013258
202530600000900884,37.5799985,127.0955195
202530600000900104,37.605526,127.0794525
202530600000901180,37.5849242,127.106991
202530600000900449,37.5962486,127.0961151
202530600000900076,37.6158028,127.0816345
202530600000900078,37.6091461,127.0804977
202530600000900529,37.5949851,127.0850017
202530600000901120,37.5872593,127.0929385
202530600000901024,37.6056108,127.0801276
202530600000900704,37.6135368,127.11129
202430600000902625,37.5879,127.0809
202530600000901034,37.578202,127.0910501
202430600000902679,37.59181,127.0994
202530600000900010,37.5990257,127.0837021
202530600000901300,37.6090671,127.1060466
202530600000900114,37.6094933,127.074585
202530600000900981,37.5926719,127.0716092
202530600000900885,37.5793721,127.0970471
202530600000900741,37.6185074,127.0862885
202530600000900734,37.597683,127.0728378
202530600000900085,37.6090561,127.0791565
202530600000900614,37.6112248,127.0813521
202430600000901387,37.585489,127.091256
202530600000900107,37.6056519,127.0745468
202530600000900713,37.6126385,127.0887777
202430600000901361,37.578634,127.079291
202530600000901289,37.610045,127.1044542
202530600000901270,37.5979539,127.1046069
202530600000900218,37.5869851,127.0782852
202530600000900070,37.6104439,127.0810228
202530600000901182,37.6073211,127.0910361
202530600000900053,37.6029587,127.0743942
202530600000900837,37.6050644,127.0996933
202530600000900196,37.5847435,127.0883408
202530600000900801,37.5965133,127.1010286
202530600000900105,37.6132622,127.075943
202530600000900207,37.5880089,127.0829315
202530600000900063,37.6010094,127.0789642
202530600000900115,37.6075287,127.0773468
202530600000900633,37.6114998,127.0795898
202530600000900630,37.5934835,127.0776224
202530600000901299,37.6081028,127.1125087
202530600000901066,37.5780911,127.0948978
202530600000900344,37.5816986,127.0885635
202530600000900291,37.5862236,127.0797348
202530600000900194,37.5896568,127.0871353
202530600000900365,37.5816879,127.0904465
202430600000901395,37.605094,127.088517
202530600000901286,37.6111316,127.1049457
202530600000901329,37.6114333,127.1034403
202530600000900976,37.580397,127.094144
202530600000901171,37.5850333,127.1040417
202430600000902700,37.5941333,127.1100168
202530600000900860,37.6087268,127.1126586
202530600000901141,37.6012221,127.0760647
202530600000900609,37.5888938,127.0893987
202530600000900518,37.5978241,127.0867615
202530600000900690,37.6034318,127.0898614
202530600000900871,37.6118829,127.076653
202530600000900150,37.5901299,127.0854568
202430600000902655,37.61711,127.093
202530600000900494,37.5969963,127.0842896
202530600000901146,37.6094179,127.0773962
202530600000900334,37.5780106,127.0922012
202530600000900745,37.6159744,127.0837784
202530600000901085,37.6006793,127.1012885
202530600000900157,37.5852509,127.0889511
202530600000900243,37.5755003,127.0814319
202530600000901011,37.6195481,127.1045389
202530600000901009,37.5941297,127.09356
202530600000901342,37.5849366,127.0856967
202530600000901260,37.5953664,127.0909526
202530600000900865,37.5913467,127.0909699
202530600000901091,37.6011501,127.1098792
202530600000900918,37.5945421,127.0855352
202530600000900573,37.6022765,127.0968602
202530600000900840,37.6059588,127.0941573
202530600000900665,37.573021,127.0913011
202530600000900997,37.6070258,127.0793391
202530600000901145,37.6139441,127.0758448
202430600000901370,37.605042,127.073472
202530600000901122,37.5905459,127.0840749
202430600000902707,37.5887,127.0719
202530600000900025,37.6007004,127.0819244
202430600000902621,37.5879,127.0809
202530600000900008,37.6031685,127.0798798
202530600000901102,37.606251,127.0951822
202530600000900360,37.5812157,127.0852804
202530600000901167,37.6042533,127.0805367
202530600000900763,37.5900993,127.09021
202530600000900473,37.5935389,127.099833
202530600000901280,37.6015305,127.0970969
202530600000900035,37.6044417,127.0747409
202530600000900219,37.5882416,127.0790558
202530600000901054,37.6170353,127.1112916
202530600000901081,37.6133771,127.0780765
202430600000902638,37.5879,127.0809
202430600000902635,37.5879,127.0809
202430600000902653,37.61711,127.093
202530600000900278,37.583729,127.079254
202530600000900499,37.6019897,127.0890198
202430600000902693,37.58982824,127.0921119
202530600000900137,37.5925293,127.0913391
202530600000900241,37.5732994,127.0816727
202530600000900249,37.574128,127.0841868
202530600000900135,37.587869,127.0934525
202530600000900862,37.595817,127.0721044
202530600000900169,37.5917127,127.0921194
202530600000900512,37.6011009,127.0911179
202430600000902614,37.59894,127.1144
202530600000900132,37.5904846,127.0891113
202430600000901367,37.605516,127.105007
202530600000900631,37.5747231,127.0858298
202530600000901172,37.5848722,127.1044444
202530600000900735,37.5970078,127.0740051
202530600000900634,37.6161677,127.0858008
202530600000901249,37.5879491,127.0944712
202530600000900554,37.5947533,127.0819702
202530600000901072,37.60015,127.0815857
202530600000900024,37.6029739,127.0841751
202530600000900667,37.585641,127.0819588
202530600000901048,37.6097656,127.0728541
202530600000900533,37.5941516,127.0894051
202530600000901089,37.6000771,127.0986537
202530600000901185,37.6085639,127.0895583
202530600000901208,37.5900515,127.1031784
202530600000900983,37.5930765,127.0877084
202530600000900201,37.591334,127.0832424
202530600000900555,37.5934805,127.0749782
202530600000900509,37.6045799,127.0900345
202530600000900790,37.5852179,127.0755231
202530600000901205,37.5792009,127.0982614
202430600000901374,37.609053,127.081717
202530600000901343,37.6149732,127.0888645
202530600000900719,37.6092567,127.0815582
202530600000900960,37.5911866,127.0720115
202530600000900680,37.5976194,127.0965156
202530600000900253,37.5767918,127.086513
202430600000902704,37.60553,127.073
202530600000900701,37.6165581,127.109024
202530600000901293,37.6097196,127.1081864
202430600000902701,37.6145422,127.1009089
202530600000900448,37.5963326,127.0983734
202530600000900994,37.5952476,127.0780925
202530600000900808,37.6020246,127.1011156
202530600000900319,37.5787989,127.0924434
202530600000900889,37.5866513,127.0905398
202530600000900515,37.5988846,127.0856857
202530600000901078,37.6004237,127.0780899
202530600000900574,37.6172476,127.1089852
202530600000901064,37.5859054,127.0769523
202530600000900818,37.6021377,127.0905346
202430600000902641,37.5879,127.0809
202530600000901049,37.6065178,127.0997932
202530600000900355,37.5835953,127.0952072
202530600000900006,37.598835,127.0812988
202530600000900148,37.5877075,127.0887375
202530600000901296,37.6089076,127.1084511
202430600000902627,37.5879,127.0809
202530600000900754,37.6076469,127.0736771
202530600000900330,37.578125,127.0842819
202530600000900441,37.6012154,127.106163
202530600000900821,37.5995051,127.0896896
202530600000900780,37.5888966,127.0932895
202530600000900926,37.6142337,127.075444
202530600000901159,37.6130442,127.1066561
202530600000900924,37.6157144,127.0770428
202530600000900882,37.5732733,127.0889262
202530600000900309,37.5778244,127.0824077
202530600000900236,37.5764542,127.0875473
202530600000901184,37.6077753,127.0905369
202530600000901075,37.6014984,127.0778873
202530600000900401,37.5831833,127.0934753
202530600000900412,37.5971204,127.1030482
202530600000900784,37.5765953,127.0838776
202530600000900211,37.5920334,127.0857239
202530600000900133,37.5866661,127.0860596
202530600000900538,37.5944405,127.0810623
202530600000900845,37.5863987,127.0791339
202530600000901298,37.6080011,127.1115459
202530600000901266,37.612807,127.0794938
202530600000901097,37.6152494,127.1063208
202530600000901118,37.5810844,127.0882786
202530600000900517,37.5968208,127.0836334
202530600000900506,37.6017113,127.0870819
202530600000901250,37.5870455,127.0963105
202530600000900083,37.6073043,127.0803627
202530600000900875,37.6163511,127.0755307
202530600000900822,37.6004611,127.0890914
202530600000901234,37.6114347,127.0828575
202530600000900635,37.6066273,127.0766907
202530600000900348,37.5880249,127.100125
202530600000901050,37.5828608,127.0801655
202530600000901121,37.5845277,127.0846954
202530600000900657,37.5889359,127.0873108
202530600000901128,37.5911565,127.0979218
202430600000901363,37.582533,127.083635
202530600000900699,37.6170349,127.1105042
202530600000901109,37.6129823,127.0762976
202530600000900692,37.5918308,127.0739006
202530600000900746,37.609219,127.0811844
202530600000900761,37.5906029,127.0877151
202530600000900128,37.6129494,127.0755005
202530600000900234,37.5725367,127.0832462
202530600000900126,37.6102867,127.0754318
202530600000900220,37.5908661,127.0809021
202530600000901294,37.6094268,127.1088062
202530600000900688,37.5914922,127.0987776
202530600000900708,37.6138229,127.0886002
202530600000901103,37.6157655,127.1008594
202530600000900475,37.5922039,127.0941253
202530600000901212,37.6137403,127.1120557
202530600000901245,37.5860553,127.0748698
202430600000901389,37.618731,127.112333
202530600000900120,37.6125422,127.0734341
202530600000900878,37.5948452,127.0766058
202530600000901306,37.6080299,127.1077578
202530600000900471,37.5918394,127.1017354
202530600000900980,37.59733,127.0881878
202530600000900751,37.6142212,127.0737088
202530600000900605,37.5795959,127.0844602
202530600000900502,37.5968323,127.083931
202430600000902618,37.6011,127.1139
202530600000900393,37.5818064,127.0910069
202530600000900326,37.579525,127.0951004
202530600000900082,37.6064568,127.0798569
202430600000902613,37.59899,127.1143
202530600000901144,37.6172611,127.0791592
202530600000900552,37.5945584,127.0867817
202530600000900460,37.5932999,127.0974731
202430600000902649,37.61711,127.093
202530600000900716,37.6190796,127.1115646
202530600000900522,37.6021957,127.0927429
202530600000901169,37.5851944,127.1008861
202530600000900649,37.6170387,127.0881424
202530600000900198,37.5895309,127.0831299
202530600000900740,37.6167717,127.0812454
202530600000901254,37.580597,127.0877897
202530600000901010,37.6140957,127.1003826
202530600000901348,37.6028143,127.0869883
202530600000900261,37.5734291,127.0830917
202530600000900036,37.6031178,127.0758186
202530600000900390,37.5892639,127.1012497
202530600000900979,37.5801325,127.0882798
202530600000901199,37.6134159,127.0831422
202530600000900051,37.5950047,127.0753182
202530600000900828,37.5936241,127.0872955
202530600000900615,37.6143646,127.0817458
202530600000900856,37.6004895,127.1059314
202530600000901187,37.6096011,127.0880532
202530600000901112,37.6110798,127.0760501
202530600000901025,37.6101356,127.0780381
202530600000900703,37.6145706,127.1122131
202530600000901304,37.6085904,127.108674
202530600000900694,37.6046025,127.0978188
202530600000901035,37.59358,127.0989064
202530600000900848,37.5934149,127.0893053
202530600000900368,37.5890004,127.1021018
202530600000900952,37.5809797,127.0913998
202530600000900714,37.6082497,127.0926056
202530600000900342,37.5890694,127.0991898
202530600000900464,37.5943089,127.0987213
202530600000900301,37.578641,127.0870971
202530600000900921,37.5982227,127.079949
202530600000901082,37.6155435,127.0752783
202530600000901332,37.612089,127.1028048
202530600000901178,37.5817972,127.0995722
202530600000900444,37.599823,127.1051559
202530600000900908,37.5756105,127.0878463
202530600000900896,37.5848615,127.0926598
202530600000900382,37.5819667,127.0952731
202530600000900030,37.597702,127.0747986
202530600000900246,37.572844,127.0847776
202530600000900766,37.5884651,127.0848522
202530600000900283,37.5852852,127.082756
202530600000900958,37.5878643,127.0895269
202530600000900709,37.6142349,127.08918
202530600000900977,37.5773219,127.0825606
202530600000900597,37.6026104,127.10088
202530600000900984,37.5944266,127.083124
202530600000900861,37.5990984,127.0995569
202530600000900005,37.6006584,127.0837479
202530600000900056,37.5965233,127.0763855
202430600000902666,37.58901,127.0764
202430600000902663,37.59125,127.0782
202530600000900285,37.5838239,127.0783195
202530600000900561,37.6013908,127.0996933
202530600000900679,37.599041,127.1033249
202430600000901375,37.614455,127.084216
202430600000902682,37.58341,127.0873
202530600000900750,37.6182495,127.0845989
202530600000900927,37.6111147,127.1061163
202530600000900962,37.6003433,127.0970225
202530600000900136,37.5854538,127.0914186
202530600000901175,37.5844411,127.1063605
202530600000900007,37.6006771,127.0825481
202530600000900392,37.5862656,127.0962219
202530600000901108,37.6010795,127.1140029
202530600000900237,37.5717901,127.0878337
202530600000901031,37.5925511,127.0977425
202530600000900990,37.5979053,127.071721
202530600000900951,37.5810494,127.0907804
202530600000900375,37.5833666,127.0912427
202530600000900773,37.5912243,127.0785631
202530600000900590,37.5922029,127.0760023
202530600000900349,37.5832214,127.0923691
202530600000901042,37.5853335,127.0925053
202530600000900788,37.5868524,127.0835049
202530600000900776,37.590477,127.0851593
202530600000901093,37.6126972,127.1027761
202530600000900551,37.594342,127.0882678
202530600000900684,37.5936719,127.0952022
202530600000901126,37.5813058,127.0971295
202530600000900623,37.5912547,127.1030409
202530600000900513,37.5999908,127.0871048
202530600000900516,37.5996399,127.0857391
202530600000900161,37.5843353,127.0912323
202530600000900817,37.5910313,127.0962767
202530600000900505,37.5999182,127.0907752
202530600000900162,37.5865326,127.0901947
202530600000901057,37.5895435,127.0790035
202530600000901165,37.6023661,127.0816831
202530600000900445,37.6014678,127.11458
202530600000901100,37.6049734,127.0977675
202530600000900106,37.6109587,127.0750611
202530600000901090,37.595555,127.1002663
202530600000900998,37.6197731,127.0876543
202530600000900086,37.6144089,127.0793664
202530600000900991,37.5929165,127.0713464
202530600000900537,37.5937004,127.0853653
202530600000900351,37.5829123,127.0894084
202530600000901316,37.6114167,127.1028938
202530600000901321,37.6102272,127.1086122
202530600000901217,37.5903056,127.0892863
202530600000901358,37.5891487,127.0734048
202530600000900329,37.5769157,127.0812912
202530600000900306,37.5781768,127.0920146
202530600000901201,37.604118,127.0857832
202530600000900269,37.5855882,127.0820251
202530600000900758,37.6154194,127.0734078
202530600000901275,37.5992747,127.104654
202530600000900993,37.6019625,127.0792522
202530600000900626,37.5937996,127.0714586
202530600000901087,37.5954772,127.0941051
202530600000900226,37.5884399,127.0765533
202530600000900706,37.6133881,127.0942078
202530600000900274,37.5865018,127.0821261
202530600000901308,37.6071326,127.1074599
202530600000900560,37.6135068,127.1054068
202530600000901315,37.6078394,127.1130666
202530600000900250,37.5757228,127.0833332
202530600000900577,37.600647,127.0989838
202530600000900373,37.576948,127.0876529
202530600000901065,37.5875558,127.0842251
202530600000900205,37.5888863,127.0831223
202530600000900732,37.5940361,127.0713806
202530600000900536,37.5940782,127.0817626
202530600000901242,37.5900375,127.0741577
202530600000900689,37.6070137,127.0913086
202530600000901060,37.5830548,127.084203
202530600000901147,37.6018486,127.1075763
202530600000900210,37.590332,127.075325
202530600000900931,37.6022489,127.1110977
202530600000901313,37.607689,127.1117189
202430600000902669,37.57442,127.0837
202530600000900121,37.6048813,127.0743027
202530600000900489,37.600793,127.0883653
202530600000900167,37.5872726,127.0845642
202530600000901017,37.6133752,127.1036009
202530600000900425,37.5985053,127.0975142
202530600000900442,37.6031265,127.10215
202530600000901148,37.604682,127.1068621
202530600000900535,37.5930176,127.0849762
202530600000900012,37.6036644,127.0857315
202530600000900199,37.5871391,127.0790863
202430600000902631,37.5879,127.0809
202530600000900094,37.6105728,127.081871
202530600000900129,37.6119652,127.075882
202530600000901255,37.5806096,127.0920226
202530600000900800,37.5948583,127.102557
202530600000900764,37.5919228,127.0896378
202530600000900598,37.590862,127.0754111
202530600000901202,37.5803368,127.0961388
202430600000902711,37.5844,127.0753
202530600000901236,37.6144659,127.0876784
202530600000900705,37.6139299,127.0983043
202530600000900501,37.5963554,127.0840149
202530600000900941,37.6057917,127.0992768
202530600000900722,37.6045606,127.0821337
202530600000900374,37.5897217,127.0984955
202530600000901369,37.6080868,127.1055679
202530600000901333,37.6121614,127.1018542
202530600000900752,37.6134527,127.0728426
202530600000901163,37.6119646,127.0772814
202430600000902713,37.58027,127.0783
202530600000901356,37.6015697,127.0909599
202530600000900736,37.5957767,127.0775109
202530600000900582,37.6050262,127.0966873
202530600000900379,37.5811717,127.0897559
202530600000900061,37.5981216,127.075592
202530600000900604,37.5745009,127.0876029
202530600000900621,37.6172277,127.1006182
202530600000900435,37.5985107,127.101059
202530600000900955,37.59066,127.0778024
202530600000900397,37.5871636,127.1016635
202530600000900672,37.5835953,127.0873108
202530600000901070,37.5935579,127.0790316
202530600000901192,37.6089276,127.0865674
202430600000902648,37.61711,127.093
202530600000900589,37.6035576,127.0947418
202530600000900228,37.5915451,127.0849228
202530600000900762,37.5910339,127.0887299
202530600000900826,37.5940519,127.0866591
202530600000900409,37.6016655,127.1059952
202430600000901388,37.599149,127.10353
202530600000900090,37.6181984,127.0806885
202530600000900914,37.595422,127.087573
202530600000900767,37.5918503,127.0901184
202530600000900612,37.5845524,127.0892755
202530600000901345,37.6164725,127.0824736
202530600000900208,37.5865447,127.0764731
202530600000900775,37.5919494,127.0863121
202530600000900810,37.6043935,127.1059924
202530600000900069,37.6107061,127.0786169
202530600000900009,37.6022999,127.0819568
202530600000901132,37.6043729,127.1094778
202530600000900576,37.6204414,127.1062469
202530600000900514,37.5982132,127.086174
202530600000900587,37.6025543,127.0958099
202530600000900864,37.6010112,127.107644
202530600000901071,37.6065907,127.0830496
202530600000901153,37.6042428,127.1137872
202430600000902702,37.60695,127.0726
202530600000900982,37.5923542,127.0729925
202530600000900337,37.576786,127.0852051
202530600000901267,37.6155129,127.0765766
202430600000902629,37.5879,127.0809
202530600000900080,37.6132927,127.0786972
202530600000900557,37.5963669,127.0879822
202530600000901324,37.6094244,127.1026464
202530600000900389,37.5894737,127.0987015
202430600000902654,37.61711,127.093
202530600000901357,37.5929555,127.0800334
202530600000901083,37.6138423,127.0767027
202530600000901274,37.6002339,127.1013002
202430600000902678,37.59181,127.0994
202530600000900797,37.5974976,127.1010437
202530600000900486,37.5916519,127.1002197
202430600000902661,37.59125,127.0782
202430600000902662,37.59125,127.0782
202530600000900248,37.5725563,127.0810648
202530600000900088,37.619752,127.0844697
202530600000900223,37.5918503,127.074379
202530600000900729,37.5985179,127.0764471
202530600000900273,37.5857371,127.0784032
202530600000900446,37.599308,127.1014404
202530600000900164,37.5858765,127.0859451
202530600000900992,37.5992754,127.0782543
202530600000900849,37.6026818,127.0872944
202530600000900256,37.5752592,127.0880282
202530600000900443,37.5958105,127.0794291
202530600000900602,37.571513,127.0827117
202530600000900678,37.6025058,127.102688
202530600000900695,37.6086693,127.0872498
202530600000900481,37.5917349,127.0982426
202530600000900476,37.5911674,127.0942307
202530600000900936,37.5899995,127.0944791
202530600000900359,37.5827037,127.0880061
202530600000901224,37.576715,127.0842207
202530600000901077,37.6011819,127.0740686
202530600000900559,37.5920258,127.080925
202530600000900224,37.5881348,127.0783463
202530600000901314,37.6078924,127.111933
202530600000900102,37.6170502,127.08004
202530600000900186,37.5893784,127.0915985
202530600000901309,37.6071137,127.1060261
202530600000901131,37.5803716,127.0896686
202530600000900739,37.6161928,127.0784395
202530600000900743,37.6174202,127.0819702
202530600000900041,37.5961609,127.0782928
202530600000900231,37.5905533,127.0832901
202530600000900456,37.5924606,127.0959549
202530600000900357,37.5823936,127.0854721
202530600000900068,37.6083748,127.0787794
202530600000900648,37.6148911,127.084671
202530600000900385,37.5854301,127.0954971
202530600000901265,37.6040501,127.076781
202530600000901336,37.6084935,127.1008128
202530600000900663,37.5739702,127.0893741
202530600000900427,37.6013756,127.111496
202530600000900611,37.585987,127.0884172
202430600000902642,37.61711,127.093
202530600000901211,37.57285,127.0898664
202530600000900315,37.5781002,127.0835851
202530600000900945,37.5825181,127.0836815
202530600000900100,37.6128998,127.080574
202530600000900867,37.605077,127.0771962
202530600000900671,37.5878804,127.0986776
202530600000900151,37.5886175,127.0919368
202530600000901139,37.60352,127.0853354
202530600000900730,37.6005875,127.0787329
202530600000901098,37.6076029,127.0992179
202530600000901347,37.5940625,127.0772422
202530600000900656,37.5879795,127.093396
202530600000900803,37.6062191,127.1057644
202530600000900996,37.6066831,127.0812761
202530600000900187,37.586277,127.0855637
202530600000900023,37.6029243,127.0847015
202530600000900044,37.5958557,127.075264
202530600000900073,37.6176338,127.0804367
202530600000900462,37.5936123,127.1021178
202530600000900572,37.6171138,127.1015406
202530600000900213,37.5921127,127.0781201
202530600000900112,37.6125603,127.0743256
202530600000900664,37.572998,127.0915451
202530600000900472,37.5922586,127.1004539
202530600000901231,37.5726812,127.0880536
202530600000900015,37.6013786,127.0833063
202530600000900964,37.583535,127.0938134
202530600000900089,37.6182098,127.0871658
202530600000900715,37.6192634,127.1108557
202530600000900075,37.6134109,127.0795441
202530600000900646,37.6043996,127.0748926
202530600000901371,37.6099157,127.1067544
202530600000900696,37.6109123,127.0941467
202530600000900383,37.5809009,127.0878375
202430600000902659,37.59125,127.0782
202530600000901213,37.6144477,127.1127355
202530600000900290,37.5854301,127.0790405
202530600000900294,37.5858621,127.0816007
202530600000901285,37.6109415,127.1035811
202530600000900142,37.5933342,127.0919189
202530600000900297,37.5855255,127.0752945
202530600000900687,37.5894144,127.1025137
202530600000900434,37.5965271,127.0953751
202530600000901198,37.613951,127.089065
202530600000901214,37.5881278,127.093175
202530600000901238,37.5845221,127.0943109
202530600000900568,37.6104431,127.095932
202530600000900118,37.6098292,127.0762921
202530600000901287,37.6101959,127.1036948
202530600000901319,37.6075648,127.1069139
202530600000900947,37.5817531,127.0833953
202530600000900753,37.6130409,127.074501
202530600000900487,37.5945091,127.0953293
202530600000900072,37.6183014,127.0833359
202530600000901029,37.6125826,127.0763837
202530600000900305,37.5785637,127.0933075
202530600000900046,37.5965652,127.0727692
202530600000900233,37.5775528,127.0803604
202530600000900124,37.6076584,127.0729294
202530600000900832,37.599955,127.0965839
202530600000900883,37.5740477,127.0910165
202530600000901076,37.5954305,127.0747746
202530600000900578,37.6032372,127.0986328
202530600000900999,37.6159265,127.0742903
202430600000902684,37.59676835,127.0982674
202430600000902644,37.61711,127.093
202430600000901360,37.584325,127.097589
202530600000900844,37.5792548,127.0840738
202530600000900117,37.6081242,127.0766178
202530600000901222,37.5742465,127.0868739
202530600000901322,37.6071863,127.1093934
202530600000901032,37.6178122,127.1018977
202530600000900498,37.6003189,127.086586
202530600000900686,37.5913104,127.1039494
202530600000900147,37.5841781,127.0931081
202530600000901288,37.6102673,127.1046587
202430600000902675,37.59181,127.0994
202530600000900479,37.5897217,127.1009903
202530600000900022,37.6056824,127.0819016
202530600000901221,37.6072894,127.0980658
202530600000900928,37.5977385,127.093952
202530600000900279,37.5874023,127.0836639
202530600000900455,37.5919533,127.0957565
202530600000900575,37.6165806,127.0934168
202530600000901188,37.6088981,127.0884261
202530600000900600,37.5919684,127.0835279
202530600000900332,37.5793664,127.0837758
202530600000900866,37.5892417,127.0798635
202530600000900879,37.5939894,127.0757151
202530600000900988,37.597139,127.0775558
202430600000902619,37.60188,127.1146
202530600000900183,37.5866241,127.0887222
202530600000900702,37.6159096,127.1078644
202530600000900733,37.5968132,127.071022
202530600000900119,37.6060098,127.0770324
202530600000900452,37.5927887,127.094696
202530600000900652,37.5904238,127.0891135
202530600000900002,37.6010926,127.0852481
202530600000900054,37.5964307,127.0754539
202530600000900467,37.5937705,127.1031019
202530600000900350,37.5820694,127.0848236
202530600000901164,37.5732824,127.0903296
202530600000900303,37.5792344,127.0832424
202530600000901282,37.6053845,127.0781428
202530600000901179,37.5989178,127.1142031
202530600000900204,37.5911102,127.0846634
202530600000900254,37.5757446,127.0839996
202530600000900101,37.6079636,127.0809937
202430600000902660,37.59125,127.0782
202530600000901346,37.5812829,127.0833162
202530600000901259,37.5926843,127.0809899
202530600000900400,37.5821495,127.090477
202530600000900071,37.6110603,127.0799597
202530600000900209,37.586853,127.0802307
202530600000900174,37.5938113,127.0927863
202530600000900905,37.5821648,127.0839514
202530600000900725,37.6043703,127.0809627
202530600000901233,37.6075506,127.0818501
202530600000900816,37.5947119,127.0981557
202530600000900019,37.6034698,127.0817795
202530600000900599,37.5898848,127.0760724
202530600000900304,37.5785751,127.0942383
202530600000900296,37.5857048,127.0751724
202530600000900666,37.5847574,127.0782255
202530600000900356,37.5839119,127.0850525
202530600000900580,37.6025988,127.0973476
202530600000900798,37.5979658,127.1018387
202530600000900829,37.6004601,127.0997772
202530600000901170,37.5851222,127.1023194
202530600000901062,37.5836323,127.0877201
202530600000900526,37.6020775,127.0875549
202530600000900789,37.5862389,127.0812759
202530600000900842,37.6043192,127.0939483
202430600000901403,37.579566,127.099324
202530600000901168,37.5870333,127.102825
202530600000900974,37.5844957,127.0834263
202530600000900367,37.5884031,127.1015535
202530600000900524,37.6038742,127.0874786
202530600000900495,37.5989176,127.0928383
202530600000900935,37.5953339,127.0991466
202430600000901385,37.593131,127.082488
202530600000900270,37.586113,127.0828476
202530600000901107,37.5955462,127.0759279
202430600000901393,37.607515,127.092088
202530600000901140,37.6010915,127.0842741
202530600000901190,37.6087117,127.0875963
202530600000900919,37.6057829,127.0826212
202530600000900677,37.5866345,127.1011374
202530600000900827,37.5928723,127.0866806
202530600000900548,37.5940806,127.0796319
202530600000900943,37.6064093,127.0939654
202530600000900144,37.591401,127.0915673
202530600000900163,37.5916972,127.091216
202430600000902668,37.57442,127.0837
202530600000900546,37.5935936,127.0881577
202530600000900458,37.5940514,127.0954666
202530600000900847,37.595657,127.0950355
202530600000900584,37.6065729,127.0919046
202430600000902689,37.59676835,127.0982674
202530600000900040,37.5966225,127.0801086
202530600000900057,37.6050415,127.0763016
202530600000900834,37.6177025,127.102478
202530600000900595,37.5999706,127.1069956
202530600000900710,37.6130299,127.0887959
202530600000901330,37.6069707,127.1056113
202530600000900638,37.5983952,127.1040852
202530600000900616,37.6090469,127.0796127
202530600000900478,37.5931819,127.1016675
202530600000900540,37.5922737,127.0815125
202530600000900618,37.6079632,127.0756635
202530600000900032,37.5950699,127.071022
202530600000900541,37.5920906,127.082016
202430600000902673,37.57442,127.0837
202530600000900768,37.5908012,127.0926132
202530600000901349,37.590656,127.0973022
202530600000900675,37.5875681,127.0989214
202530600000901186,37.6089516,127.089185
202530600000900571,37.6083815,127.0988815
202530600000900893,37.586848,127.0882506
202530600000900108,37.6150436,127.0745239
202530600000900314,37.5805647,127.0849703
202530600000900034,37.6004448,127.0752716
202530600000900508,37.6041908,127.0924149
202530600000900189,37.5855376,127.0901234
202530600000900206,37.5879478,127.0812454
202430600000902670,37.57442,127.0837
202530600000900286,37.5841904,127.081337
202530600000900532,37.5945702,127.0921061
202530600000900451,37.5908012,127.0994339
202530600000900971,37.5850804,127.0771753
202530600000900403,37.5991784,127.1035835
202530600000901142,37.5984554,127.0729595
202430600000902709,37.58602,127.0738
202530600000901273,37.6024901,127.1034199
202530600000900323,37.5779724,127.0930099
202430600000902667,37.58901,127.0764
202530600000900003,37.6018316,127.0861195
202530600000900712,37.6084582,127.0941408
202530600000900331,37.577034,127.0898361
202530600000901229,37.5724115,127.0893629
202530600000900439,37.6055145,127.1050339
202530600000900606,37.5805107,127.0864165
202530600000900049,37.6009445,127.0769501
202530600000901337,37.5947959,127.074493
202530600000901264,37.5939507,127.0726704
202530600000900681,37.6023331,127.1036301
202530600000900055,37.5967438,127.0763853
202530600000900851,37.5874009,127.0996959
202530600000900747,37.6102192,127.0794118
202530600000900594,37.6008049,127.1059869
202530600000900018,37.5982742,127.0809097
202530600000900191,37.5846024,127.0839767
202530600000900531,37.592701,127.0747528
202530600000900854,37.5717648,127.0871824
202530600000901105,37.5863534,127.0948568
202530600000900399,37.5881729,127.0978928
202530600000900510,37.5983679,127.0829846
202530600000900525,37.6000824,127.0878448
202530600000901080,37.6192519,127.0837612
202530600000900581,37.6017036,127.0986557
202530600000900802,37.6020251,127.1101952
202530600000900869,37.6098327,127.0786007
202530600000900485,37.5902273,127.1004945
202530600000901143,37.6031713,127.0782291
202530600000900450,37.6011696,127.1007919
202430600000901366,37.586565,127.101156
202530600000900900,37.59,127.0805227
202530600000900171,37.5842667,127.0877838
202530600000900957,37.5938354,127.0762668
202530600000900166,37.5884209,127.0901871
202430600000901394,37.605094,127.088517
202530600000900320,37.5787239,127.0902786
202430600000902685,37.59676835,127.0982674
202530600000900967,37.5719542,127.0855096
202530600000901339,37.5942172,127.0930051
202530600000900527,37.6056938,127.0927429
202530600000901295,37.6092257,127.1079895
202530600000900700,37.6173019,127.1112061
202530600000900903,37.5911901,127.0761657
202430600000902712,37.58027,127.0783
202530600000900910,37.5812658,127.079881
202530600000900091,37.6174469,127.0782547
202430600000902617,37.58513,127.1073
202530600000900339,37.5785217,127.0837479
202630600000900014,37.6038492,127.0845046
202630600000900015,37.6091018,127.0815603
202630600000900016,37.6134295,127.0837311
202630600000900017,37.6144394,127.0858361
202630600000900018,37.6142726,127.0859322
202630600000900019,37.614368,127.0849073
202630600000900020,37.6142508,127.0850374
202630600000900021,37.6138043,127.0857108
202630600000900022,37.6113092,127.0937238
202630600000900023,37.6078717,127.0911231
202630600000900024,37.607738,127.0921904
202630600000900025,37.6129028,127.0897897
202630600000900026,37.6126678,127.0896871
202630600000900027,37.6128465,127.0894771
202630600000900028,37.6126454,127.0894456
202630600000900029,37.6127993,127.0891645
202630600000900030,37.606526,127.0973487
202630600000900031,37.6146467,127.1014074
202630600000900032,37.6178998,127.079256
202630600000900033,37.6014515,127.1039965
202630600000900034,37.5919851,127.0750672
202630600000900035,37.5898726,127.082596
202630600000900036,37.610408,127.11364
202630600000900037,37.5856709,127.094642
202630600000900038,37.583253,127.104708
202630600000900039,37.582736,127.10338
202530600000901226,37.6012462,127.1109594
202630600000900001,37.5838655,127.1013456
202630600000900002,37.5787621,127.1030736
202630600000900003,37.5790119,127.1007645
202630600000900004,37.6115622,127.028612
202630600000900005,37.5812147,127.0884395
202630600000900006,37.5806767,127.0872143
202630600000900007,37.5943692,127.0859355
202630600000900008,37.5748998,127.080136
202630600000900009,37.5831038,127.0799373
202630600000900010,37.6136362,127.07714
202630600000900011,37.6193915,127.1113503
202630600000900012,37.5821794,127.0947458
202630600000900013,37.6044982,127.084092
202030700000900388,37.60060901,127.0394851
202030700000900033,37.60765079,127.0613782
202430700000900210,37.613136,127.01033
202030700000900495,37.58421049,127.0087585
202030700000900266,37.59860995,127.027517
202030700000900197,37.60681402,127.0411781
202030700000900990,37.6171889,127.0534807
202030700000900211,37.60564898,127.0327472
202530700000900167,37.141377,127.452358
202430700000900190,37.590397,127.022238
202030700000900902,37.59920831,127.0341643
202030700000900768,37.61773596,127.0552662
202430700000900262,37.602752,127.038137
202430700000900207,37.606789,126.998051
202030700000900536,37.6176577,127.0429239
202530700000900173,37.614928,127.051671
202430700000900028,37.604974,127.030611
202030700000900252,37.60298665,127.0289093
202030700000900378,37.61141335,127.012481
202030700000900135,37.61346996,127.0114479
202030700000900722,37.614859,127.060614
202430700000900131,37.617184,127.051319
202030700000900711,37.611651,127.063727
202430700000900204,37.608588,127.004588
202030700000900649,37.59589295,127.0360798
202030700000900957,37.61586036,127.0461526
202430700000900268,37.608436,127.024035
202030700000900496,37.61323376,127.0076338
202030700000900604,37.60490155,127.0374716
202530700000900146,37.609104,127.020193
202030700000900417,37.60884527,127.0583571
202430700000900276,37.592657,126.989325
202030700000900093,37.61460115,127.0440819
202030700000900029,37.58018382,127.0194134
202030700000900220,37.61215269,127.0475462
202030700000900468,37.60652503,127.0430715
202430700000900217,37.59954,127.000068
202030700000900372,37.60793483,126.999248
202030700000900286,37.61788075,127.0439978
202030700000900924,37.59946878,127.0089777
202430700000900127,37.588318,127.010345
202030700000900625,37.607072,127.052325
202030700000900088,37.61609203,127.0474307
202030700000900984,37.6094067,127.0090887
202430700000900256,37.587384,127.028738
202030700000900612,37.61347515,127.048076
202530700000900177,37.61015659,127.0420825
202030700000900755,37.59489161,126.9893774
202030700000900097,37.61171854,127.0448187
202430700000900024,37.61844,126.998764
202030700000900344,37.60773614,127.0592764
202030700000900517,37.60989897,127.065246
202030700000900896,37.61047689,127.0605939
202030700000900842,37.59963735,127.0292494
202030700000900546,37.61656097,127.0459135
202030700000900736,37.5958633,126.9970106
202430700000900231,37.609042,127.00838
202430700000900070,37.605607,127.02974
202430700000900146,37.597154,127.035749
202430700000900053,37.595299,127.016953
202430700000900175,37.59216,127.03882
202530700000900118,37.605969,127.008088
202430700000900072,37.601292,127.035375
202030700000900982,37.60988375,127.0435667
202430700000900102,37.616368,127.048825
202430700000900244,37.615467,127.054581
202030700000900680,37.59449364,127.0213511
202030700000900278,37.62216382,127.0491813
202430700000900045,37.593038,127.001394
202430700000900058,37.58019,127.020308
202030700000900397,37.6058655,127.0430892
202030700000900878,37.59789945,127.0214608
202430700000900014,37.584198,127.030058
202030700000900375,37.60974762,126.9996149
202030700000900689,37.58199832,127.0176975
202030700000900595,37.60642837,126.9992525
202530700000900101,37.604605,127.050644
202030700000900092,37.61648532,127.0434686
202530700000900151,37.620465,127.005848
202030700000900413,37.60868875,127.0639037
202430700000900155,37.355374,127.2802
202030700000900208,37.60863194,127.0220704
202430700000900124,37.608937,127.033768
202030700000900895,37.6165399,127.053181
202030700000900751,37.6212342,127.0488297
202030700000900124,37.60840979,127.0133594
202430700000900040,37.612572,127.642315
202030700000900040,37.61139011,127.0601536
202030700000900560,37.615555,127.0435841
202030700000900848,37.59482361,126.9990081
202030700000900195,37.62131652,127.0510157
202530700000900117,37.605856,127.009105
202030700000900350,37.5872582,127.0073792
202430700000900176,37.5953,127.02714
202430700000900031,37.598478,127.03277
202030700000900738,37.58987156,127.0068705
202030700000900030,37.57892813,127.0215504
202030700000900647,37.59878701,127.015088
202030700000900616,37.61581,127.0502307
202030700000900875,37.61144087,127.0595557
202030700000901017,37.5848241,127.0199105
202030700000900334,37.60565378,127.0429756
202030700000900014,37.59391117,127.0206081
202030700000900675,37.60028939,127.034526
202030700000900731,37.60976971,126.9994473
202030700000900384,37.61120361,127.0012322
202530700000900189,37.599586,127.026313
202030700000900602,37.608121,127.0488257
202530700000900027,37.585579,127.019818
202030700000900159,37.59992668,126.9946143
202030700000900619,37.611471,127.049154
202030700000900638,37.59360423,127.017167
202030700000900520,37.610163,127.0650544
202030700000900284,37.61785939,127.043291
202030700000900321,37.611214,127.0659976
202430700000900248,37.597431,127.036909
202030700000900164,37.6010945,126.9984826
202030700000900503,37.606547,127.0303784
202030700000900340,37.60796453,127.0484496
202530700000900133,37.595733,127.007884
202030700000900162,37.60170171,126.9964306
202030700000900955,37.60722215,127.0545058
202030700000900303,37.61850161,127.0021657
202430700000900116,37.619471,127.002434
202030700000900142,37.59289424,127.0338845
202030700000900214,37.60612281,127.0486794
202030700000900674,37.60699951,127.0360366
202030700000900839,37.60358456,127.008199
202030700000900039,37.61272866,127.0641777
202530700000900170,37.617734,127.00591
202430700000900130,37.611592,127.046424
202430700000900002,37.57933,127.021937
202530700000900179,37.62044203,127.0465257
202030700000900130,37.60638162,127.0091733
202430700000900284,37.610432,127.040662
202030700000900008,37.60097759,127.0194007
202030700000900480,37.60684193,127.0504693
202030700000900188,37.59106819,127.0045489
202030700000901032,37.5930966,127.0414623
202030700000900126,37.60829099,127.0121498
202030700000900790,37.61203253,127.0003352
202030700000900279,37.60920687,127.0060433
202030700000900336,37.61103747,127.0286224
202030700000900224,37.61656351,127.0507176
202030700000900365,37.60085831,127.0214118
202530700000900065,37.59294,127.000086
202030700000900586,37.59600424,127.0346362
202530700000900145,37.608199,127.019506
202030700000900247,37.58169765,127.0084819
202430700000900080,37.613012,127.063248
202030700000900804,37.60920187,127.0454741
202430700000900125,37.589505,127.011465
202030700000900763,37.59819856,127.0362399
202530700000900061,37.620678,127.04764
202030700000900830,37.60986433,127.0229048
202530700000900159,37.598316,127.025409
202030700000900475,37.61668329,127.0548827
202030700000900329,37.59771738,127.0300532
202030700000900698,37.60949116,127.0117061
202030700000900871,37.61527491,127.0485177
202030700000900038,37.60929244,127.0632974
202430700000900243,37.622832,127.050863
202030700000900704,37.60833457,127.051219
202530700000900108,37.611372,127.042484
202430700000900091,37.583166,127.015485
202530700000900047,37.587216,127.00976
202030700000900720,37.61561746,127.060398
202530700000900128,37.605777,127.042884
202030700000900551,37.6156812,127.0469504
202030700000900843,37.60870817,127.0613067
202430700000900157,37.59081,127.00634
202030700000900687,37.58995775,127.0108878
202030700000900515,37.608438,127.0652703
202430700000900062,37.608107,127.015205
202430700000900264,37.618183,127.051064
202430700000900008,37.581323,127.011148
202430700000900247,37.60558,127.050575
202030700000900443,37.61226008,127.0397106
202030700000900382,37.61261637,127.0412493
202030700000900686,37.60004723,127.0368078
202530700000900130,37.595467,127.008162
202030700000900139,37.59790803,127.0330739
202030700000900926,37.6094433,127.0193259
202030700000900131,37.60749279,127.0076468
202430700000900158,37.58062,127.0101
202030700000900260,37.61274931,127.0095682
202030700000900374,37.61432464,126.9997961
202030700000900660,37.588444,127.0155297
202030700000901020,37.61906732,127.0054958
202030700000900639,37.60598754,127.0164892
202430700000900003,37.587433,127.006495
202030700000900476,37.61083496,127.0604212
202030700000900015,37.59385649,127.017261
202530700000900084,37.58003,127.017599
202430700000900082,37.609372,127.054543
202030700000901001,37.61437176,127.0647409
202030700000900855,37.58768564,127.0223184
202030700000900412,37.61006875,127.0645898
202030700000900598,37.603713,127.0363385
202430700000900291,37.611032,127.007989
202030700000900407,37.58408151,127.0229015
202030700000900798,37.59503145,127.0336439
202430700000900019,37.606961,127.013073
202030700000900434,37.58505303,127.007332
202430700000900154,37.591464,127.007088
202030700000900678,37.59264139,127.0207391
202030700000900654,37.58846605,127.0298321
202530700000900021,37.611909,127.00919
202030700000900846,37.58961213,127.0058469
202030700000900530,37.61438951,127.0427679
202030700000900253,37.59982501,127.0146483
202030700000901022,37.60651709,127.0343195
202030700000900052,37.59292276,126.9948911
202030700000900860,37.61207346,127.013505
202530700000900140,37.602256,127.011486
202530700000900002,37.595559,126.988619
202030700000900423,37.61157475,127.0041181
202030700000900086,37.58300905,127.0286661
202030700000900114,37.60113863,127.0208276
202030700000900580,37.61077049,127.0124538
202030700000900986,37.60861921,127.0422845
202030700000900512,37.61586379,127.0465545
202430700000900011,37.593892,127.02139
202030700000900759,37.60169458,127.0197693
202030700000900726,37.6019441,127.0157318
202430700000900206,37.607276,126.999024
202530700000900097,37.599746,127.031972
202030700000900919,37.60867263,127.0330113
202030700000900699,37.60523125,127.0119111
202030700000900067,37.60658669,127.0462063
202030700000900359,37.588946,127.020643
202430700000900122,37.605151,127.06193
202030700000900401,37.61838175,127.0451081
202430700000900013,37.582568,127.02297
202430700000900259,37.589722,127.0289
202430700000900052,37.593199,127.016002
202030700000900925,37.58740989,127.0091059
202030700000900714,37.61394,127.039841
202530700000900033,37.60963,127.029817
202030700000900973,37.60091616,127.0203383
202530700000900129,37.614928,127.051671
202430700000900043,37.606559,127.053167
202030700000900708,37.608537,127.062531
202030700000900844,37.61613933,127.0479747
202030700000900152,37.59685854,126.9903025
202430700000900222,37.587528,127.012492
202430700000900282,37.59963,127.036729
202530700000900142,37.606904,127.016673
202530700000900106,37.610162,127.044445
202030700000900656,37.58710261,127.0175584
202530700000900143,37.606904,127.016673
202430700000900120,37.609284,127.03931
202030700000900701,37.60662916,127.03317
202030700000900061,37.58527368,127.0084099
202430700000900166,37.60332,127.00929
202030700000900393,37.60441797,127.0394781
202030700000900322,37.61355353,127.0649712
202030700000900672,37.61132431,127.0208485
202030700000900815,37.58194784,127.0237794
202030700000900841,37.6201602,127.005842
202430700000900071,37.607116,127.029665
202530700000900059,37.617442,127.051273
202030700000900630,37.592222,127.001888
202030700000900994,37.57743297,127.0186746
202430700000900022,37.60578,127.001354
202030700000900800,37.6092673,127.0320803
202430700000900182,37.616885,127.051244
202030700000900193,37.61009341,127.0067784
202430700000900113,37.601183,127.010839
202030700000900047,37.6065263,127.059882
202530700000900112,37.611843,127.040278
202030700000900377,37.61147678,127.0082933
202030700000900739,37.59631197,126.9956393
202030700000900770,37.5927111,126.9912347
202030700000900545,37.6174326,127.047271
202030700000900777,37.58792889,127.0088201
202030700000900825,37.6161364,127.0055591
202030700000900578,37.61752494,127.001692
202030700000900063,37.58746719,127.0130839
202430700000900173,37.60902,127.02342
202030700000900995,37.59989733,127.0125154
202430700000900290,37.579816,127.019394
202030700000900762,37.59209481,127.0370692
202530700000900154,37.582571,127.008777
202030700000900306,37.6123891,127.0071444
202030700000900379,37.60504961,127.0220129
202030700000900218,37.61206848,127.0414471
202030700000900904,37.60269641,127.0209503
202030700000900501,37.60641395,127.0011552
202030700000900845,37.60899251,127.0463301
202030700000900573,37.61131324,127.0064059
202530700000900028,37.578703,127.023503
202030700000900796,37.59740957,127.019984
202030700000900341,37.61271604,127.0533228
202030700000900059,37.58733427,127.0083558
202430700000900229,37.60951,127.015062
202430700000900213,37.607666,127.060333
202030700000900671,37.61106471,127.0621603
202530700000900093,37.602461,127.033886
202030700000900663,37.58278484,127.01893
202030700000900596,37.60982607,127.0323911
202530700000900045,37.609101,127.009279
202030700000900200,37.6116548,127.0569328
202030700000900700,37.61717897,126.9988719
202430700000900047,37.618127,126.997924
202030700000900048,37.605979,127.0107044
202030700000900737,37.59246294,127.0047556
202530700000900152,37.621641,127.007158
202030700000900201,37.61278291,127.0638198
202430700000900193,37.59004,127.014377
202430700000900246,37.604594,127.033906
202430700000900252,37.585676,127.031862
202430700000900089,37.592921,127.017359
202430700000900076,37.612065,127.04216
202530700000900102,37.603067,127.052867
202030700000900847,37.59097454,127.0027899
202030700000900026,37.58443202,127.0178744
202030700000900387,37.59560696,127.0373944
202430700000900221,37.583925,127.007911
202030700000900032,37.60560249,127.0594831
202430700000900185,37.61019,127.0624
202030700000901003,37.606877,127.065251
202430700000900073,37.597647,127.027728
202030700000900046,37.60486653,127.0609592
202030700000900937,37.60597544,127.0488192
202430700000900111,37.612538,127.01446
202530700000900052,37.612576,127.006877
202030700000900801,37.60757128,127.0399282
202530700000900148,37.601309,127.002644
202030700000901011,37.60751183,127.060963
202030700000900355,37.60124137,127.0252729
202430700000900037,37.607212,127.047524
202430700000900179,37.60318,127.03842
202030700000900367,37.60118292,127.0088873
202030700000900555,37.61552664,127.045917
202030700000901009,37.60993559,127.0273763
202030700000900311,37.60599344,127.0280995
202030700000900707,37.61267064,127.064865
202030700000900659,37.61295343,127.061669
202530700000900053,37.596228,127.005302
202030700000900576,37.609791,127.008251
202030700000900456,37.60826186,127.0148407
202030700000900241,37.61580561,127.058858
202430700000900270,37.609089,127.026097
202030700000900597,37.612567,127.0589903
202030700000900045,37.6079433,127.058819
202030700000900677,37.61321962,127.0471437
202430700000900227,37.609657,127.014463
202030700000900005,37.6105478,127.0287874
202030700000900853,37.59698165,127.0133392
202030700000900786,37.58328607,127.0170593
202030700000900592,37.60516176,127.035182
202030700000900023,37.59937466,127.0221588
202030700000900750,37.61493875,127.0503887
202030700000900684,37.59963537,127.0376512
202030700000900116,37.60967834,127.0137628
202530700000900069,37.611414,127.052501
202030700000900228,37.61668329,127.054857
202030700000900451,37.59268508,127.0180533
202430700000900292,37.600172,127.029753
202530700000900013,37.598597,127.00379
202430700000900023,37.616382,127.002388
202030700000900435,37.58671082,127.0076764
202030700000901013,37.60507997,127.0517229
202430700000900041,37.611137,127.047888
202430700000900065,37.606586,127.00894
202030700000901036,37.6048251,127.0305927
202430700000900172,37.61044,127.01114
202530700000900009,37.598665,126.9987
202030700000900727,37.60599085,127.0118323
202530700000900105,37.610119,127.045235
202030700000900954,37.6089134,127.0578564
202030700000900171,37.59805275,127.0020473
202430700000900279,37.606123,127.025006
202030700000900314,37.60029654,127.0346881
202530700000900058,37.586088,127.029283
202030700000900624,37.60840315,127.0587152
202430700000900281,37.592459,126.997996
202030700000900529,37.58748192,127.009845
202030700000900832,37.60000168,127.0323416
202530700000900176,37.614928,127.051671
202030700000900403,37.61565002,127.0525276
202530700000900139,37.592748,126.989802
202030700000900053,37.59397637,127.0014947
202030700000900975,37.5800595,127.022998
202030700000900858,37.57915122,127.0234479
202530700000900124,37.60169,127.03878
202430700000900088,37.583764,127.008074
202030700000900605,37.602707,127.041027
202030700000900833,37.59737782,127.0329746
202030700000901024,37.5982249,127.0211854
202030700000900141,37.59253345,127.0352053
202030700000900056,37.59542927,126.9933593
202030700000900409,37.61659865,127.0585218
202430700000900168,37.60678,127.00762
202430700000900209,37.607764,126.997981
202030700000900859,37.60454997,127.0132228
202030700000900414,37.61231339,127.0656678
202030700000900548,37.614673,127.045124
202430700000900107,37.594377,126.992364
202430700000900258,37.590166,127.029308
202030700000900332,37.60328046,127.0335933
202030700000900238,37.58644036,127.0099272
202430700000900059,37.601306,127.017173
202030700000900676,37.6102401,127.0533641
202430700000900195,37.584573,127.011497
202030700000900462,37.600874,127.0317622
202030700000900352,37.59277208,127.0143746
202030700000900577,37.61190614,127.007619
202030700000900695,37.58325137,127.0293092
202030700000900943,37.59686775,127.0262391
202030700000900805,37.62131346,127.0471896
202030700000900452,37.58333529,127.0241285
202030700000900601,37.6092861,127.0517756
202530700000900044,37.610788,127.023005
202030700000900942,37.59686775,127.0262391
202030700000900500,37.60704825,126.9986455
202030700000900251,37.59327243,127.0186423
202030700000900531,37.61476783,127.0415223
202430700000900278,37.606148,127.025472
202530700000900092,37.608643,127.020572
202030700000900644,37.60142707,127.0248002
202030700000900705,37.61369895,127.0626337
202030700000900666,37.59934131,127.0352991
202030700000900828,37.61412669,127.0404799
202030700000900908,37.6140891,127.017456
202030700000900125,37.60759997,127.0117697
202030700000900533,37.61630297,127.0419264
202030700000900920,37.58387317,127.0193431
202030700000900566,37.60157263,127.0168551
202030700000900696,37.58582922,127.0242561
202030700000900020,37.59090201,127.0107294
202030700000900583,37.61897734,126.9985184
202430700000900033,37.602148,127.035955
202030700000900289,37.5988239,127.0051773
202030700000900438,37.61471455,127.0392479
202530700000900178,37.6106039,127.0420824
202030700000900001,37.60605355,126.9987316
202030700000901029,37.6094813,127.0676816
202430700000900159,37.5893,127.0149
202030700000900719,37.610703,127.0529001
202530700000900122,37.594786,126.990474
202030700000900319,37.61569798,127.0499633
202430700000900075,37.613571,127.043871
202030700000900305,37.61163949,127.0070673
202030700000900940,37.59686775,127.0262391
202030700000900774,37.6014036,127.0391249
202030700000900199,37.61228022,127.0439718
202430700000900046,37.591059,127.008019
202030700000900775,37.619917,127.053906
202430700000900097,37.605362,127.029199
202430700000900208,37.608854,126.997923
202030700000900585,37.59638462,127.039813
202430700000900114,37.607183,126.995858
202530700000900080,37.582571,127.008777
202030700000900420,37.61120351,127.0050088
202030700000900160,37.60061597,126.9957195
202430700000900171,37.61596,127.00338
202030700000900526,37.61063048,127.065438
202030700000900537,37.61733665,127.043746
202030700000900993,37.57747268,127.0182942
202030700000900710,37.61217859,127.0616674
202030700000900914,37.58669821,127.0220101
202030700000900732,37.61305206,127.0095864
202030700000900511,37.61603425,127.0466063
202430700000900151,37.595026,126.998011
202430700000900152,37.595707,127.000931
202430700000900092,37.608937,127.013769
202430700000900086,37.594001,127.000868
202030700000900888,37.59995754,127.0354534
202030700000900968,37.6049642,127.014928
202030700000900134,37.61007599,127.0032935
202530700000900014,37.599669,127.003442
202030700000900912,37.59336966,127.034909
202030700000900225,37.61444212,127.0495864
202030700000901012,37.60507997,127.0517229
202530700000900172,37.614928,127.051671
202430700000900012,37.599922,127.020507
202530700000900099,37.59957,127.025707
202030700000900174,37.59656072,127.0006432
202030700000900408,37.61436182,127.0620044
202030700000900301,37.60324137,127.012448
202530700000900030,37.602695,127.013365
202030700000900810,37.59028966,127.0062093
202430700000900219,37.596685,126.992963
202030700000900567,37.60131756,127.0096302
202030700000900074,37.60831545,127.0343656
202530700000900175,37.614928,127.051671
202030700000900797,37.59306485,126.9975588
202030700000900184,37.60298248,127.0311651
202030700000900024,37.59710977,127.0226584
202030700000900870,37.6124181,127.0506271
202430700000900242,37.610396,127.053072
202030700000900049,37.60673226,127.0516425
202030700000900927,37.60109115,127.0281883
202030700000900392,37.60940809,127.0339765
202030700000900640,37.590333,127.0214949
202030700000900242,37.59946487,127.0081805
202430700000900187,37.594471,127.022468
202030700000900007,37.5856636,127.0234545
202030700000900282,37.60960688,127.0066685
202030700000900542,37.61721271,127.0473909
202030700000900084,37.58836079,127.0290576
202030700000900427,37.6115748,127.0024872
202030700000900101,37.61167139,127.0522122
202530700000900153,37.582571,127.008777
202030700000900641,37.59338462,127.0154492
202030700000900507,37.59249128,127.0115811
202030700000900022,37.59789945,127.0214608
202030700000900112,37.61761569,127.0570841
202030700000900458,37.6148292,126.999411
202430700000900214,37.606842,127.060578
202030700000901015,37.59329873,126.9880537
202530700000900185,37.59665,127.030937
202430700000900129,37.585428,127.022736
202530700000900163,37.598316,127.025409
202030700000900744,37.60268177,127.0222096
202030700000900292,37.58566927,127.0077759
202530700000900024,37.588849,127.016605
202030700000900331,37.59641558,127.0329243
202030700000900018,37.58960848,127.0067437
202430700000900233,37.620217,127.002291
202030700000900556,37.61428005,127.044938
202430700000900287,37.611227,127.043006
202530700000900138,37.592878,126.989802
202430700000900226,37.600795,127.020659
202030700000900229,37.61339694,127.0595104
202530700000900164,37.598316,127.025409
202030700000900488,37.59849761,127.0219864
202030700000900803,37.6114417,127.0500057
202030700000900072,37.60949027,127.0346108
202030700000900885,37.59881357,127.0401772
202030700000900879,37.59557169,127.0121206
202030700000900745,37.6155451,127.0504117
202030700000900477,37.60595009,127.0599001
202030700000900603,37.60794565,127.0504881
202030700000900371,37.61029529,126.9944249
202430700000900078,37.610158,127.04847
202030700000900857,37.58404691,127.020379
202430700000900042,37.611481,127.066309
202030700000900439,37.61404069,127.0389984
202030700000900918,37.59855146,127.0371966
202030700000900189,37.58766154,127.0046829
202430700000900098,37.594871,127.037056
202030700000900514,37.60935443,127.0658691
202030700000900524,37.61084785,127.063338
202430700000900104,37.620769,127.049071
202030700000900535,37.61831176,127.0438712
202030700000900398,37.61987558,127.0484941
202530700000900007,37.598173,126.997192
202030700000900869,37.60566936,127.0379521
202530700000900168,37.617464,127.00664
202030700000900783,37.59732054,127.012139
202530700000900147,37.608852,127.020148
202030700000900988,37.60861921,127.0422845
202030700000900966,37.6080895,127.021886
202430700000900170,37.60834,127.00816
202030700000900681,37.59784996,127.0152101
202030700000900795,37.60235612,127.0282567
202030700000900391,37.61009561,127.0350369
202030700000900079,37.58794129,127.0235503
202530700000900066,37.593106,126.992329
202030700000900934,37.61198577,127.0287859
202530700000900100,37.600273,127.025703
202030700000900215,37.60672745,127.003362
202030700000900997,37.58856649,127.0122689
202030700000900043,37.60959432,127.0621228
202030700000900588,37.597535,127.0336541
202030700000900946,37.61979533,127.0052558
202030700000900070,37.60459251,127.0345451
202430700000900249,37.594135,127.035647
202030700000900424,37.61205366,127.00328
202030700000900230,37.60247399,127.014074
202030700000900589,37.598952,127.0286314
202030700000901002,37.61380179,127.065736
202430700000900085,37.60693,127.058435
202430700000900056,37.587888,127.022167
202030700000900405,37.61403593,127.0514346
202030700000900835,37.60366176,127.037557
202030700000900893,37.61619151,127.0411154
202030700000900862,37.60713001,127.0163762
202030700000900724,37.60475502,127.0162126
202530700000900006,37.596056,126.997655
202030700000900620,37.615871,127.055083
202030700000900122,37.61036293,127.0150631
202030700000900785,37.58715951,127.0221008
202530700000900087,37.607984,127.021961
202030700000900194,37.61348093,127.0095683
202030700000900373,37.61254248,126.9991619
202030700000900692,37.58519895,127.0177572
202030700000900933,37.61198577,127.0287859
202530700000900067,37.592532,126.994909
202030700000900406,37.61682104,127.0531128
202030700000900076,37.60532589,127.0441404
202030700000900207,37.60821029,127.0219757
202030700000900100,37.61083454,127.0538935
202430700000900090,37.58248,127.028193
202030700000900085,37.58506384,127.0300086
202030700000900431,37.58747495,127.0063223
202430700000900156,37.355209,127.21376
202030700000900552,37.61515477,127.047555
202030700000900240,37.60497234,127.0505858
202030700000900627,37.5930287,127.0057159
202030700000900679,37.59639389,127.0157876
202030700000900866,37.60953283,127.0225469
202030700000900299,37.5819632,127.0184629
202030700000900073,37.60938254,127.033258
202030700000900534,37.617404,127.043518
202030700000900432,37.58788221,127.0062272
202430700000900223,37.585041,127.012543
202530700000900089,37.607963,127.021886
202430700000900163,37.58806,127.01882
202430700000900225,37.596107,127.022486
202030700000900400,37.6149068,127.0422926
202030700000900381,37.60567988,127.0301968
202030700000900742,37.60114655,127.0139228
202030700000900579,37.61074172,127.011815
202030700000900876,37.59295648,127.0081707
202030700000900175,37.58164205,127.0208538
202030700000900453,37.58367277,127.0213163
202430700000900260,37.592237,127.017765
202530700000900135,37.595217,127.006374
202030700000900155,37.59838408,126.9923587
202030700000900486,37.58693004,127.0144527
202530700000900188,37.594818,127.026796
202030700000900590,37.597414,127.038564
202030700000900490,37.61115248,127.012712
202430700000900079,37.614344,127.052248
202030700000900965,37.60856279,127.0207849
202530700000900187,37.594594,127.026984
202430700000900239,37.613984,127.047581
202030700000900006,37.58554993,127.0094153
202030700000901010,37.61744007,127.0549663
202430700000900215,37.609026,127.055449
202030700000900256,37.60109681,127.0175526
202430700000900205,37.607095,126.997471
202530700000900011,37.595092,127.001903
202030700000900916,37.59801626,127.0105402
202030700000900872,37.61753348,127.0561538
202030700000900631,37.59433347,126.9999001
202530700000900036,37.606193,127.0595
202030700000900948,37.61979533,127.0052558
202030700000900665,37.61174732,127.0107732
202030700000900653,37.58349262,127.0296082
202430700000900162,37.57927,127.02149
202530700000900035,37.598019,127.038408
202030700000900950,37.59654745,127.0070291
202430700000900133,37.608841,127.049792
202430700000900238,37.61252,127.043107
202530700000900039,37.611547,127.050639
202030700000900523,37.61117522,127.0644301
202030700000900416,37.60795346,127.0640503
202030700000900250,37.58451003,127.0095555
202030700000900682,37.59893582,127.0288618
202430700000900128,37.585234,127.028842
202530700000900120,37.60311,127.010749
202030700000900983,37.61645426,127.055238
202430700000900237,37.611969,127.039059
202030700000900181,37.62126304,127.048631
202030700000900190,37.58715392,127.0102805
202030700000900852,37.59572686,127.0178457
202030700000900183,37.59532614,127.0218286
202530700000900180,37.61077139,127.0454886
202030700000900248,37.58242573,127.0072321
202030700000900166,37.59662196,126.9970604
202430700000900112,37.611332,127.015011
202030700000900089,37.6158032,127.0412647
202430700000900032,37.601213,127.032127
202030700000900543,37.617677,127.046905
202030700000901026,37.6120295,127.039535
202430700000900108,37.590411,127.014088
202530700000900174,37.614928,127.051671
202030700000900730,37.61384169,127.0023966
202030700000900787,37.57958379,127.0229409
202430700000900015,37.583739,127.018301
202030700000900111,37.6137002,127.0578223
202030700000900890,37.60675069,127.036564
202030700000900906,37.60892947,127.0314621
202030700000900102,37.61531968,127.0497993
202430700000900147,37.584901,127.016468
202030700000900614,37.61735543,127.0508433
202030700000901006,37.60986779,127.0271069
202030700000900261,37.60402566,127.0241805
202030700000900772,37.60314283,127.0374345
202030700000900642,37.59528332,127.0194354
202430700000900141,37.606497,127.034194
202030700000900149,37.59668242,126.9859497
202530700000900113,37.609633,127.039489
202030700000900792,37.6140891,127.017456
202030700000900562,37.58648966,127.0192837
202030700000901023,37.60314283,127.0374345
202030700000900961,37.59984892,127.039719
202030700000900756,37.5816299,127.0274111
202030700000900356,37.59889289,127.0209181
202030700000900091,37.61608555,127.045143
202030700000900280,37.60963578,127.0053411
202530700000900157,37.582571,127.008777
202530700000900042,37.603465,127.031259
202430700000900057,37.585509,127.018602
202030700000900894,37.61298696,127.042962
202030700000900354,37.59486972,127.0221257
202430700000900144,37.613823,127.066488
202030700000900809,37.594268,126.9954575
202030700000900270,37.59974472,127.0212122
202030700000900291,37.59190078,127.0017981
202030700000900394,37.60494992,127.0435598
202430700000900064,37.613597,126.99795
202430700000900228,37.605848,127.014177
202030700000900793,37.60906528,127.0167979
202030700000900851,37.5937453,127.0131031
202530700000900134,37.595355,127.006485
202530700000900034,37.605363,127.034731
202030700000900328,37.60744109,126.999769
202030700000900268,37.59047321,127.0204204
202030700000900865,37.61004563,127.0162228
202030700000900425,37.61113149,127.0035427
202430700000900199,37.606078,127.04504
202030700000900246,37.58139164,127.0083641
202030700000900721,37.622793,127.0504256
202530700000900037,37.607825,127.060547
202430700000900135,37.62222,127.00154
202030700000900121,37.60227206,127.0149528
202430700000900026,37.608748,127.010984
202030700000900132,37.60857871,127.007949
202030700000900998,37.61476244,127.0399001
202030700000900348,37.59266205,127.0045065
202030700000900715,37.61308835,127.041659
202030700000900177,37.59819911,127.0310861
202430700000900265,37.618162,127.051195
202030700000900380,37.60504961,127.022011
202430700000900134,37.601551,127.015094
202530700000900025,37.61791,127.047464
202030700000900913,37.61230632,127.0049834
202530700000900078,37.582571,127.008777
202030700000900889,37.60916119,127.0382348
202530700000900085,37.606017,127.013702
202430700000900055,37.586682,127.024451
202530700000900054,37.595166,127.005345
202530700000900086,37.606061,127.01394
202430700000900034,37.608542,127.041747
202530700000900032,37.60279,127.043728
202030700000900196,37.60554543,127.0290688
202030700000900351,37.59415586,127.0155298
202030700000900951,37.58179851,127.0091929
202030700000900683,37.59829599,127.038577
202030700000900296,37.59527677,127.0149061
202030700000900275,37.60007767,127.0111384
202030700000900308,37.58134175,127.019832
202030700000900571,37.60592738,126.9968698
202030700000900662,37.580127,127.0241048
202030700000901031,37.6198877,127.0517106
202030700000900518,37.609463,127.0647548
202530700000900001,37.595747,126.98617
202430700000900220,37.592788,126.996702
202030700000900128,37.59918335,127.0053811
202030700000900473,37.61038529,127.0500458
202030700000900342,37.61415035,127.0609935
202030700000900090,37.61846034,127.0456972
202030700000900996,37.60425072,126.9901786
202430700000900110,37.589233,127.028264
202030700000900868,37.59425633,127.0345675
202430700000900184,37.6063,127.06122
202030700000900176,37.61836512,127.0012188
202030700000900658,37.58025799,127.0216142
202030700000900237,37.6078345,127.0576769
202030700000900055,37.59483792,126.9948864
202030700000900516,37.60891851,127.0655833
202030700000900339,37.61212881,127.038934
202430700000900283,37.600559,127.007638
202030700000900145,37.59695843,127.0374404
202030700000900661,37.59472445,127.020904
202030700000900259,37.61387599,126.9978279
202030700000900083,37.58068538,127.024422
202030700000900179,37.58498928,127.0074756
202030700000900766,37.61060739,127.0192673
202030700000900754,37.60749604,127.0593441
202030700000900444,37.61420538,127.0421194
202430700000900191,37.584613,127.021074
202030700000900582,37.614728,127.0093601
202430700000900240,37.613602,127.049028
202530700000900056,37.615962,127.048565
202030700000900027,37.58327124,127.0197221
202030700000900227,37.60907756,127.049851
202030700000900717,37.610018,127.049653
202030700000900426,37.61136937,127.0028586
202030700000900148,37.59696025,126.9889391
202030700000900320,37.61325443,127.0501383
202030700000900118,37.61844036,126.9995152
202030700000900105,37.60978502,127.0472412
202030700000900723,37.59361213,126.9938312
202030700000900223,37.61244951,127.0529631
202030700000900288,37.60633893,127.011325
202430700000900211,37.612268,127.010463
202030700000900483,37.60535087,127.0503278
202030700000900474,37.61623062,127.0496737
202030700000900826,37.61377992,127.0111087
202030700000900976,37.58554525,127.021571
202030700000900690,37.57929421,127.0197301
202030700000900016,37.59648346,127.0192999
202030700000900360,37.58684244,127.0297545
202030700000900478,37.60697206,127.0593664
202030700000900892,37.61695714,127.0465978
202030700000900758,37.58831636,127.0222098
202030700000900210,37.60855354,127.0220981
202030700000900004,37.61151845,127.0294103
202530700000900125,37.599088,127.040524
202030700000900267,37.6070502,127.0352303
202030700000901007,37.610317,127.0267725
202030700000900591,37.60840886,127.035372
202430700000900169,37.60833,127.00728
202030700000900634,37.58938813,127.0128895
202030700000900697,37.59861695,127.0196673
202030700000900062,37.58847994,127.0127037
202430700000900063,37.601155,127.008203
202030700000900042,37.60890637,127.0625933
202030700000900158,37.59768972,126.9904201
202030700000900075,37.60459785,127.0335575
202430700000900105,37.607145,127.058791
202530700000900115,37.610301,127.041293
202430700000900087,37.609029,126.993821
202030700000900840,37.61206857,126.9993839
202030700000900031,37.60881522,127.0697329
202030700000900621,37.611755,127.0632346
202030700000900718,37.610748,127.0490902
202430700000900266,37.59082,127.008959
202530700000900165,37.141383,127.45226
202030700000900450,37.59609117,127.0186339
202030700000900068,37.60681402,127.0411781
202530700000900155,37.582571,127.008777
202030700000900066,37.6058489,127.0498616
202030700000900153,37.59798378,126.9889888
202430700000900084,37.608991,127.056713
202030700000900932,37.61198577,127.0287859
202030700000900295,37.59300563,127.0151321
202530700000900190,37.601136,127.02691
202030700000900294,37.59233635,127.0111599
202030700000900559,37.61516352,127.0435975
202030700000900236,37.61641408,127.0524873
202530700000900004,37.600535,126.990094
202030700000900482,37.60436704,127.0502003
202030700000900930,37.61021697,127.0700513
202030700000900376,37.61542382,127.0026232
202030700000901034,37.5985298,127.0063981
202030700000900050,37.59400551,127.0002853
202530700000900079,37.582571,127.008777
202530700000900121,37.616887,127.003779
202530700000900144,37.608458,127.019541
202030700000900861,37.61057974,127.009619
202030700000900343,37.61685504,127.0524514
202430700000900081,37.606779,127.061083
202030700000900856,37.5846232,127.0166837
202530700000900040,37.607763,127.064789
202030700000900140,37.59395419,127.0324975
202030700000900269,37.60861921,127.0422845
202030700000900099,37.61466333,127.0507192
202030700000900170,37.59767434,126.9988087
202430700000900118,37.600415,127.043188
202030700000900884,37.60234677,127.0212134
202530700000900131,37.594779,127.008318
202030700000900544,37.617319,127.0464531
202530700000900022,37.583652,127.020961
202030700000900706,37.609749,127.0587932
202030700000900584,37.60346697,127.0245563
202030700000900487,37.59849761,127.0219864
202030700000900060,37.58596737,127.007391
202030700000900034,37.60621881,127.0517599
202030700000900479,37.60608121,127.0490542
202530700000900107,37.610646,127.043939
202030700000900163,37.60146029,126.9977623
202430700000900132,37.613397,127.050265
202030700000901040,37.6171124,127.0511352
202030700000900472,37.60959605,127.0521382
202030700000900818,37.60312625,127.0145407
202030700000900012,37.59445082,127.0193265
202030700000900337,37.61459324,127.0458579
202030700000900746,37.61580516,127.0521469
202530700000900046,37.579697,127.02102
202030700000900110,37.62086872,127.0499846
202030700000900168,37.59400728,126.9987771
202030700000900231,37.61515683,127.0589832
202530700000900149,37.604488,127.006944
202030700000900521,37.610048,127.0652309
202030700000900513,37.610948,127.0657482
202030700000900947,37.61979533,127.0052558
202030700000900232,37.60991394,127.0607187
202030700000900446,37.59187551,127.0035599
202430700000900136,37.607607,127.000353
202430700000900016,37.601442,127.021834
202030700000900108,37.61679418,127.0538241
202030700000900464,37.59248946,127.0376148
202030700000901000,37.61973704,127.0456878
202530700000900094,37.599995,127.039501
202430700000900161,37.58084,127.02525
202030700000900594,37.60638688,127.0358913
202030700000901014,37.59328339,126.9883111
202030700000900263,37.59513495,127.0370455
202430700000900216,37.603605,127.060786
202030700000900044,37.61323067,127.0626383
202030700000900209,37.60835437,127.0223505
202530700000900012,37.594335,127.002283
202030700000900812,37.59899113,127.0231416
202030700000900129,37.59789407,127.0053901
202030700000900886,37.59754316,127.0345328
202430700000900194,37.585434,127.010378
202030700000901005,37.60994714,127.0267681
202530700000900166,37.141377,127.452365
202030700000900317,37.60461147,127.0426801
202030700000900623,37.597505,127.0404528
202030700000900992,37.60767682,127.0224438
202030700000900838,37.60018541,127.0145945
202030700000900137,37.59183612,127.0380357
202030700000900103,37.61649703,127.0523424
202030700000900807,37.61013282,127.0591831
202030700000900637,37.58597534,127.0111952
202030700000900657,37.58113783,127.018806
202030700000900646,37.60321075,127.026139
202430700000900197,37.607487,127.041612
202530700000900126,37.599591,127.040506
202030700000901004,37.605603,127.065483
202030700000900082,37.58301696,127.0231864
202030700000900399,37.6128062,127.0457209
202030700000900728,37.6087383,127.0071259
202030700000900204,37.60851284,127.0229271
202030700000900991,37.60487724,127.0329014
202030700000900087,37.61931692,127.0472469
202430700000900167,37.60107,127.01128
202030700000900107,37.615654,127.0016129
202030700000900813,37.59965547,127.0158038
202530700000900090,37.608426,127.021478
202030700000900459,37.61823132,126.998233
202030700000900909,37.58328607,127.0170593
202530700000900070,37.590234,127.004606
202030700000900645,37.60385557,127.027383
202430700000900143,37.603561,127.044475
202430700000900074,37.597014,127.034807
202030700000900691,37.58044611,127.0172941
202030700000900440,37.61352906,127.0386221
202030700000900568,37.59846707,127.0059654
202030700000901038,37.5800239,127.0208238
202030700000900880,37.59587565,127.00871
202030700000900824,37.61648323,127.0066147
202030700000900827,37.60838742,127.0188318
202030700000900673,37.60458416,127.0247197
202030700000900143,37.59923662,127.0358879
202030700000900626,37.60541779,127.061236
202030700000900850,37.58825283,127.0132516
202030700000900010,37.58998917,127.0189138
202430700000900145,37.607111,127.048997
202030700000900104,37.61496229,127.0511865
202430700000900293,37.595113,126.989839
202030700000901018,37.5852565,127.0193401
202430700000900061,37.599136,127.004456
202030700000900716,37.61690108,127.0423481
202430700000900149,37.612045,127.029674
202530700000900114,37.609944,127.041116
202030700000900304,37.6109043,127.006767
202030700000900757,37.58101023,127.0264644
202030700000900011,37.58973645,127.0215536
202530700000900049,37.607088,127.027568
202030700000900345,37.60585785,127.0603032
202030700000900395,37.59621119,127.0411043
202030700000900958,37.61608315,127.0406027
202030700000900539,37.617485,127.0459095
202430700000900038,37.613911,127.041535
202030700000900498,37.60874488,127.0565092
202030700000900764,37.60911079,127.0632504
202430700000900286,37.610957,127.04503
202030700000900713,37.617336,127.046938
202030700000900773,37.6107872,126.9935541
202530700000900060,37.619446,127.053318
202030700000900735,37.61283554,127.0126036
202030700000900239,37.61141219,127.0103121
202430700000900272,37.606148,127.025472
202030700000900611,37.613526,127.045957
202030700000900157,37.5999423,126.9921258
202530700000900075,37.59501,127.001467
202430700000900095,37.606652,126.993374
202030700000900445,37.61142105,127.055868
202030700000900799,37.59982949,127.0399377
202030700000900333,37.60471504,127.0345055
202030700000900147,37.59766471,127.0377397
202030700000900421,37.61143058,127.004562
202030700000900460,37.60927859,127.0110084
202030700000900069,37.60920187,127.0454741
202030700000900907,37.60383562,127.0132906
202030700000900767,37.61820309,127.0549608
202530700000900162,37.598316,127.025409
202030700000901008,37.61018566,127.0271654
202430700000900018,37.603181,127.011424
202430700000900174,37.60631,127.02646
202030700000900316,37.60378877,127.0347123
202030700000900643,37.59848075,127.0221245
202030700000900497,37.61493386,127.0530798
202030700000900610,37.6128498,127.0435327
202030700000900952,37.58179851,127.0091929
202030700000900182,37.6222901,127.048989
202030700000900854,37.59522501,127.0230544
202430700000900196,37.583469,127.007954
202030700000900418,37.60971568,127.0573209
202530700000900023,37.596357,127.033536
202030700000900944,37.62095572,127.0068824
202030700000900310,37.60643557,127.0014496
202030700000900313,37.617601,127.0471148
202030700000900309,37.60994924,127.0122362
202430700000900177,37.6101,127.03296
202030700000900712,37.61279279,127.0417251
202430700000900164,37.57971,127.02141
202030700000900368,37.59931017,127.00943
202530700000900019,37.592857,127.024014
202430700000900280,37.593003,126.989402
202430700000900005,37.592605,127.006875
202530700000900110,37.615139,127.040005
202030700000900347,37.5923979,126.9924334
202030700000900819,37.60486321,127.0157234
202530700000900184,37.61011216,127.0398974
202530700000900003,37.598682,126.988657
202030700000900293,37.58239322,127.0084684
202530700000900083,37.58372,127.016786
202430700000900083,37.591783,127.006043
202030700000900765,37.61295132,127.065605
202030700000900115,37.61125369,127.0095363
202030700000900172,37.59652823,127.0038092
202430700000900180,37.603051,127.039489
202530700000900018,37.605991,126.993929
202030700000900323,37.61063781,127.0583047
202430700000900160,37.59576,127.01944
202430700000900020,37.604429,127.110024
202030700000900146,37.59612738,127.0369599
202030700000900113,37.6174428,127.053122
202030700000900419,37.61201802,127.0046708
202030700000900808,37.59458537,126.9904658
202030700000900989,37.5949147,126.9899766
202030700000900021,37.59280981,127.0139635
202030700000900532,37.61493385,127.0408519
202030700000900607,37.60512963,127.0448555
202030700000900669,37.61448107,127.0469995
202030700000900117,37.61716809,127.0040238
202030700000900899,37.59885622,127.0074455
202030700000900187,37.59065349,127.0088815
202030700000900254,37.58803892,127.021467
202030700000900390,37.60586814,127.0334585
202030700000900298,37.5859757,127.0298815
202030700000900572,37.61016544,127.0074341
202030700000900881,37.60475934,127.0096623
202030700000900081,37.58406563,127.0220818
202030700000900921,37.60890914,127.0375144
202030700000900668,37.60271184,127.0435993
202030700000900466,37.60739457,127.0360962
202030700000901033,37.59567864,127.0253056
202030700000900910,37.58618347,127.0108148
202430700000900212,37.610868,127.010585
202030700000901030,37.6124047,127.0067633
202030700000900877,37.60338477,127.0294043
202530700000900082,37.583652,127.008598
202030700000900784,37.58714288,127.0126717
202430700000900275,37.592855,126.989525
202030700000900037,37.60748515,127.070354
202030700000900123,37.6065214,127.0126501
202030700000900415,37.60921807,127.0647863
202030700000900013,37.5954476,127.0206001
202030700000900244,37.58094181,127.0086937
202030700000900216,37.61559829,127.042242
202030700000900493,37.61124459,127.0555779
202030700000901021,37.60920187,127.0454598
202430700000900232,37.61788,127.004275
202030700000900080,37.58717027,127.0245509
202430700000900093,37.609933,127.013258
202530700000900116,37.609256,127.040768
202430700000900004,37.617976,127.0460265
202030700000901016,37.59259964,126.9912723
202030700000900650,37.58824776,127.0228846
202030700000900864,37.60398309,127.0205883
202430700000900029,37.611444,127.023083
202030700000900729,37.60891863,127.0043222
202430700000900295,37.612573,127.048947
202030700000900192,37.60211602,127.0218425
202530700000900171,37.620286,127.007331
202030700000900635,37.583083,127.012333
202430700000900188,37.589698,127.021075
202430700000900044,37.608564,127.057027
202030700000900945,37.62095572,127.006869
202530700000900010,37.596397,126.999624
202430700000900140,37.594451,127.014124
202030700000900953,37.61402504,127.064202
202030700000900470,37.61560992,127.0448935
202430700000900245,37.601637,127.042949
202030700000901037,37.5817475,127.0091758
202430700000900068,37.613568,127.008612
202530700000900076,37.604214,127.022899
202030700000900554,37.615615,127.047678
202030700000900028,37.58051003,127.0200429
202530700000900071,37.615285,127.049515
202030700000900761,37.61842594,126.9988583
202030700000900203,37.61388589,127.0384818
202030700000900816,37.5846232,127.0166837
202030700000900258,37.61053326,127.0021066
202030700000900549,37.6142652,127.0460616
202030700000900429,37.61102078,127.0563456
202030700000900255,37.57837343,127.0197933
202030700000900506,37.61016405,127.0541863
202030700000900471,37.6160357,127.0435255
202030700000900161,37.60023304,126.9950491
202030700000900923,37.60038064,127.0081941
202430700000900115,37.606551,126.994689
202430700000900261,37.588326,127.006605
202030700000900264,37.61081694,127.0058758
202030700000900985,37.60861921,127.0422845
202530700000900104,37.604002,127.053243
202030700000900484,37.60503781,127.050151
202430700000900201,37.610747,127.013948
202030700000900540,37.61651449,127.0449484
202030700000900778,37.60217778,127.0189514
202030700000900235,37.61194218,127.065672
202030700000900213,37.60543619,127.0454667
202530700000900008,37.599582,126.997308
202430700000900230,37.60811,127.005011
202030700000900120,37.60208436,127.0171406
202030700000900970,37.6093076,127.0088537
202030700000900664,37.61105169,127.011512
202030700000900447,37.5888734,127.0037137
202030700000900806,37.60966916,127.0700644
202030700000900198,37.61453761,127.0474572
202430700000900241,37.614546,127.050027
202030700000900054,37.59205182,127.0048417
202030700000900519,37.6097663,127.0640121
202030700000900863,37.6140891,127.017456
202430700000900036,37.60561,127.04369
202030700000900273,37.61012915,127.0107622
202030700000900752,37.62091017,127.0478599
202530700000900181,37.61080972,127.0451679
202030700000900461,37.60749342,127.0201815
202030700000900233,37.60950535,127.0599389
202530700000900095,37.616763,127.043667
202430700000900009,37.583111,127.008202
202430700000900137,37.606869,127.014828
202030700000900019,37.58866572,127.008289
202430700000900224,37.596575,127.022055
202030700000900448,37.58844799,127.0069264
202030700000900960,37.60512627,127.0332407
202030700000900389,37.60466029,127.0368237
202030700000900905,37.61683649,127.0051332
202030700000900561,37.61574936,127.047732
202530700000900160,37.598316,127.025409
202530700000900068,37.58848,127.008725
202030700000901041,37.61799706,127.0018349
202030700000900789,37.60377561,127.0077189
202030700000900522,37.61086158,127.0645974
202030700000900002,37.6047422,127.0230392
202030700000900618,37.61519297,127.0510367
202030700000900939,37.60756061,127.0399282
202030700000900505,37.61332302,127.0404614
202530700000900043,37.586854,127.013509
202030700000900186,37.60551681,127.012298
202030700000900385,37.59940444,127.0283779
202430700000900100,37.603411,127.041958
202030700000900457,37.60728224,127.0079548
202030700000900463,37.59568758,127.032924
202030700000900465,37.60379925,127.0358267
202030700000900609,37.61129386,127.0408408
202030700000900999,37.61301542,127.0401792
202030700000900956,37.60530651,127.0528827
202030700000900300,37.60492611,127.0131549
202030700000900277,37.58365304,127.0109684
202530700000900132,37.595207,127.007791
202030700000900557,37.61422,127.044189
202430700000900153,37.597128,126.994713
202030700000900165,37.59793739,126.9967252
202030700000900226,37.60977078,127.0489491
202430700000900150,37.60628,127.02654
202030700000900779,37.60475389,127.0230392
202030700000900981,37.60346697,127.0245563
202430700000900189,37.589356,127.020208
202030700000900217,37.61682336,127.0431228
202430700000900269,37.608933,127.025111
202030700000900325,37.59601765,127.0242005
202030700000900599,37.59281101,127.0193985
202030700000900569,37.60625445,127.014863
202030700000900963,37.59963846,127.03642
202530700000900026,37.602328,127.024398
202430700000900035,37.601098,127.042621
202430700000900139,37.595116,127.017935
202030700000900606,37.60255803,127.0403423
202430700000900183,37.61217,127.04919
202030700000900469,37.61350125,127.0422125
202030700000900776,37.592644,127.039699
202430700000900178,37.6103,127.0332
202530700000900017,37.603606,127.033099
202030700000900078,37.60348778,127.0405963
202430700000900253,37.585985,127.031218
202030700000900978,37.59686775,127.0262391
202530700000900077,37.604384,127.02315
202030700000900245,37.58171203,127.0089608
202430700000900250,37.614064,127.063791
202030700000900499,37.596527,127.0174337
202030700000900035,37.60609199,127.0532304
202030700000900564,37.60401983,127.0161173
202030700000900971,37.60812583,126.9986863
202030700000900558,37.61406789,127.043655
202030700000900330,37.5983268,127.0286097
202030700000900655,37.580501,127.022861
202030700000900025,37.58627069,127.0181633
202030700000900901,37.60951861,127.0215276
202030700000900003,37.60851284,127.0229271
202030700000901035,37.61064529,127.0404146
202030700000900980,37.60346697,127.0245563
202530700000900136,37.595187,127.006635
202030700000900528,37.59926559,127.0335416
202030700000900156,37.5985895,126.9922488
202030700000900150,37.59700355,126.9896094
202530700000900103,37.604492,127.05325
202030700000900964,37.59976172,127.031762
202030700000900849,37.58707936,127.0132695
202030700000900949,37.61979533,127.0052558
202030700000900936,37.60590577,127.0484398
202030700000900302,37.61077449,127.0078193
202030700000900119,37.60169315,127.0187447
202030700000900670,37.61675301,127.0432043
202430700000900039,37.614787,127.041213
202030700000900262,37.60566172,127.0248197
202030700000900628,37.59399457,127.0055212
202430700000900077,37.616958,127.045399
202430700000900126,37.587863,127.011367
202530700000900183,37.6138761,127.0403019
202030700000900212,37.60679974,127.0407931
202530700000900158,37.598316,127.025409
202430700000900121,37.61544,127.053291
202430700000900148,37.610456,127.029173
202030700000900749,37.61101057,127.0467165
202430700000900277,37.585765,127.020162
202430700000900007,37.587002,127.015186
202030700000900938,37.60756234,127.0399282
202530700000900064,37.592866,127.002078
202030700000900133,37.61051881,127.0037782
202030700000900822,37.6083997,126.9970826
202030700000900753,37.60440505,127.0613031
202430700000900021,37.605599,127.003391
202030700000900449,37.58797943,127.007535
202030700000900071,37.60776726,127.0356718
202430700000900273,37.606123,127.025006
202030700000900867,37.61058896,127.0216457
202430700000900123,37.611019,127.061661
202030700000900494,37.61055576,127.0636503
202430700000900054,37.593968,127.016816
202430700000900138,37.597472,127.015905
202030700000900185,37.59873219,127.0201973
202430700000900101,37.613013,127.046131
202030700000900491,37.60772396,127.0414504
202030700000900703,37.60667271,127.032009
202430700000900103,37.608736,127.046676
202030700000900613,37.61182842,127.0473331
202030700000900489,37.61252566,127.0119291
202030700000900221,37.61209818,127.0577712
202030700000900887,37.60008902,127.0291075
202030700000900979,37.60447838,127.007659
202030700000900788,37.60381836,127.0132906
202030700000900651,37.587472,127.0239577
202030700000900694,37.58834905,127.0208104
202530700000900051,37.589176,127.009836
202030700000900747,37.61770327,127.0463129
202030700000900502,37.61810507,127.0052783
202030700000900202,37.60729346,127.0531332
202430700000900218,37.589429,127.004316
202430700000900119,37.593555,127.035999
202030700000900527,37.59825024,127.032058
202030700000900370,37.60820115,127.0093009
202030700000900525,37.61046545,127.0640399
202030700000900550,37.61514445,127.0463441
202030700000900608,37.612937,127.038996
202430700000900030,37.596519,127.034945
202430700000900198,37.605093,127.039996
202030700000900652,37.58147578,127.0234532
202030700000900178,37.58425658,127.0299572
202030700000900127,37.60249044,127.011552
202030700000900271,37.59799408,127.0155079
202030700000901042,37.61799706,127.0018349
202030700000900481,37.60465583,127.0490907
202030700000900357,37.59857031,127.021008
202030700000900222,37.61044612,127.0548932
202030700000900144,37.59709061,127.0396384
202430700000900049,37.581545,127.009186
202030700000900051,37.58963024,127.0035643
202030700000900095,37.61341346,127.0394546
202030700000900510,37.61618067,127.046987
202030700000900834,37.5997311,127.0333561
202030700000900977,37.585151,127.021427
202030700000900633,37.58465275,127.010444
202030700000900903,37.61603256,127.0091835
202030700000900349,37.58734881,127.0063857
202030700000900136,37.61142473,127.010977
202030700000900667,37.59736865,127.0393883
202430700000900066,37.617542,126.999314
202430700000900200,37.604533,127.044561
202030700000900326,37.61090015,127.0132194
202030700000900782,37.59464132,127.0222163
202430700000900267,37.612241,127.038437
202030700000900632,37.5921026,127.0018841
202430700000900186,37.61019,127.0624
202430700000900025,37.612622,127.008794
202030700000900897,37.5981888,127.0146802
202030700000900327,37.60762243,127.0240729
202030700000900402,37.60871765,127.0486947
202030700000900096,37.61294664,127.0447922
202030700000900454,37.61231278,127.0141756
202030700000900769,37.61867271,127.0540258
202030700000900098,37.61236018,127.0468331
202030700000900404,37.61271684,127.0515288
202030700000900740,37.58940312,127.0053753
202530700000900005,37.600196,126.996192
202530700000900029,37.613587,127.006869
202030700000900780,37.5937453,127.0131031
202030700000900287,37.60271306,127.0131261
202430700000900142,37.606784,127.046599
202430700000900181,37.61053,127.0469
202530700000900074,37.617781,127.047773
202430700000900289,37.60986,127.062157
202030700000901027,37.6015005,127.0366855
202030700000900931,37.611239,127.0358665
202030700000900363,37.6117398,127.0138487
202030700000900318,37.61415489,127.0393201
202030700000900987,37.5838591,127.017073
202030700000900821,37.60836355,127.0059402
202430700000900060,37.606332,127.015243
202030700000900243,37.61377477,127.00882
202030700000900492,37.60877662,127.0348324
202030700000900935,37.59113785,127.0306293
202430700000900274,37.593003,126.989402
202030700000900688,37.58916724,127.0090444
202430700000900165,37.59913,127.01091
202030700000900600,37.60158814,127.0415829
202430700000900096,37.616421,127.004257
202030700000900442,37.61271525,127.0391337
202030700000900898,37.60676884,127.0346548
202030700000900009,37.59226328,127.0189364
202030700000900709,37.60592996,127.052942
202430700000900109,37.594492,127.01654
202030700000900138,37.59626382,127.0343102
202430700000900202,37.607361,127.057062
202030700000900180,37.60830552,127.066149
202030700000900734,37.61770155,127.0000589
202530700000900091,37.608634,127.020304
202030700000900109,37.61550515,127.0540893
202030700000900622,37.61374871,127.0639385
202030700000900685,37.59778601,127.0360936
202030700000900915,37.59290593,127.0094026
202430700000900067,37.613522,127.012334
202030700000900433,37.58734833,127.0067888
202530700000900038,37.621992,127.050623
202030700000900364,37.60525959,127.0161493
202030700000900817,37.58677107,127.0173454
202530700000900088,37.608019,127.02156
202530700000900041,37.608075,127.05955
202530700000900063,37.591707,127.006326
202030700000900974,37.6007661,127.025252
202030700000900962,37.60008,127.03719
202030700000900057,37.59674428,126.9923181
202530700000900031,37.602271,127.017559
202030700000900959,37.6116643,127.0429929
202030700000900820,37.60390815,127.0158183
202030700000900814,37.58568561,127.0214301
202030700000901019,37.59772161,127.0274804
202530700000900111,37.612178,127.040619
202030700000900167,37.59769589,126.9954297
202530700000900119,37.606386,127.007665
202030700000900065,37.58814093,127.014796
202030700000900541,37.61726776,127.044898
202530700000900081,37.582571,127.008777
202030700000900538,37.61688583,127.0446179
202030700000900455,37.59937539,127.0026815
202030700000900565,37.61109821,127.014506
202530700000900057,37.593064,127.01699
202030700000900353,37.59565422,127.0212563
202030700000900509,37.61616888,127.0466596
202030700000900615,37.609808,127.0484916
202030700000900829,37.6088152,127.02478
202030700000900191,37.60065692,127.0347381
202030700000900265,37.58783894,127.0298341
202030700000900017,37.59550361,127.0164133
202530700000900161,37.598316,127.025409
202030700000900911,37.5926592,127.0123919
202030700000900743,37.60806943,127.0235309
202530700000900020,37.5907,127.004167
202030700000900411,37.61246252,127.063285
202030700000900383,37.60603297,127.0246523
202430700000900010,37.594949,127.020291
202030700000900504,37.61627035,127.0424064
202530700000900141,37.607565,127.015907
202030700000900873,37.60974477,127.056078
202030700000900617,37.6138601,127.049631
202030700000900058,37.59674428,126.9923181
202530700000900109,37.615728,127.040354
202030700000900891,37.60775227,127.0475162
202030700000900154,37.5963405,126.9905471
202530700000900072,37.621914,127.051293
202430700000900048,37.587847,127.010022
202030700000900883,37.6185771,127.0069638
202430700000900235,37.614605,127.017234
202030700000900791,37.61979533,127.0052558
202530700000900156,37.582571,127.008777
202030700000900283,37.61003577,127.0061611
202530700000900062,37.613968,127.048894
202030700000900882,37.61147255,127.0019792
202030700000900369,37.60773229,127.0129742
202030700000900274,37.61205804,127.0063561
202030700000900335,37.60327187,127.0395953
202030700000901028,37.59676239,126.9940166
202030700000900917,37.60931506,127.0043309
202030700000900290,37.60710227,127.0032345
202430700000900117,37.611272,127.022363
202430700000900017,37.602663,127.012464
202030700000900836,37.60407001,127.0427077
202030700000900281,37.60938708,127.0057352
202030700000900563,37.596587,127.0381242
202030700000900967,37.60504961,127.022011
202030700000900575,37.612193,127.0067548
202030700000900249,37.58972757,127.002657
202030700000900396,37.60292102,127.0433276
202030700000900553,37.615335,127.047136
202030700000900802,37.61723401,127.0481584
202030700000900794,37.61058896,127.0216457
202430700000900251,37.608395,127.06161
202530700000900073,37.588939,127.002692
202030700000900725,37.60081375,127.020071
202030700000900593,37.60860026,127.034075
202030700000900206,37.60964827,127.0219999
202530700000900055,37.601391,127.024481
202030700000900346,37.61202385,127.0612324
202430700000900288,37.60897,127.047974
202430700000900006,37.592426,127.000495
202030700000900430,37.58733037,127.0056566
202030700000900972,37.60447838,127.0076374
202030700000900041,37.61029388,127.0613759
202030700000900900,37.60168853,127.0316311
202530700000900098,37.59828,127.02452
202430700000900236,37.609698,127.029456
202430700000900192,37.578336,127.022751
202030700000900941,37.59686775,127.0262391
202530700000900150,37.620263,127.004693
202530700000900127,37.605376,127.045601
202030700000900441,37.61276148,127.0384382
202030700000900587,37.59686,127.0392295
202030700000900781,37.59770235,127.0139735
202030700000900702,37.60523353,127.036162
202430700000900106,37.593547,126.996201
202030700000900173,37.59540024,127.0009648
202030700000900922,37.60276623,127.0110391
202430700000900271,37.60963,127.026917
202030700000900036,37.60737084,127.0676751
202030700000900312,37.60739764,127.0067815
202030700000900094,37.61341998,127.0414491
202030700000900366,37.60765811,127.0156152
202030700000900508,37.61661552,127.0470235
202530700000900096,37.599874,127.031831
202030700000900315,37.60334874,127.0358763
202030700000900547,37.61563139,127.0453445
202030700000900169,37.59544437,126.9993237
202030700000900760,37.61159827,127.0122455
202430700000900069,37.131452,127.017962
202030700000900629,37.591444,127.0052085
202030700000900410,37.61244343,127.0582408
202030700000900234,37.60467974,127.0603113
202030700000900831,37.6088276,127.0329842
202530700000900016,37.590927,127.012829
202030700000900272,37.60353513,127.0390926
202030700000900485,37.60709851,127.0509904
202030700000900077,37.60158414,127.0426791
202030700000900467,37.60462331,127.0382506
202030700000900106,37.6147058,127.060043
202030700000900362,37.58437386,127.0208546
202430700000900257,37.588266,127.028664
202030700000900219,37.61458208,127.0467504
202030700000900361,37.58206896,127.0216555
202030700000900648,37.59830756,127.0160572
202030700000900205,37.60980674,127.0225688
202430700000900285,37.610883,127.045982
202530700000900123,37.60181,127.03818
202030700000900422,37.6119703,127.0040773
202430700000900027,37.609922,127.010094
202030700000900257,37.60818342,127.0110218
202030700000900748,37.61363218,127.0447464
202430700000900254,37.584965,127.030769
202530700000900182,37.6110115,127.0452498
202030700000900581,37.61216515,127.0126896
202530700000900048,37.588868,127.008118
202030700000900969,37.60578469,127.013664
202030700000900636,37.58216982,127.007694
202030700000900928,37.60948447,127.0506613
202030700000900570,37.60469061,127.0124256
202030700000900151,37.59606659,126.990375
202030700000900064,37.58477499,127.0133465
202530700000900050,37.60825,127.063969
202030700000900436,37.5864405,127.0081717
202030700000900733,37.61335501,127.00632
202530700000900137,37.592562,126.988775
202030700000900386,37.59849569,127.0306169
202030700000900574,37.6131172,127.0051783
202430700000900234,37.612621,127.01389
202530700000900186,37.595013,127.026485
202430700000900099,37.608995,127.031992
202430700000900050,37.583926,127.009501
202430700000900094,37.608298,126.9976
202030700000900741,37.59196924,127.0026722
202030700000900358,37.59784692,127.009974
202030700000900823,37.60980502,127.0078464
202030700000900307,37.58688276,127.0202031
202530700000900015,37.605069,127.009892
202030700000900929,37.61378007,127.051337
202030700000900811,37.59319636,127.0209612
202030700000900324,37.58306327,127.0117427
202430700000900255,37.587516,127.030009
202030700000900338,37.61567854,127.0445242
202030700000901039,37.5838591,127.017073
202030700000900297,37.59490506,127.0184216
202430700000900051,37.592108,127.018291
202430700000900203,37.609197,127.003293
202430700000900263,37.618102,127.051041
202030700000900693,37.58612662,127.0315531
202030700000900837,37.60429532,127.0398087
202430700000900294,37.603838,127.01508
202530700000900169,37.617795,127.006275
202030700000900874,37.6096214,127.0584987
202030700000900276,37.59275488,127.0037855
202030700000900437,37.61177916,127.0391592
202030700000901025,37.61054394,126.9940019
202030800000900001,37.65301233,127.012259
202030800000900022,37.6305555,127.0171583
202030800000900003,37.661851,127.007691
202030800000900004,37.6210707,127.0083592
202030800000900005,37.628916,127.022517
202030800000900006,37.632095,127.025557
202030800000900007,37.618156,127.0270194
202030800000900008,37.63581398,127.0249741
202030800000900009,37.63934494,127.033005
202030800000900010,37.634192,127.0340527
202030800000900011,37.62967901,127.0398094
202030800000900012,37.62752574,127.0444469
202030800000900013,37.62453264,127.046543
202030800000900014,37.64559789,127.0205227
202030800000900015,37.64240115,127.0267987
202030800000900016,37.618209,127.024277
202030800000900017,37.63333727,127.0206236
202030800000900018,37.6327684,127.0326112
202030800000900019,37.621883,127.013021
202030800000900020,37.664509,127.0118805
202030800000900021,37.6248782,127.0110131
202030800000900002,37.62822083,127.0316605
202530900000900588,37.65353,127.0143
202530900000900102,37.63843,127.0417
202530900000900137,37.6888,127.044
202530900000900915,37.66301,127.0372
202530900000900678,37.6484,127.0401
202530900000900045,37.66409,127.0419
202530900000900134,37.67581,127.0433
202530900000900619,37.66122,127.0473
202530900000900014,37.6713,127.0463
202530900000900616,37.632,127.041
202530900000900806,37.68386,127.0458
202530900000900146,37.67552,127.0441
202530900000900795,37.66461,127.0358
202530900000900500,37.6532,127.0523
202530900000900441,37.64686,127.0355
202530900000900490,37.63415,127.0397
202530900000900844,37.65933,127.0145
202530900000900435,37.64877,127.0354
202530900000900965,37.65403,127.0276
202530900000901027,37.65347,127.0267
202530900000900898,37.67988,127.042
202530900000900449,37.64021,127.0377
202530900000901010,37.65021,127.0494
202530900000900051,37.65399,127.037
202530900000900592,37.64814,127.0526
202530900000900839,37.64228,127.0392
202530900000900792,37.64629,127.0269
202530900000900892,37.64262,127.0398
202530900000900499,37.65974,127.0467
202530900000900159,37.69037,127.0411
202530900000900954,37.65215,127.0282
202530900000900248,37.66964,127.0318
202530900000900756,37.64783,127.0397
202530900000900927,37.65504,127.0489
202530900000900637,37.67838,127.0404
202530900000900987,37.67067,127.0391
202530900000900110,37.64853,127.0479
202530900000900004,37.68255,127.0485
202530900000900136,37.66997,127.0422
202530900000901066,37.653,127.048
202530900000900149,37.68473,127.0423
202530900000900351,37.65521,127.0182
202530900000900706,37.64105,127.0359
202530900000900118,37.68276,127.0423
202530900000900042,37.6681,127.0343
202530900000900269,37.6711,127.0323
202530900000900613,37.64359,127.0403
202530900000901019,37.6364,127.0443
202530900000900037,37.66432,127.0446
202530900000900669,37.63815,127.0364
202530900000900469,37.64549,127.0338
202530900000900951,37.68054,127.0452
202530900000900115,37.67991,127.04
202530900000900684,37.65009,127.0367
202530900000900825,37.63874,127.0387
202530900000900632,37.65849,127.0265
202530900000901069,37.688,127.045
202530900000900714,37.64961,127.0302
202530900000900505,37.65261,127.0497
202530900000900254,37.66924,127.0314
202530900000900517,37.6524,127.0393
202530900000900804,37.6623,127.0431
202530900000900524,37.65548,127.0454
202530900000900919,37.6496,127.0217
202530900000900456,37.64573,127.0403
202530900000900717,37.66314,127.0321
202530900000900282,37.66745,127.0306
202530900000900913,37.65627,127.024
202530900000900865,37.66306,127.039
202530900000900223,37.66514,127.0385
202530900000900591,37.64998,127.0518
202530900000900625,37.65689,127.0458
202530900000900397,37.64796,127.0338
202530900000900541,37.63417,127.0435
202530900000900299,37.66866,127.0348
202530900000900211,37.66444,127.0377
202530900000900249,37.66607,127.0366
202530900000900978,37.64902,127.041
202530900000900626,37.67123,127.042
202530900000900900,37.64984,127.0191
202530900000900992,37.6652,127.0274
202530900000900760,37.65394,127.0241
202530900000900733,37.03001,127.6528
202530900000901057,37.643806,127.046815
202530900000900283,37.66594,127.0354
202530900000900768,37.64139,127.0366
202530900000901064,37.653315,127.027153
202530900000900040,37.66868,127.0419
202530900000900206,37.69185,127.0415
202530900000900446,37.6475,127.0357
202530900000900529,37.64545,127.0399
202530900000900742,37.6907,127.0464
202530900000900600,37.66012,127.0337
202530900000900724,37.65977,127.032
202530900000900656,37.66448,127.0419
202530900000900950,37.65295,127.0332
202530900000900974,37.63962,127.043
202530900000900381,37.64887,127.0331
202530900000900909,37.65558,127.02
202530900000900869,37.6734,127.0466
202530900000900803,37.66299,127.043
202530900000900940,37.65831,127.0406
202530900000900903,37.68584,127.0429
202530900000900075,37.64832,127.0311
202530900000900614,37.64053,127.0387
202530900000900199,37.68165,127.0445
202530900000900187,37.6783,127.0494
202530900000900952,37.64592,127.0549
202530900000901007,37.64791,127.0501
202530900000900011,37.67422,127.0456
202530900000900305,37.65986,127.0206
202530900000900664,37.65426,127.0308
202530900000900250,37.66976,127.0357
202530900000900609,37.65126,127.0377
202530900000900408,37.65274,127.0362
202530900000901065,37.654174,127.030545
202530900000900127,37.67441,127.044
202530900000900181,37.68659,127.0422
202530900000900191,37.67319,127.0474
202530900000900035,37.66366,127.0381
202530900000900430,37.651,127.0452
202530900000900984,37.64701,127.0409
202530900000900780,37.6467,127.0324
202530900000900534,37.63519,127.041
202530900000900151,37.6801,127.0412
202530900000900229,37.6618,127.0408
202530900000900371,37.65307,127.0351
202530900000900422,37.6487,127.0336
202530900000900105,37.63704,127.0386
202530900000900201,37.68029,127.0474
202530900000900748,37.69207,127.0468
202530900000900818,37.68783,127.0496
202530900000900153,37.67949,127.0457
202530900000900112,37.63697,127.0427
202530900000901032,37.66567,127.031
202530900000900774,37.6623,127.0431
202530900000900994,37.66405,127.0222
202530900000900659,37.66858,127.0314
202530900000900799,37.67992,127.0498
202530900000900263,37.66924,127.0337
202530900000900663,37.65656,127.0246
202530900000901026,37.65364,127.0264
202530900000900543,37.6415,127.0333
202530900000900403,37.65153,127.0306
202530900000900228,37.66111,127.0503
202530900000900550,37.65812,127.0329
202530900000900629,37.65884,127.0393
202530900000900912,37.65239,127.0267
202530900000900423,37.64721,127.0276
202530900000900353,37.65286,127.0127
202530900000900204,37.68568,127.0511
202530900000900395,37.6482,127.028
202530900000900862,37.64387,127.0337
202530900000900310,37.65759,127.0214
202530900000900640,37.66127,127.0327
202530900000900260,37.6677,127.0378
202530900000900217,37.66458,127.0392
202530900000900400,37.6434,127.0305
202530900000900654,37.67197,127.0411
202530900000900094,37.64479,127.0359
202530900000900060,37.65102,127.0253
202530900000900956,37.65229,127.0513
202530900000900097,37.64353,127.0393
202530900000900599,37.65774,127.0297
202530900000900882,37.65812,127.0361
202530900000900824,37.63915,127.038
202530900000900478,37.64821,127.0465
202530900000900420,37.64984,127.0347
202530900000900109,37.6573,127.041
202530900000900711,37.64312,127.0482
202530900000900549,37.65158,127.0137
202530900000900986,37.6855,127.0408
202530900000901070,37.663,127.041
202530900000900929,37.687,127.0394
202530900000900662,37.65652,127.0229
202530900000900671,37.6469,127.0515
202530900000900061,37.65297,127.0171
202530900000900821,37.63994,127.0368
202530900000900323,37.6505,127.0247
202530900000900205,37.68945,127.0405
202530900000900726,37.6592,127.0282
202530900000900693,37.66094,127.0215
202530900000900608,37.65781,127.0277
202530900000900350,37.6559,127.0173
202530900000900158,37.69007,127.0399
202530900000900252,37.66429,127.0345
202530900000900475,37.6333,127.0393
202530900000900858,37.63959,127.0404
202530900000900557,37.66298,127.0329
202530900000900777,37.64741,127.047
202530900000900313,37.65606,127.018
202530900000900568,37.6554,127.028
202530900000900033,37.66596,127.0389
202530900000900032,37.66633,127.0409
202530900000900059,37.65286,127.0225
202530900000900877,37.64419,127.0413
202530900000900860,37.66042,127.0506
202530900000900617,37.63803,127.0405
202530900000900044,37.66994,127.0308
202530900000900527,37.66133,127.0439
202530900000900007,37.676,127.045
202530900000900791,37.69108,127.0492
202530900000900107,37.64579,127.0504
202530900000900701,37.63706,127.0429
202530900000900026,37.66856,127.0319
202530900000900182,37.68099,127.046
202530900000900905,37.66297,127.0409
202530900000900208,37.68821,127.0494
202530900000900074,37.65057,127.0226
202530900000900140,37.68865,127.0413
202530900000900357,37.66133,127.0155
202530900000900057,37.65446,127.0135
202530900000900932,37.64359,127.0445
202530900000900177,37.68653,127.0396
202530900000900450,37.63841,127.0353
202530900000900552,37.65902,127.0418
202530900000900936,37.68488,127.0458
202530900000900526,37.66102,127.0446
202530900000900755,37.64921,127.0407
202530900000900997,37.6943,127.0431
202530900000900603,37.66412,127.0337
202530900000901014,37.65939,127.025
202530900000900999,37.66208,127.0211
202530900000900957,37.67132,127.0436
202530900000900995,37.65783,127.0193
202530900000900631,37.65116,127.0323
202530900000900358,37.65516,127.0168
202530900000900342,37.65671,127.0167
202530900000901052,37.646791,127.044938
202530900000900751,37.6929,127.047
202530900000900921,37.6565,127.0403
202530900000901008,37.64853,127.0499
202530900000900172,37.6735,127.0428
202530900000900259,37.66654,127.0353
202530900000901042,37.65827,127.0138
202530900000900091,37.64762,127.0372
202530900000900493,37.63616,127.0382
202530900000900525,37.65478,127.0426
202530900000900052,37.65344,127.034
202530900000901001,37.67998,127.0386
202530900000900028,37.66903,127.0334
202530900000901029,37.6793,127.0494
202530900000900457,37.64444,127.0364
202530900000900685,37.64863,127.0449
202530900000900867,37.69125,127.0481
202530900000900815,37.63329,127.0392
202530900000900241,37.66787,127.0409
202530900000900677,37.64784,127.0412
202530900000900561,37.66418,127.0485
202530900000900108,37.6337,127.0407
202530900000900590,37.63577,127.0429
202530900000900512,37.65733,127.0418
202530900000900883,37.67985,127.0368
202530900000900120,37.67714,127.0437
202530900000900925,37.67974,127.0477
202530900000900908,37.65609,127.0198
202530900000900672,37.64435,127.052
202530900000900542,37.6382,127.0412
202530900000900465,37.64231,127.0405
202530900000901048,37.691742,127.046938
202530900000900445,37.64832,127.0389
202530900000900409,37.64404,127.0309
202530900000900261,37.66813,127.0375
202530900000900240,37.6651,127.04
202530900000900699,37.64505,127.0493
202530900000900016,37.67056,127.041
202530900000900431,37.64704,127.038
202530900000900703,37.65241,127.0285
202530900000900977,37.64855,127.0418
202530900000900636,37.65932,127.0497
202530900000900558,37.66493,127.0319
202530900000900501,37.64265,127.0523
202530900000900359,37.65758,127.0167
202530900000900389,37.64557,127.0267
202530900000900593,37.64923,127.046
202530900000900147,37.67191,127.0431
202530900000900766,37.66328,127.0419
202530900000900152,37.68397,127.0424
202530900000900783,37.68927,127.042
202530900000900339,37.66098,127.0158
202530900000900842,37.64565,127.0319
202530900000900491,37.63943,127.0425
202530900000900536,37.64609,127.051
202530900000900306,37.66366,127.0272
202530900000900470,37.64422,127.0398
202530900000900657,37.66779,127.042
202530900000900776,37.6623,127.0431
202530900000900081,37.6554,127.0397
202530900000900413,37.6584,127.0168
202530900000900099,37.64069,127.0354
202530900000901046,37.65209,127.0493
202530900000900148,37.67643,127.0322
202530900000900618,37.64105,127.0405
202530900000900508,37.63714,127.0364
202530900000901040,37.6582,127.0343
202530900000900460,37.63961,127.038
202530900000900079,37.65278,127.0382
202530900000900002,37.68585,127.0451
202530900000900196,37.67422,127.048
202530900000900496,37.63843,127.0399
202530900000900574,37.66654,127.0321
202530900000900043,37.66996,127.0365
202530900000900345,37.65431,127.0165
202530900000900638,37.67795,127.0437
202530900000900193,37.68327,127.0464
202530900000900144,37.68758,127.0433
202530900000900551,37.65937,127.0349
202530900000900239,37.66205,127.0362
202530900000900370,37.65182,127.0349
202530900000900233,37.66564,127.04
202530900000900537,37.63842,127.0426
202530900000900340,37.65346,127.0218
202530900000900404,37.65225,127.0301
202530900000900487,37.63625,127.0398
202530900000900708,37.64449,127.0465
202530900000900532,37.64712,127.0442
202530900000901035,37.6433,127.0346
202530900000900670,37.65029,127.0529
202530900000900644,37.65027,127.024
202530900000900580,37.6564,127.0331
202530900000900483,37.63913,127.0391
202530900000900687,37.64867,127.0454
202530900000900006,37.67896,127.0395
202530900000900034,37.66525,127.0376
202530900000900694,37.6605,127.0221
202530900000900054,37.65804,127.0151
202530900000900878,37.64225,127.0423
202530900000900946,37.67741,127.0347
202530900000900020,37.66985,127.0396
202530900000900564,37.65345,127.0409
202530900000900058,37.65226,127.0239
202530900000901031,37.65942,127.0408
202530900000900773,37.6623,127.0431
202530900000900767,37.66242,127.0418
202530900000900941,37.65863,127.0404
202530900000900222,37.66695,127.0442
202530900000900246,37.66343,127.0304
202530900000900489,37.63783,127.0382
202530900000900895,37.65601,127.0141
202530900000900770,37.66299,127.043
202530900000900576,37.65876,127.0222
202530900000900278,37.66788,127.0393
202530900000900875,37.64434,127.041
202530900000900368,37.65254,127.0342
202530900000900236,37.66492,127.0374
202530900000900642,37.64204,127.0383
202530900000901049,37.691427,127.047038
202530900000900753,37.68251,127.0391
202530900000900788,37.66157,127.0349
202530900000900165,37.6854,127.0446
202530900000900873,37.67118,127.0443
202530900000900481,37.63784,127.042
202530900000900569,37.68123,127.0424
202530900000900163,37.6815,127.044
202530900000900709,37.64365,127.046
202530900000900906,37.65233,127.0537
202530900000900123,37.67028,127.0429
202530900000900442,37.64768,127.0383
202530900000900230,37.66345,127.0454
202530900000900232,37.66416,127.0398
202530900000900286,37.66473,127.0305
202530900000900142,37.68824,127.0423
202530900000900330,37.65431,127.0183
202530900000900554,37.64624,127.0343
202530900000900394,37.64694,127.0313
202530900000900415,37.65942,127.0148
202530900000900805,37.65557,127.0436
202530900000900498,37.63354,127.0418
202530900000900271,37.67085,127.0329
202530900000900277,37.66826,127.0295
202530900000900966,37.65326,127.0283
202530900000900790,37.6528,127.0465
202530900000900855,37.66285,127.0321
202530900000900975,37.63682,127.043
202530900000900604,37.6638,127.0312
202530900000900125,37.67918,127.036
202530900000900515,37.65603,127.0437
202530900000900154,37.67607,127.0488
202530900000900104,37.63881,127.0356
202530900000901058,37.6490011,127.0402923
202530900000900750,37.6924,127.0466
202530900000900307,37.6617,127.0332
202530900000900798,37.63219,127.0423
202530900000900841,37.65573,127.038
202530900000900325,37.64936,127.0207
202530900000900010,37.67302,127.0409
202530900000900327,37.64815,127.0255
202530900000901054,37.648618,127.045647
202530900000900258,37.66646,127.0362
202530900000900472,37.64503,127.0382
202530900000900190,37.67807,127.0458
202530900000900374,37.65899,127.035
202530900000900215,37.66724,127.0484
202530900000900150,37.68894,127.0453
202530900000900624,37.68658,127.0439
202530900000900854,37.63915,127.0352
202530900000900528,37.64851,127.0378
202530900000900605,37.66019,127.0243
202530900000900690,37.63321,127.0414
202530900000900175,37.68289,127.0435
202530900000900237,37.66687,127.039
202530900000900324,37.65656,127.0192
202530900000900787,37.64496,127.028
202530900000900827,37.03501,127.035
202530900000900273,37.66909,127.0346
202530900000900953,37.6528,127.0535
202530900000900428,37.64892,127.0371
202530900000900809,37.64713,127.0458
202530900000900066,37.64818,127.0333
202530900000900630,37.65116,127.0352
202530900000900331,37.65579,127.0158
202530900000900486,37.63633,127.0387
202530900000900281,37.67042,127.0311
202530900000900584,37.64954,127.0293
202530900000900160,37.69104,127.041
202530900000900817,37.67957,127.0504
202530900000900840,37.6446,127.0345
202530900000900876,37.64432,127.0412
202530900000900235,37.66815,127.048
202530900000900329,37.65372,127.0236
202530900000900247,37.66301,127.0341
202530900000900086,37.65201,127.047
202530900000900888,37.67698,127.0488
202530900000900963,37.65532,127.0336
202530900000900980,37.64432,127.0452
202530900000901015,37.68617,127.0352
202530900000900098,37.64162,127.039
202530900000900889,37.6777,127.0448
202530900000900707,37.6496,127.044
202530900000900303,37.66814,127.0388
202530900000900853,37.63671,127.0404
202530900000900923,37.66601,127.0432
202530900000900539,37.63634,127.0394
202530900000900641,37.64259,127.0526
202530900000900257,37.66579,127.0346
202530900000900448,37.64298,127.0379
202530900000900899,37.64965,127.0279
202530900000900129,37.67437,127.043
202530900000900090,37.64897,127.0385
202530900000900988,37.67032,127.0356
202530900000900577,37.65669,127.0273
202530900000900480,37.63901,127.0414
202530900000900627,37.64822,127.0263
202530900000900466,37.64254,127.0352
202530900000900309,37.66091,127.0233
202530900000900275,37.66917,127.0373
202530900000900141,37.68809,127.041
202530900000900698,37.64552,127.0453
202530900000901002,37.67692,127.0281
202530900000900523,37.6544,127.0388
202530900000900808,37.64741,127.047
202530900000900473,37.64295,127.041
202530900000900506,37.65339,127.0506
202530900000900383,37.64934,127.0348
202530900000900894,37.66771,127.0424
202530900000900692,37.6611,127.0217
202530900000900870,37.67337,127.0446
202530900000900675,37.65289,127.0401
202530900000900933,37.64493,127.0506
202530900000900128,37.67916,127.0425
202530900000900646,37.66203,127.0449
202530900000900454,37.64101,127.0378
202530900000900681,37.64705,127.0404
202530900000900738,37.65377,127.0276
202530900000900116,37.6805,127.0446
202530900000900666,37.64532,127.035
202530900000900852,37.66053,127.0217
202530900000900440,37.64741,127.0351
202530900000900513,37.65185,127.0373
202530900000900402,37.65145,127.0295
202530900000900722,37.65966,127.029
202530900000900943,37.66936,127.0463
202530900000900376,37.6516,127.0338
202530900000900794,37.63553,127.0419
202530900000900582,37.65042,127.0271
202530900000900226,37.66364,127.0408
202530900000900623,37.65302,127.0431
202530900000900981,37.6459,127.0501
202530900000900961,37.65139,127.0406
202530900000900436,37.64699,127.0373
202530900000900231,37.66881,127.0404
202530900000900203,37.67892,127.0503
202530900000900834,37.65013,127.025
202530900000900928,37.654,127.0493
202530900000900511,37.65481,127.0445
202530900000900216,37.66457,127.0409
202530900000900553,37.65713,127.0379
202530900000900682,37.64716,127.0413
202530900000900886,37.67536,127.0477
202530900000900317,37.64873,127.0218
202530900000900796,37.67417,127.046
202530900000900333,37.64922,127.0205
202530900000900958,37.65105,127.0461
202530900000900038,37.6622,127.0395
202530900000900399,37.65097,127.0352
202530900000900897,37.6645,127.0429
202530900000900917,37.63855,127.0381
202530900000900697,37.6443,127.0419
202530900000901071,37.661,127.031
202530900000900530,37.63995,127.038
202530900000900944,37.6445,127.0517
202530900000900380,37.64851,127.0323
202530900000900851,37.68565,127.0416
202530900000900157,37.68974,127.0409
202530900000900131,37.68627,127.0424
202530900000900850,37.6664,127.0331
202530900000900829,37.65236,127.0223
202530900000900069,37.64951,127.0304
202530900000900548,37.65288,127.0459
202530900000900005,37.68257,127.0451
202530900000900021,37.66938,127.041
202530900000900935,37.67836,127.0326
202530900000900334,37.64918,127.0238
202530900000900968,37.64769,127.0402
202530900000900901,37.64883,127.0187
202530900000900658,37.6674,127.0373
202530900000900290,37.66798,127.0301
202530900000900349,37.65549,127.0137
202530900000900959,37.63432,127.044
202530900000900896,37.67979,127.0392
202530900000900434,37.6482,127.0366
202530900000900019,37.6731,127.0461
202530900000901013,37.65148,127.0192
202530900000900485,37.63739,127.039
202530900000900546,37.63749,127.0386
202530900000900739,37.65576,127.0421
202530900000900046,37.66135,127.0408
202530900000900612,37.64255,127.0365
202530900000901021,37.6385,127.0448
202530900000901055,37.659635,127.029692
202530900000900621,37.65448,127.0459
202530900000900647,37.69387,127.0428
202530900000900064,37.64917,127.0352
202530900000900341,37.65156,127.0235
202530900000900443,37.66153,127.0481
202530900000900837,37.65124,127.0138
202530900000900622,37.65552,127.0419
202530900000900474,37.63486,127.0434
202530900000901000,37.67025,127.0297
202530900000900575,37.65835,127.0248
202530900000900801,37.68288,127.0439
202530900000900292,37.66524,127.0338
202530900000901061,37.642497,127.043772
202530900000900712,37.68053,127.0428
202530900000900879,37.66649,127.0341
202530900000900728,37.64688,127.0434
202530900000900989,37.67101,127.0361
202530900000900401,37.65924,127.0297
202530900000900482,37.64416,127.038
202530900000900914,37.65054,127.034
202530900000900744,37.69094,127.0468
202530900000900522,37.65697,127.0405
202530900000900891,37.66336,127.0292
202530900000900012,37.67264,127.0454
202530900000900504,37.65472,127.0477
202530900000900264,37.66954,127.0327
202530900000900308,37.66397,127.0269
202530900000900735,37.65259,127.0297
202530900000900352,37.65705,127.0185
202530900000900521,37.65428,127.0447
202530900000900922,37.64938,127.0265
202530900000900939,37.66169,127.021
202530900000900425,37.65021,127.0262
202530900000900220,37.66601,127.0446
202530900000900730,37.64488,127.041
202530900000900070,37.65003,127.0293
202530900000900087,37.65057,127.0369
202530900000900655,37.66352,127.0369
202530900000900218,37.66369,127.0359
202530900000900754,37.68229,127.0393
202530900000900720,37.64302,127.0483
202530900000900849,37.66237,127.0284
202530900000900857,37.63572,127.0386
202530900000900036,37.66831,127.04
202530900000901056,37.644774,127.049362
202530900000900559,37.66374,127.0486
202530900000900326,37.65487,127.0148
202530900000900244,37.66613,127.0399
202530900000900314,37.65095,127.0138
202530900000900907,37.64621,127.0551
202530900000900084,37.65304,127.0466
202530900000900355,37.65415,127.0228
202530900000900585,37.64797,127.0246
202530900000900245,37.66692,127.0317
202530900000900721,37.64009,127.0407
202530900000900295,37.66663,127.0416
202530900000900615,37.63401,127.0412
202530900000900661,37.66086,127.0398
202530900000900373,37.66061,127.0385
202530900000900417,37.6585,127.0158
202530900000900242,37.66554,127.0453
202530900000900634,37.63996,127.042
202530900000900660,37.6637,127.0335
202530900000900227,37.66781,127.0403
202530900000900519,37.65419,127.0435
202530900000900139,37.68873,127.0422
202530900000900049,37.65945,127.0379
202530900000900797,37.64672,127.0394
202530900000900856,37.64406,127.0392
202530900000900544,37.63825,127.0384
202530900000900023,37.66957,127.0443
202530900000900188,37.67264,127.0465
202530900000900833,37.65084,127.0256
202530900000900740,37.64262,127.0488
202530900000900195,37.67214,127.047
202530900000900386,37.64987,127.0297
202530900000900041,37.66462,127.028
202530900000900029,37.66899,127.0295
202530900000900705,37.6538,127.0337
202530900000900433,37.64628,127.0366
202530900000900095,37.64578,127.039
202530900000900904,37.68727,127.0451
202530900000900073,37.64947,127.019
202530900000901034,37.66288,127.021
202530900000900910,37.65408,127.0247
202530900000900810,37.6424,127.0435
202530900000900418,37.65526,127.0362
202530900000900387,37.65049,127.0334
202530900000900113,37.68384,127.0435
202530900000901022,37.63887,127.0441
202530900000900563,37.65501,127.0456
202530900000900289,37.66713,127.031
202530900000900820,37.64045,127.0359
202530900000900800,37.68486,127.0418
202530900000900316,37.64991,127.0183
202530900000900514,37.65215,127.0396
202530900000900540,37.64454,127.0512
202530900000900076,37.65295,127.024
202530900000900510,37.65514,127.0427
202530900000901036,37.64751,127.0443
202530900000900100,37.63991,127.0409
202530900000900121,37.67039,127.0397
202530900000900811,37.6807,127.0475
202530900000900024,37.66893,127.0378
202530900000900947,37.66143,127.0234
202530900000900782,37.6692,127.0479
202530900000900931,37.64396,127.0431
202530900000900138,37.68898,127.0427
202530900000900749,37.69246,127.0471
202530900000900509,37.65358,127.0463
202530900000900479,37.63735,127.0374
202530900000900377,37.65825,127.0384
202530900000900596,37.65826,127.0459
202530900000901059,37.6490011,127.0402923
202530900000900429,37.6481,127.0354
202530900000900587,37.65256,127.0135
202530900000900221,37.66806,127.045
202530900000900758,37.65419,127.021
202530900000900378,37.64991,127.0339
202530900000900673,37.64738,127.0511
202530900000900695,37.64907,127.0392
202530900000900335,37.65182,127.0222
202530900000900101,37.63981,127.04
202530900000900676,37.65506,127.0398
202530900000901062,37.6554928,127.0240886
202530900000900013,37.67183,127.0409
202530900000900998,37.66127,127.0198
202530900000900769,37.66299,127.043
202530900000900053,37.65165,127.0322
202530900000900962,37.65085,127.0395
202530900000900298,37.66655,127.0401
202530900000900337,37.65168,127.0262
202530900000900166,37.68366,127.0439
202530900000900372,37.65183,127.0343
202530900000900321,37.64881,127.0342
202530900000900793,37.67115,127.0466
202530900000900838,37.65184,127.0142
202530900000900983,37.64906,127.0217
202530900000900207,37.6752,127.0453
202530900000900843,37.66672,127.042
202530900000900169,37.67611,127.0432
202530900000900819,37.66018,127.0511
202530900000900078,37.6557,127.0447
202530900000900439,37.64662,127.0381
202530900000900861,37.65319,127.018
202530900000900759,37.65399,127.0199
202530900000900996,37.65865,127.0204
202530900000900375,37.6541,127.035
202530900000900119,37.6778,127.0417
202530900000900114,37.67216,127.0392
202530900000900168,37.6818,127.0433
202530900000900610,37.6503,127.0417
202530900000901053,37.644328,127.052226
202530900000900765,37.6461,127.0464
202530900000900691,37.66081,127.0224
202530900000900093,37.64358,127.0379
202530900000901025,37.65495,127.0243
202530900000900344,37.64972,127.0259
202530900000901045,37.65659,127.0367
202530900000900461,37.63825,127.0366
202530900000900366,37.66056,127.0371
202530900000900778,37.64713,127.0458
202530900000900063,37.64973,127.0322
202530900000900573,37.66531,127.0305
202530900000900048,37.66182,127.0392
202530900000900579,37.6553,127.0345
202530900000900741,37.64713,127.0453
202530900000900920,37.66301,127.0385
202530900000900565,37.65226,127.0412
202530900000900224,37.66173,127.0362
202530900000900301,37.66846,127.0356
202530900000901047,37.64012,127.0393
202530900000900451,37.64259,127.0341
202530900000900990,37.6712,127.033
202530900000900284,37.66846,127.0329
202530900000901050,37.647451,127.051409
202530900000900253,37.66267,127.0307
202530900000900468,37.63885,127.0365
202530900000900410,37.65646,127.03
202530900000900438,37.64964,127.0363
202530900000900884,37.65661,127.0392
202530900000900736,37.64921,127.0399
202530900000900161,37.69101,127.0422
202530900000900814,37.66148,127.049
202530900000900287,37.66989,127.0298
202530900000900280,37.66536,127.0356
202530900000901041,37.68657,127.0464
202530900000900648,37.67083,127.0397
202530900000901003,37.67737,127.0409
202530900000900126,37.67082,127.0429
202530900000900463,37.64541,127.0357
202530900000900367,37.65423,127.0358
202530900000900272,37.67021,127.0357
202530900000900710,37.64401,127.0468
202530900000900934,37.6452,127.0501
202530900000900297,37.66924,127.0286
202530900000900362,37.65546,127.0356
202530900000900391,37.64785,127.0281
202530900000900863,37.65675,127.0244
202530900000900866,37.68443,127.0429
202530900000900274,37.66812,127.0334
202530900000900096,37.6447,127.0396
202530900000900155,37.689,127.0411
202530900000900315,37.65408,127.0171
202530900000900761,37.65347,127.0245
202530900000900392,37.64684,127.0325
202530900000901023,37.63824,127.0429
202530900000900702,37.65444,127.0228
202530900000901060,37.6442556,127.044939
202530900000901033,37.66436,127.0288
202530900000900015,37.67115,127.0451
202530900000900606,37.66136,127.0244
202530900000900731,37.64868,127.0457
202530900000900356,37.64889,127.017
202530900000900405,37.65632,127.0279
202530900000900214,37.66186,127.0477
202530900000900338,37.65115,127.0215
202530900000900302,37.66227,127.0482
202530900000900089,37.64846,127.036
202530900000900025,37.66857,127.0362
202530900000901020,37.63799,127.0455
202530900000900080,37.65493,127.0414
202530900000900124,37.68388,127.0452
202530900000900633,37.64705,127.0485
202530900000900320,37.66023,127.0159
202530900000900202,37.67549,127.0471
202530900000900645,37.65944,127.0364
202530900000900972,37.64614,127.043
202530900000900926,37.68728,127.0444
202530900000900122,37.67325,127.0402
202530900000900421,37.64648,127.0262
202530900000900991,37.66665,127.0292
202530900000900718,37.6376,127.0412
202530900000900365,37.65371,127.0335
202530900000900757,37.65059,127.0229
202530900000901028,37.69049,127.0451
202530900000900949,37.66195,127.0231
202530900000900133,37.67737,127.0427
202530900000900531,37.64338,127.036
202530900000900488,37.63409,127.0392
202530900000900453,37.63995,127.036
202530900000900864,37.64855,127.0305
202530900000900830,37.65483,127.0153
202530900000900462,37.64569,127.0337
202530900000900973,37.64237,127.0436
202530900000900668,37.6448,127.0393
202530900000900762,37.63839,127.0429
202530900000900823,37.63937,127.0376
202530900000900179,37.67923,127.0406
202530900000900234,37.6651,127.042
202530900000900444,37.64439,127.0444
202530900000900027,37.66733,127.0335
202530900000900924,37.65632,127.0374
202530900000900407,37.652,127.0357
202530900000900251,37.66766,127.0317
202530900000900545,37.63761,127.0388
202530900000900266,37.6693,127.0323
202530900000900185,37.67784,127.0454
202530900000900291,37.66933,127.0386
202530900000900993,37.66335,127.0213
202530900000900130,37.67774,127.0433
202530900000900255,37.66855,127.0339
202530900000900779,37.65428,127.0252
202530900000900566,37.6519,127.0409
202530900000900347,37.65857,127.0152
202530900000900398,37.65979,127.0327
202530900000900635,37.64619,127.0529
202530900000900062,37.64954,127.0341
202530900000900516,37.66127,127.0431
202530900000900643,37.6414,127.0353
202530900000900471,37.64092,127.034
202530900000900256,37.66747,127.0357
202530900000900276,37.66575,127.0332
202530900000900937,37.65939,127.0389
202530900000900031,37.66771,127.0417
202530900000900452,37.64061,127.0366
202530900000900225,37.66738,127.041
202530900000900285,37.66861,127.038
202530900000900775,37.6623,127.0431
202530900000900538,37.63711,127.0362
202530900000900464,37.64475,127.0335
202530900000900964,37.65537,127.0301
202530900000900715,37.67435,127.0458
202530900000900781,37.6695,127.0449
202530900000900982,37.65377,127.0261
202530900000901038,37.66241,127.0349
202530900000900704,37.65307,127.0291
202530900000900106,37.63391,127.043
202530900000900911,37.65428,127.0252
202530900000900732,37.66773,127.0445
202530900000900484,37.63482,127.04
202530900000900416,37.65204,127.0257
202530900000900872,37.67435,127.0468
202530900000900279,37.66354,127.0337
202530900000900885,37.66064,127.0416
202530900000900388,37.64807,127.029
202530900000900620,37.65948,127.0449
202530900000900570,37.63285,127.0419
202530900000900772,37.66299,127.043
202530900000900764,37.654,127.0171
202530900000900017,37.67364,127.0415
202530900000900497,37.63657,127.0407
202530900000900893,37.66216,127.0299
202530900000900143,37.68756,127.042
202530900000900311,37.66121,127.0217
202530900000900747,37.69222,127.0474
202530900000900555,37.6858,127.0495
202530900000900955,37.64264,127.0321
202530900000900628,37.65552,127.0367
202530900000900969,37.64821,127.0397
202530900000900132,37.68342,127.0445
202530900000901004,37.65545,127.0132
202530900000900065,37.64776,127.0344
202530900000900945,37.65202,127.0452
202530900000900938,37.66224,127.0381
202530900000900412,37.65774,127.0147
202530900000900571,37.6788,127.038
202530900000900598,37.65984,127.04
202530900000900581,37.65227,127.0309
202530900000900607,37.66016,127.0276
202530900000900572,37.67881,127.0412
202530900000900611,37.6481,127.0435
202530900000900008,37.67481,127.0461
202530900000900601,37.65923,127.0313
202530900000900467,37.64141,127.0368
202530900000900868,37.6735,127.0455
202530900000900082,37.654,127.0442
202530900000900763,37.65388,127.0164
202530900000900213,37.66477,127.0372
202530900000900055,37.65514,127.0189
202530900000900117,37.68329,127.0453
202530900000900848,37.684,127.0498
202530900000900942,37.65427,127.0378
202530900000900192,37.67047,127.0448
202530900000900689,37.64739,127.0452
202530900000901017,37.67583,127.0323
202530900000900322,37.64875,127.0276
202530900000900164,37.68794,127.0464
202530900000900382,37.64779,127.0308
202530900000900047,37.66084,127.0398
202530900000900918,37.64787,127.0232
202530900000900304,37.66365,127.0392
202530900000900985,37.65305,127.0406
202530900000900507,37.6558,127.0471
202530900000901016,37.68588,127.0335
202530900000900030,37.66693,127.0378
202530900000900111,37.64555,127.0375
202530900000900189,37.67423,127.0449
202530900000901037,37.6327,127.0401
202530900000900700,37.63799,127.0432
202530900000900318,37.64979,127.0228
202530900000900396,37.6502,127.03
202530900000900518,37.65427,127.0399
202530900000900067,37.65028,127.0312
202530900000900696,37.64775,127.0393
202530900000900300,37.66922,127.0482
202530900000900162,37.69046,127.0435
202530900000900822,37.63965,127.0371
202530900000900547,37.6871,127.041
202530900000900077,37.66092,127.0427
202530900000900288,37.66374,127.0333
202530900000900597,37.65428,127.0145
202530900000900494,37.63553,127.0396
202530900000900267,37.67021,127.032
202530900000900492,37.63772,127.0398
202530900000900071,37.6487,127.0282
202530900000901030,37.67678,127.0446
202530900000900083,37.6535,127.0488
202530900000900967,37.65234,127.025
202530900000900360,37.64908,127.0197
202530900000900716,37.66889,127.0392
202530900000900880,37.66593,127.0377
202530900000900135,37.67299,127.0427
202530900000900145,37.68825,127.0436
202530900000900173,37.69314,127.044
202530900000900270,37.67055,127.0326
202530900000900414,37.66129,127.0148
202530900000900455,37.64167,127.0361
202530900000900296,37.66774,127.0371
202530900000900312,37.64997,127.0236
202530900000900003,37.68419,127.044
202530900000900343,37.65571,127.0172
202530900000900178,37.68633,127.041
202530900000900088,37.64884,127.0361
202530900000900293,37.66417,127.0363
202530900000900737,37.64972,127.0396
202530900000900265,37.66995,127.0329
202530900000900729,37.6602,127.0453
202530900000900050,37.65672,127.0353
202530900000900650,37.68884,127.043
202530900000900835,37.6523,127.0139
202530900000900595,37.66066,127.0489
202530900000900836,37.65204,127.0132
202530900000900186,37.68919,127.0467
202530900000900589,37.63628,127.0413
202530900000900156,37.68928,127.0418
202530900000900831,37.65335,127.0227
202530900000900238,37.66865,127.0425
202530900000900734,37.65265,127.0299
202530900000900502,37.65942,127.0453
202530900000901005,37.6593,127.0426
202530900000900902,37.68551,127.0424
202530900000900009,37.67556,127.0436
202530900000900802,37.66777,127.0482
202530900000900847,37.67845,127.043
202530900000900813,37.68012,127.0436
202530900000900976,37.65396,127.0194
202530900000900828,37.66594,127.0364
202530900000900319,37.65699,127.0181
202530900000900562,37.65519,127.044
202530900000900602,37.6662,127.0464
202530900000900719,37.64657,127.0448
202530900000900887,37.65976,127.0395
202530900000900458,37.63956,127.0349
202530900000900680,37.64738,127.041
202530900000900424,37.65169,127.0332
202530900000900916,37.66194,127.0277
202530900000900786,37.64897,127.036
202530900000900406,37.65489,127.0142
202530900000900979,37.64541,127.0451
202530900000900167,37.68672,127.0382
202530900000900103,37.63533,127.0404
202530900000901011,37.65089,127.0492
202530900000900390,37.64755,127.0321
202530900000900832,37.65477,127.0162
202530900000900262,37.66924,127.0333
202530900000901063,37.6529856,127.0299944
202530900000901018,37.63639,127.0428
202530900000900683,37.64989,127.051
202530900000900674,37.64758,127.0506
202530900000901067,37.653,127.046
202530900000901009,37.64949,127.0495
202530900000900039,37.66561,127.0417
202530900000900379,37.65226,127.0136
202530900000900243,37.667,127.0452
202530900000900679,37.64814,127.04
202530900000900743,37.6911,127.0487
202530900000900427,37.65876,127.0369
202530900000900210,37.66405,127.0373
202530900000900419,37.65214,127.0334
202530900000900686,37.64824,127.0453
202530900000900845,37.65235,127.0317
202530900000901012,37.65121,127.0369
202530900000900859,37.68008,127.0434
202530900000900520,37.65209,127.0384
202530900000900212,37.66186,127.0347
202530900000900085,37.65291,127.0485
202530900000900294,37.66933,127.0433
202530900000901068,37.687,127.04
202530900000900068,37.64716,127.03
202530900000900594,37.64546,127.0495
202530900000900948,37.66097,127.0228
202530900000900578,37.65551,127.0312
202530900000900653,37.6803,127.05
202530900000900785,37.65381,127.045
202530900000901024,37.65549,127.024
202530900000900503,37.65691,127.0463
202530900000900652,37.68391,127.0433
202530900000900784,37.6374,127.0379
202530900000900432,37.64831,127.0383
202530900000900447,37.64688,127.0489
202530900000900369,37.6587,127.038
202530900000900789,37.64686,127.0403
202530900000900171,37.675,127.0426
202530900000900328,37.64976,127.0198
202530900000901051,37.646791,127.044938
202530900000900560,37.66414,127.0502
202530900000900881,37.66834,127.0443
202530900000900752,37.68248,127.0394
202530900000900746,37.69156,127.0486
202530900000900361,37.65059,127.0143
202530900000900183,37.67548,127.0466
202530900000900384,37.64906,127.0306
202530900000900056,37.65597,127.0167
202530900000900092,37.64694,127.0367
202530900000900556,37.68616,127.0502
202530900000901044,37.65629,127.0155
202530900000900393,37.64814,127.03
202530900000900348,37.6512,127.0242
202530900000900871,37.67285,127.0445
202530900000900971,37.65152,127.0414
202530900000900194,37.67612,127.0492
202530900000900170,37.68866,127.0445
202530900000900639,37.66191,127.0375
202530900000900874,37.64957,127.0417
202530900000900176,37.68701,127.0434
202530900000900727,37.64744,127.0435
202530900000901039,37.6576,127.0383
202530900000900535,37.65211,127.0382
202530900000900354,37.65433,127.0232
202530900000900665,37.65205,127.027
202530900000900426,37.64687,127.0252
202530900000900826,37.66461,127.0344
202530900000900180,37.6782,127.0361
202530900000900363,37.65798,127.0394
202530900000900533,37.6497,127.038
202530900000900725,37.6603,127.0347
202530900000900219,37.66417,127.0454
202530900000900200,37.67902,127.0389
202530900000900723,37.65968,127.031
202530900000900890,37.6629,127.0459
202530900000900495,37.63505,127.0422
202530900000900209,37.67294,127.0413
202530900000900018,37.67886,127.0372
202530900000900184,37.67541,127.0462
202530900000900960,37.64512,127.044
202530900000900385,37.64451,127.0302
202530900000900586,37.64877,127.0252
202530900000900072,37.64497,127.0314
202530900000900583,37.65092,127.0288
202530900000900713,37.64803,127.0291
202530900000900745,37.6914,127.0475
202530900000900197,37.68033,127.0458
202530900000900651,37.68582,127.0451
202530900000900567,37.65754,127.0227
202530900000900812,37.68092,127.0458
202530900000900346,37.6568,127.0159
202530900000900411,37.65264,127.0329
202530900000900364,37.65445,127.0346
202530900000900477,37.6368,127.0411
202530900000900001,37.68482,127.0437
202530900000900437,37.64733,127.0382
202530900000900649,37.64198,127.0353
202530900000900771,37.66299,127.043
202530900000900174,37.67249,127.0403
202530900000900846,37.65648,127.0384
202530900000900970,37.64701,127.0396
202530900000900688,37.64838,127.0461
202530900000900807,37.67876,127.0388
202530900000900816,37.64319,127.0308
202530900000900667,37.64272,127.0351
202530900000901006,37.64695,127.0505
202530900000900198,37.67621,127.047
202530900000900459,37.64509,127.0388
202530900000900476,37.63456,127.0385
202530900000901043,37.6513,127.034
202530900000900268,37.67062,127.032
202530900000900332,37.65549,127.0144
202530900000900336,37.65455,127.0172
202530900000900022,37.66889,127.0393
202530900000900930,37.65202,127.0452
202431000000900006,37.645757,127.062594
202431000000900046,37.6666221,127.0814611
202431000000900035,37.662834,127.054273
202431000000900023,37.63753475,127.0639634
202431000000900041,37.630681,127.048659
202431000000900015,37.66943969,127.0504391
202431000000900059,37.64418299,127.087945
202431000000900063,37.656842,127.067602
202431000000900028,37.6517699,127.056052
202431000000900034,37.66826983,127.0625389
202431000000900052,37.67508278,127.0595521
202431000000900047,37.65428582,127.0815202
202431000000900030,37.67109151,127.0557313
202431000000900024,37.63694305,127.0771098
202431000000900037,37.6628561,127.0580779
202431000000900013,37.647052,127.075381
202431000000900044,37.6542802,127.092679
202431000000900058,37.6190052,127.0786499
202431000000900005,37.64525815,127.0758403
202431000000900009,37.650417,127.0621103
202431000000900057,37.62802146,127.0683959
202431000000900054,37.67836565,127.0886972
202431000000900008,37.62093283,127.0845557
202431000000900003,37.638722,127.074186
202431000000900014,37.669268,127.050526
202431000000900051,37.678788,127.088903
202431000000900033,37.666594,127.060303
202431000000900004,37.648795,127.066969
202431000000900011,37.658025,127.076273
202431000000900007,37.62100408,127.0692322
202431000000900017,37.68028441,127.0571666
202431000000900039,37.6307787,127.0739994
202431000000900040,37.639343,127.067642
202431000000900012,37.648134,127.070626
202431000000900060,37.62958832,127.0698565
202431000000900019,37.648186,127.0706988
202431000000900053,37.68236244,127.088634
202431000000900055,37.6829549,127.0580273
202431000000900027,37.651671,127.057116
202431000000900061,37.62286241,127.0771587
202431000000900025,37.62916163,127.0516036
202431000000900010,37.64858127,127.0631162
202431000000900064,37.658238,127.072174
202431000000900020,37.63400923,127.0717277
202431000000900029,37.6486626,127.0562023
202431000000900043,37.6220035,127.0531754
202431000000900032,37.665745,127.053185
202431000000900062,37.642534,127.074696
202431000000900048,37.64335827,127.1088514
202431000000900002,37.642632,127.076549
202431000000900001,37.639053,127.066134
202431000000900042,37.644415,127.050831
202431000000900056,37.6256191,127.0512749
202431000000900038,37.66067691,127.0614944
202431000000900036,37.662811,127.056085
202431000000900026,37.62895749,127.056656
202431000000900049,37.65547933,127.080633
202431000000900022,37.63251336,127.065953
202431000000900050,37.66879537,127.0758914
202431000000900016,37.661061,127.064987
202431000000900018,37.644377,127.061481
202431000000900021,37.63204371,127.067951
202431000000900031,37.67019101,127.0546878
202431000000900045,37.66459135,127.0787161
202331100000900553,37.600394,126.918956
202331100000900151,37.617158,126.916987
202331100000900593,37.6239915,126.9165079
202331100000900196,37.624745,126.923538
202331100000900116,37.623852,126.921086
202331100000900015,37.625064,126.918673
202331100000900467,37.598582,126.907829
202331100000900503,37.599873,126.931007
202331100000900263,37.599298,126.927337
202331100000900179,37.625014,126.927704
202331100000900442,37.620069,126.914664
202331100000900363,37.599876,126.926009
202331100000900084,37.586707,126.911563
202331100000900154,37.618078,126.91096
202331100000900188,37.617973,126.926047
202331100000900421,37.593272,126.921408
202331100000900341,37.601097,126.934195
202331100000900097,37.613576,126.908271
202331100000900189,37.618322,126.926148
202331100000900051,37.595396,126.904752
202331100000900445,37.615694,126.923715
202331100000900386,37.589009,126.921874
202331100000900494,37.613445,126.904803
202331100000900566,37.612562,126.914783
202331100000900221,37.583968,126.92146
202331100000900586,37.5959457,126.9119537
202331100000900101,37.617765,126.912851
202331100000900499,37.613522,126.922602
202331100000900291,37.645309,126.928431
202331100000900504,37.600888,126.932351
202331100000900356,37.598804,126.937645
202331100000900185,37.612257,126.929307
202331100000900478,37.598852,126.908347
202331100000900227,37.599133,126.929559
202331100000900510,37.609663,126.912606
202331100000900060,37.592896,126.909685
202331100000900468,37.596411,126.920707
202331100000900287,37.642268,126.924212
202331100000900453,37.594383,126.923085
202331100000900141,37.595826,126.905844
202331100000900243,37.604324,126.923558
202331100000900146,37.613973,126.906575
202331100000900357,37.598306,126.937305
202331100000900469,37.628041,126.925341
202331100000900447,37.628252,126.927957
202331100000900424,37.634116,126.913087
202331100000900401,37.621037,126.923298
202331100000900437,37.595822,126.919785
202331100000900180,37.623282,126.92903
202331100000900409,37.614869,126.923295
202331100000900114,37.620848,126.92357
202331100000900298,37.634243,126.923714
202331100000900305,37.629706,126.93006
202331100000900230,37.587354,126.921809
202331100000900041,37.625358,126.926165
202331100000900600,37.5980428,126.9194459
202331100000900203,37.590675,126.910466
202331100000900285,37.642238,126.930247
202331100000900448,37.601096,126.915124
202331100000900486,37.632322,126.924651
202331100000900327,37.64491,126.91316
202331100000900417,37.626384,126.913027
202331100000900498,37.581751,126.906546
202331100000900325,37.643085,126.918599
202331100000900183,37.614251,126.932205
202331100000900019,37.623815,126.916583
202331100000900169,37.60129,126.933849
202331100000900381,37.610665,126.94124
202331100000900456,37.643476,126.939611
202331100000900181,37.622188,126.93033
202331100000900591,37.614689,126.9156847
202331100000900240,37.611768,126.909843
202331100000900370,37.594201,126.916242
202331100000900273,37.649796,126.931289
202331100000900173,37.614035,126.919851
202331100000900339,37.609885,126.914095
202331100000900303,37.634755,126.920601
202331100000900557,37.5906,126.912638
202331100000900569,37.601352,126.926709
202331100000900449,37.598247,126.923143
202331100000900565,37.611389,126.930445
202331100000900412,37.6206,126.934294
202331100000900076,37.586951,126.922974
202331100000900514,37.597812,126.909174
202331100000900289,37.643735,126.924529
202331100000900069,37.608471,126.916411
202331100000900172,37.616061,126.921534
202331100000900226,37.591931,126.918399
202331100000900396,37.638962,126.917484
202331100000900342,37.610353,126.92588
202331100000900006,37.631732,126.934947
202331100000900319,37.639596,126.938391
202331100000900480,37.603937,126.912966
202331100000900509,37.604076,126.929897
202331100000900387,37.589065,126.921448
202331100000900596,37.608892,126.9067285
202331100000900487,37.612599,126.939461
202331100000900391,37.624287,126.912216
202331100000900002,37.633487,126.938743
202331100000900296,37.63424,126.926913
202331100000900610,37.6147623,126.907901
202331100000900293,37.630328,126.919515
202331100000900214,37.606724,126.920392
202331100000900385,37.59005,126.904032
202331100000900464,37.64531,126.930247
202331100000900517,37.654779,126.939791
202331100000900267,37.625235,126.915506
202331100000900402,37.616857,126.903879
202331100000900323,37.642166,126.940033
202331100000900526,37.57811,126.90197
202331100000900047,37.611559,126.940125
202331100000900057,37.599053,126.911271
202331100000900435,37.60706,126.921962
202331100000900272,37.647607,126.930606
202331100000900361,37.606019,126.934227
202331100000900541,37.597361,126.908888
202331100000900024,37.606104,126.92747
202331100000900343,37.620729,126.933198
202331100000900014,37.625081,126.918365
202331100000900086,37.591631,126.902586
202331100000900485,37.587347,126.908407
202331100000900337,37.618011,126.918133
202331100000900262,37.588767,126.918739
202331100000900265,37.58714,126.919426
202331100000900040,37.625421,126.926324
202331100000900444,37.609989,126.9281787
202331100000900021,37.61455,126.915943
202331100000900045,37.626808,126.928711
202331100000900167,37.6044,126.926749
202331100000900551,37.608436,126.930537
202331100000900030,37.604071,126.927613
202331100000900266,37.655112,126.949117
202331100000900216,37.604089,126.914753
202331100000900163,37.611056,126.91466
202331100000900170,37.602195,126.931767
202331100000900403,37.615635,126.910776
202331100000900053,37.595677,126.904142
202331100000900269,37.617584,126.921449
202331100000900261,37.600745,126.91508
202331100000900430,37.594811,126.905331
202331100000900564,37.620874,126.920547
202331100000900029,37.603996,126.923585
202331100000900049,37.585613,126.896857
202331100000900518,37.58222,126.900628
202331100000900110,37.609635,126.924912
202331100000900207,37.596892,126.904752
202331100000900232,37.58525,126.920515
202331100000900330,37.643526,126.914547
202331100000900144,37.618644,126.9166
202331100000900139,37.587752,126.910172
202331100000900178,37.612771,126.927042
202331100000900280,37.644818,126.924043
202331100000900474,37.607271,126.930423
202331100000900429,37.596097,126.907365
202331100000900126,37.606914,126.912672
202331100000900234,37.599697,126.927889
202331100000900531,37.61768,126.919601
202331100000900239,37.585508,126.899694
202331100000900142,37.60478,126.919787
202331100000900320,37.637978,126.938398
202331100000900393,37.587959,126.911781
202331100000900168,37.60469,126.9339
202331100000900034,37.615686,126.91995
202331100000900218,37.59769,126.919289
202331100000900217,37.603022,126.911227
202331100000900009,37.616764,126.908974
202331100000900535,37.610552,126.939412
202331100000900300,37.63333,126.925451
202331100000900549,37.601815,126.932758
202331100000900236,37.584952,126.906515
202331100000900121,37.594694,126.913517
202331100000900271,37.595028,126.910386
202331100000900606,37.6440901,126.9287847
202331100000900250,37.613693,126.931408
202331100000900555,37.606044,126.92397
202331100000900205,37.594503,126.90621
202331100000900408,37.615195,126.924309
202331100000900104,37.608592,126.913226
202331100000900238,37.582373,126.90545
202331100000900209,37.596791,126.910357
202331100000900258,37.596067,126.912484
202331100000900058,37.594592,126.910552
202331100000900559,37.616002,126.915847
202331100000900350,37.627618,126.926994
202331100000900161,37.607494,126.914443
202331100000900425,37.583327,126.916228
202331100000900338,37.61906,126.91534
202331100000900220,37.597552,126.916907
202331100000900089,37.583687,126.90265
202331100000900321,37.641234,126.941221
202331100000900530,37.624377,126.924835
202331100000900520,37.595369,126.906637
202331100000900488,37.612211,126.939453
202331100000900493,37.616054,126.929933
202331100000900398,37.606699,126.9331
202331100000900105,37.607682,126.92967
202331100000900108,37.612963,126.922093
202331100000900519,37.58241,126.900674
202331100000900071,37.598078,126.91931
202331100000900037,37.613618,126.929643
202331100000900579,37.596344,126.9153836
202331100000900140,37.596447,126.913305
202331100000900127,37.60328,126.912967
202331100000900016,37.621376,126.915594
202331100000900561,37.606835,126.916972
202331100000900123,37.591797,126.912687
202331100000900351,37.627869,126.926616
202331100000900074,37.594375,126.919492
202331100000900458,37.638231,126.914147
202331100000900199,37.611445,126.941097
202331100000900059,37.593839,126.909504
202331100000900131,37.595286,126.917154
202331100000900068,37.606828,126.914334
202331100000900585,37.5829941,126.9065594
202331100000900275,37.647999,126.927692
202331100000900380,37.636316,126.918985
202331100000900130,37.598881,126.920292
202331100000900026,37.605656,126.923115
202331100000900171,37.604632,126.930796
202331100000900245,37.613618,126.918913
202331100000900544,37.600344,126.930546
202331100000900577,37.6093221,126.934233
202331100000900117,37.626029,126.927683
202331100000900100,37.614797,126.916124
202331100000900334,37.595784,126.908499
202331100000900525,37.59457,126.91687
202331100000900194,37.623977,126.925229
202331100000900336,37.641661,126.938951
202331100000900434,37.62118,126.928086
202331100000900428,37.596254,126.911315
202331100000900299,37.631128,126.928068
202331100000900256,37.59669,126.903701
202331100000900225,37.590264,126.920156
202331100000900440,37.618385,126.907245
202331100000900379,37.637236,126.918966
202331100000900119,37.596368,126.905394
202331100000900281,37.643875,126.929059
202331100000900523,37.594826,126.905
202331100000900251,37.618888,126.924721
202331100000900093,37.635551,126.9302
202331100000900308,37.634677,126.930009
202331100000900043,37.624834,126.927479
202331100000900018,37.624028,126.91632
202331100000900497,37.599802,126.91674
202331100000900187,37.618097,126.923876
202331100000900022,37.617329,126.913583
202331100000900246,37.613477,126.920217
202331100000900036,37.616366,126.93145
202331100000900027,37.60502,126.923026
202331100000900208,37.597212,126.904853
202331100000900473,37.616759,126.908152
202331100000900500,37.613058,126.923308
202331100000900558,37.611582,126.913245
202331100000900081,37.594024,126.925736
202331100000900479,37.592439,126.902924
202331100000900340,37.604722,126.928358
202331100000900601,37.5941106,126.9257511
202331100000900543,37.600096,126.914572
202331100000900554,37.621193,126.915359
202331100000900102,37.610486,126.910371
202331100000900533,37.613673,126.907835
202331100000900010,37.616993,126.909007
202331100000900536,37.617415,126.933062
202331100000900124,37.604414,126.920178
202331100000900481,37.598578,126.91725
202331100000900268,37.617207,126.905788
202331100000900397,37.638403,126.917309
202331100000900204,37.599274,126.909468
202331100000900233,37.587933,126.919217
202331100000900496,37.610034,126.917427
202331100000900550,37.587615,126.921627
202331100000900602,37.6016787,126.9235167
202331100000900186,37.611827,126.931293
202331100000900095,37.629798,126.916554
202331100000900090,37.585216,126.902702
202331100000900316,37.634037,126.932262
202331100000900598,37.6230496,126.935973
202331100000900532,37.617337,126.911598
202331100000900247,37.612146,126.920002
202331100000900382,37.610457,126.940396
202331100000900255,37.591739,126.907446
202331100000900098,37.621542,126.917641
202331100000900200,37.627051,126.928062
202331100000900286,37.644556,126.930093
202331100000900259,37.604798,126.907029
202331100000900484,37.587083,126.923193
202331100000900563,37.609392,126.920258
202331100000900348,37.598213,126.938387
202331100000900552,37.620017,126.919406
202331100000900457,37.645322,126.9298869
202331100000900020,37.614661,126.915634
202331100000900282,37.644295,126.931807
202331100000900132,37.594802,126.924547
202331100000900438,37.601785,126.902959
202331100000900094,37.635188,126.930211
202331100000900175,37.611392,126.927322
202331100000900359,37.595981,126.925344
202331100000900608,37.6370384,126.9190706
202331100000900135,37.589688,126.91522
202331100000900048,37.610967,126.939463
202331100000900039,37.619666,126.924936
202331100000900407,37.61549,126.924372
202331100000900160,37.612692,126.910825
202331100000900023,37.617281,126.91306
202331100000900276,37.646583,126.9289
202331100000900588,37.6010731,126.918478
202331100000900443,37.601821,126.931447
202331100000900301,37.631807,126.928823
202331100000900150,37.616621,126.918021
202331100000900145,37.620547,126.912755
202331100000900513,37.605063,126.912837
202331100000900011,37.614373,126.908569
202331100000900290,37.643291,126.925473
202331100000900332,37.6278,126.935347
202331100000900125,37.602524,126.916801
202331100000900368,37.634357,126.930237
202331100000900212,37.593087,126.913031
202331100000900028,37.603962,126.923765
202331100000900395,37.639194,126.917784
202331100000900556,37.58092,126.90421
202331100000900193,37.622662,126.925275
202331100000900375,37.622903,126.922321
202331100000900560,37.590669,126.916553
202331100000900364,37.599495,126.915549
202331100000900459,37.638243,126.913768
202331100000900210,37.597657,126.912009
202331100000900191,37.619725,126.926904
202331100000900454,37.583415,126.905785
202331100000900495,37.634254,126.916527
202331100000900192,37.623254,126.921845
202331100000900399,37.586828,126.915
202331100000900547,37.582302,126.906258
202331100000900001,37.633574,126.937772
202331100000900052,37.595551,126.904724
202331100000900128,37.60382,126.909005
202331100000900592,37.6172646,126.9132946
202331100000900118,37.586153,126.889423
202331100000900248,37.612455,126.92612
202331100000900611,37.5989141,126.9113115
202331100000900164,37.61036,126.912628
202331100000900455,37.578527,126.900946
202331100000900062,37.591473,126.9085
202331100000900597,37.6250917,126.9261777
202331100000900376,37.611339,126.927986
202331100000900373,37.620483,126.922949
202331100000900073,37.595499,126.917262
202331100000900465,37.645062,126.93016
202331100000900310,37.6439,126.918351
202331100000900358,37.622424,126.925769
202331100000900354,37.597226,126.903702
202331100000900477,37.590275,126.884679
202331100000900249,37.620036,126.93377
202331100000900235,37.586058,126.910973
202331100000900106,37.606272,126.926351
202331100000900575,37.6308013,126.9278357
202331100000900521,37.595313,126.907521
202331100000900120,37.598994,126.912535
202331100000900572,37.616897,126.906818
202331100000900159,37.613676,126.909882
202331100000900328,37.638981,126.918835
202331100000900574,37.5930798,126.9138344
202331100000900405,37.587955,126.915616
202331100000900072,37.595415,126.917576
202331100000900352,37.628073,126.926079
202331100000900017,37.62143,126.915796
202331100000900404,37.598805,126.91111
202331100000900505,37.62017,126.931982
202331100000900091,37.584786,126.903762
202331100000900431,37.588334,126.918544
202331100000900067,37.606779,126.913932
202331100000900546,37.584926,126.908682
202331100000900294,37.634449,126.919126
202331100000900113,37.617372,126.925361
202331100000900085,37.586892,126.91171
202331100000900206,37.597445,126.914359
202331100000900184,37.616276,126.931196
202331100000900329,37.640334,126.921048
202331100000900087,37.582998,126.906476
202331100000900055,37.595985,126.911761
202331100000900583,37.5843135,126.9032884
202331100000900317,37.638604,126.939001
202331100000900064,37.604083,126.916755
202331100000900392,37.589973,126.910906
202331100000900038,37.6199,126.925159
202331100000900007,37.634594,126.936183
202331100000900423,37.634363,126.915294
202331100000900078,37.58715,126.918974
202331100000900353,37.627633,126.926294
202331100000900462,37.619365,126.906884
202331100000900415,37.619102,126.905938
202331100000900420,37.593192,126.92198
202331100000900112,37.614488,126.930956
202331100000900466,37.64396,126.917686
202331100000900581,37.641458,126.9419424
202331100000900083,37.59469,126.925112
202331100000900313,37.639979,126.918451
202331100000900580,37.6036688,126.9272479
202331100000900422,37.634334,126.916903
202331100000900077,37.587213,126.923381
202331100000900231,37.586366,126.920917
202331100000900362,37.606443,126.934349
202331100000900476,37.62005,126.92193
202331100000900257,37.596301,126.904774
202331100000900374,37.619572,126.932105
202331100000900182,37.622175,126.928579
202331100000900213,37.591093,126.909175
202331100000900360,37.590355,126.924649
202331100000900441,37.621854,126.910768
202331100000900534,37.61334,126.906321
202331100000900284,37.642927,126.921708
202331100000900529,37.62633,126.92688
202331100000900419,37.582574,126.895381
202331100000900274,37.647994,126.929987
202331100000900582,37.6452693,126.9213434
202331100000900241,37.607924,126.907793
202331100000900389,37.605882,126.934242
202331100000900122,37.590432,126.911854
202331100000900111,37.618171,126.931948
202331100000900528,37.62336,126.92211
202331100000900538,37.612362,126.93567
202331100000900607,37.6334253,126.937324
202331100000900066,37.601067,126.918704
202331100000900605,37.629995,126.9165091
202331100000900388,37.589174,126.92133
202331100000900157,37.605979,126.908439
202331100000900042,37.624947,126.927221
202331100000900044,37.626386,126.925454
202331100000900031,37.605498,126.930985
202331100000900489,37.606884,126.908742
202331100000900307,37.631443,126.924068
202331100000900502,37.600031,126.930642
202331100000900270,37.614414,126.922454
202331100000900115,37.620638,126.928142
202331100000900033,37.615303,126.92026
202331100000900540,37.596883,126.909605
202331100000900277,37.646054,126.927229
202331100000900152,37.61682,126.912594
202331100000900394,37.638908,126.917025
202331100000900211,37.591355,126.903485
202331100000900054,37.596099,126.911708
202331100000900366,37.61456,126.908746
202331100000900279,37.644935,126.926448
202331100000900461,37.637546,126.912751
202331100000900215,37.608592,126.917446
202331100000900197,37.62548,126.922874
202331100000900414,37.619035,126.905547
202331100000900326,37.642513,126.918519
202331100000900400,37.616115,126.930512
202331100000900384,37.593641,126.92414
202331100000900137,37.599496,126.928655
202331100000900355,37.597595,126.903758
202331100000900065,37.601143,126.918302
202331100000900537,37.619917,126.92504
202331100000900198,37.623357,126.92368
202331100000900107,37.605137,126.932695
202331100000900224,37.590097,126.918804
202331100000900099,37.620702,126.915094
202331100000900082,37.594401,126.926028
202331100000900545,37.596049,126.924894
202331100000900335,37.64271,126.939764
202331100000900427,37.595319,126.911046
202331100000900490,37.628011,126.936975
202331100000900446,37.615385,126.921974
202331100000900524,37.60057,126.9275
202331100000900603,37.6093221,126.934233
202331100000900506,37.611864,126.937253
202331100000900568,37.606955,126.922338
202331100000900143,37.605883,126.919706
202331100000900492,37.596181,126.904227
202331100000900223,37.588166,126.920618
202331100000900155,37.613055,126.908966
202331100000900491,37.628199,126.937663
202331100000900292,37.645887,126.929705
202331100000900439,37.601175,126.903625
202331100000900312,37.64474,126.918517
202331100000900306,37.632894,126.920473
202331100000900501,37.622098,126.920229
202331100000900584,37.5867106,126.9116987
202331100000900219,37.596545,126.917939
202331100000900177,37.613221,126.924081
202331100000900032,37.602944,126.932403
202331100000900242,37.6097,126.9392
202331100000900092,37.585197,126.904164
202331100000900158,37.608455,126.909375
202331100000900589,37.6040982,126.9166505
202331100000900138,37.584025,126.90788
202331100000900604,37.6039728,126.9237282
202331100000900228,37.5926,126.915238
202331100000900080,37.601502,126.923449
202331100000900333,37.620991,126.911156
202331100000900133,37.594345,126.919663
202331100000900254,37.592357,126.906567
202331100000900202,37.583486,126.89428
202331100000900088,37.584139,126.902725
202331100000900079,37.587011,126.919016
202331100000900418,37.612951,126.931465
202331100000900432,37.615169,126.915179
202331100000900511,37.60167,126.921524
202331100000900056,37.59906,126.911084
202331100000900315,37.64447,126.91544
202331100000900156,37.609116,126.907015
202331100000900344,37.612057,126.931913
202331100000900331,37.628823,126.930067
202331100000900372,37.618269,126.932705
202331100000900426,37.583289,126.916031
202331100000900096,37.627531,126.916353
202331100000900260,37.601167,126.913347
202331100000900134,37.591886,126.916565
202331100000900025,37.605135,126.923609
202331100000900587,37.6068764,126.9142375
202331100000900416,37.601627,126.931926
202331100000900472,37.623445,126.914024
202331100000900264,37.585939,126.919035
202331100000900318,37.641289,126.937911
202331100000900012,37.614673,126.907994
202331100000900570,37.600693,126.923524
202331100000900436,37.596002,126.919581
202331100000900349,37.598026,126.93792
202331100000900377,37.592187,126.91994
202331100000900410,37.621905,126.93155
202331100000900609,37.6381008,126.9138795
202331100000900314,37.642732,126.917174
202331100000900542,37.606246,126.911646
202331100000900322,37.64192,126.93981
202331100000900470,37.58396,126.893582
202331100000900406,37.590618,126.915496
202331100000900061,37.593085,126.909325
202331100000900451,37.5948,126.916378
202331100000900109,37.61089,126.920535
202331100000900390,37.599608,126.916135
202331100000900452,37.592422,126.917895
202331100000900433,37.616941,126.92299
202331100000900003,37.63285,126.93875
202331100000900148,37.619898,126.916626
202331100000900309,37.631226,126.921826
202331100000900573,37.583788,126.909463
202331100000900460,37.637954,126.913085
202331100000900576,37.6093615,126.9089755
202331100000900512,37.584208,126.91904
202331100000900129,37.599101,126.923985
202331100000900347,37.602243,126.913197
202331100000900244,37.603311,126.927214
202331100000900562,37.600176,126.921235
202331100000900297,37.634127,126.930036
202331100000900567,37.617931,126.919914
202331100000900475,37.613546,126.928626
202331100000900539,37.600009,126.906463
202331100000900201,37.626234,126.928919
202331100000900190,37.619309,126.928081
202331100000900237,37.584402,126.905195
202331100000900229,37.58871,126.917967
202331100000900253,37.622893,126.92386
202331100000900548,37.589949,126.915568
202331100000900149,37.6194,126.918028
202331100000900050,37.586263,126.897576
202331100000900252,37.617563,126.926651
202331100000900378,37.58522,126.921109
202331100000900176,37.608076,126.922408
202331100000900046,37.611586,126.940888
202331100000900174,37.612222,126.918084
202331100000900195,37.624295,126.926242
202331100000900324,37.637511,126.9353
202331100000900413,37.620661,126.9348
202331100000900153,37.61531,126.91163
202331100000900590,37.6153227,126.9197452
202331100000900295,37.634985,126.925579
202331100000900508,37.62214,126.917314
202331100000900283,37.636147,126.919128
202331100000900516,37.589908,126.884786
202331100000900070,37.598214,126.919517
202331100000900450,37.596876,126.916719
202331100000900463,37.644673,126.930661
202331100000900311,37.644623,126.917464
202331100000900147,37.620638,126.917164
202331100000900278,37.644054,126.926433
202331100000900365,37.624686,126.923913
202331100000900482,37.59562,126.915618
202331100000900288,37.640314,126.928096
202331100000900578,37.6000591,126.9294129
202331100000900136,37.587494,126.915986
202331100000900483,37.588229,126.919776
202331100000900594,37.6251346,126.918535
202331100000900411,37.622241,126.935083
202331100000900383,37.587311,126.92094
202331100000900035,37.615363,126.919765
202331100000900522,37.594404,126.907348
202331100000900162,37.612067,126.912048
202331100000900166,37.605584,126.926024
202331100000900004,37.632892,126.937549
202331100000900103,37.612448,126.913762
202331100000900013,37.619001,126.920989
202331100000900367,37.634527,126.930137
202331100000900371,37.616872,126.920544
202331100000900008,37.63517,126.936271
202331100000900507,37.627249,126.921884
202331100000900599,37.5953667,126.9173738
202331100000900302,37.628746,126.919092
202331100000900346,37.605382,126.910618
202331100000900471,37.621428,126.913618
202331100000900222,37.584213,126.920951
202331100000900369,37.603713,126.930883
202331100000900075,37.586598,126.922971
202331100000900515,37.594877,126.908537
202331100000900005,37.632416,126.936512
202331100000900063,37.59205,126.91175
202331100000900527,37.62974,126.91626
202331100000900345,37.605033,126.906265
202331100000900304,37.633244,126.930026
202331100000900165,37.605489,126.927221
202331100000900571,37.598916,126.914795
202331100000900595,37.621482,126.9157072
202531200000901369,37.5605,126.9414
202531200000901298,37.57311,126.926
202531200000901094,37.5695,126.9455
202531200000901270,37.5611,126.9556
202531200000901267,37.5765,126.9299
202531200000901365,37.5706,126.9598
202531200000901440,37.5814,126.9135
202531200000900881,37.5857,126.9412
202531200000901348,37.6018,126.9412
202531200000901256,37.5729,126.9188
202531200000900973,37.5915,126.9503
202531200000901295,37.575,126.9091
202531200000901177,37.5613,126.9306
202531200000900837,37.5766,126.9072
202531200000901261,37.5729,126.9129
202531200000900917,37.5919,126.9517
202531200000900914,37.5766,126.9342
202531200000900850,37.5585,126.9416
202531200000900958,37.5811,126.9099
202531200000901165,37.5901,126.933
202531200000901193,37.5951,126.9474
202531200000901105,37.5781,126.9287
202531200000901307,37.574,126.9468
202531200000900754,37.5578,126.9568
202531200000901297,37.57313,126.927
202531200000901321,37.5725,126.9526
202531200000901315,37.5819,126.9399
202531200000900970,37.5755,126.9276
202531200000901201,37.5581,126.9522
202531200000901042,37.5598,126.9366
202531200000901323,37.5701,126.9549
202531200000900890,37.5657,126.9637
202531200000901138,37.5758,126.9205
202531200000901049,37.5573,126.9447
202531200000900993,37.5573,126.9498
202531200000900807,37.5881,126.9431
202531200000900924,37.5918,126.935
202531200000900874,37.5602,126.9643
202531200000901077,37.5717,126.9258
202531200000901092,37.5777,126.9104
202531200000901026,37.5625,126.9289
202531200000901198,37.5796,126.9169
202531200000900939,37.5746,126.9375
202531200000900867,37.5891,126.9441
202531200000901031,37.5936,126.9499
202531200000901437,37.5752,126.9182
202531200000901250,37.5824,126.9281
202531200000900906,37.5789,126.9113
202531200000901103,37.582,126.9122
202531200000901313,37.582,126.9421
202531200000900724,37.5621,126.9618
202531200000901357,37.5774,126.9067
202531200000901327,37.5807,126.9406
202531200000900865,37.5771,126.9062
202531200000901162,37.5903,126.9336
202531200000900758,37.5687,126.9304
202531200000901392,37.5583,126.9429
202531200000901236,37.5729,126.9529
202531200000901246,37.57,126.9164
202531200000901445,37.5939,126.9481
202531200000900785,37.5588,126.9589
202531200000901389,37.5919,126.9444
202531200000901213,37.5792,126.907
202531200000901030,37.589,126.9422
202531200000900816,37.5767,126.9258
202531200000901027,37.5678,126.9206
202531200000901308,37.57,126.9517
202531200000901438,37.581,126.9206
202531200000900778,37.5863,126.9373
202531200000900826,37.5781,126.9149
202531200000901176,37.5909,126.9503
202531200000901398,37.5579,126.937
202531200000901054,37.5786,126.9352
202531200000901023,37.5731,126.9379
202531200000900829,37.5832,126.9153
202531200000901158,37.5826,126.9194
202531200000900728,37.565,126.9525
202531200000900969,37.5782,126.9138
202531200000901279,37.5837,126.9305
202531200000900901,37.5661,126.9316
202531200000901108,37.5797,126.9255
202531200000901390,37.5768,126.9108
202531200000900905,37.5743,126.9231
202531200000900730,37.5774,126.9139
202531200000900900,37.5563,126.9386
202531200000900944,37.5922,126.934
202531200000901263,37.5948,126.9474
202531200000900949,37.5824,126.9147
202531200000900832,37.5681,126.9608
202531200000901170,37.5749,126.9135
202531200000900869,37.5836,126.9125
202531200000901301,37.56967,126.922
202531200000900918,37.5982,126.949
202531200000901352,37.5898,126.9329
202531200000900772,37.5868,126.943
202531200000901344,37.5783,126.9537
202531200000901034,37.5773,126.925
202531200000901010,37.5594,126.9424
202531200000901066,37.5665,126.9645
202531200000900971,37.5616,126.9606
202531200000901006,37.5848,126.9235
202531200000901089,37.575,126.9385
202531200000901394,37.5751,126.916
202531200000900808,37.5997,126.9506
202531200000901102,37.5822,126.9099
202531200000901147,37.5579,126.9402
202531200000900841,37.5767,126.9228
202531200000901085,37.5723,126.9145
202531200000900812,37.5749,126.9277
202531200000901411,37.5699,126.9331
202531200000900925,37.5926,126.9346
202531200000901305,37.5747,126.9435
202531200000900737,37.5619,126.9306
202531200000901113,37.5779,126.9281
202531200000900802,37.5861,126.9433
202531200000900786,37.5584,126.9581
202531200000901124,37.5569,126.9354
202531200000901114,37.5774,126.928
202531200000901393,37.5753,126.9157
202531200000900892,37.5587,126.9379
202531200000901150,37.5669,126.9576
202531200000900912,37.5972,126.9451
202531200000900953,37.5796,126.9317
202531200000901192,37.5868,126.9399
202531200000901276,37.5994,126.952
202531200000900941,37.5926,126.9458
202531200000900818,37.582,126.9251
202531200000901200,37.5588,126.9553
202531200000900815,37.5899,126.9353
202531200000901048,37.5655,126.9453
202531200000901300,37.59604,126.934
202531200000901190,37.5689,126.9304
202531200000901432,37.5927,126.9435
202531200000901345,37.5967,126.9529
202531200000901215,37.58,126.9194
202531200000901119,37.577,126.9274
202531200000900954,37.5701,126.9136
202531200000901382,37.579,126.9521
202531200000901011,37.5593,126.942
202531200000901018,37.578,126.932
202531200000900773,37.5942,126.9495
202531200000901299,37.57298,126.926
202531200000901254,37.5747,126.9129
202531200000901415,37.5574,126.9487
202531200000901435,37.5906,126.9477
202531200000901249,37.5893,126.946
202531200000901403,37.5588,126.9472
202531200000901257,37.5727,126.9196
202531200000901146,37.596,126.9348
202531200000901084,37.5913,126.9463
202531200000901228,37.5853,126.9389
202531200000901367,37.5588,126.9465
202531200000901075,37.589,126.9365
202531200000900894,37.5702,126.923
202531200000901063,37.5797,126.9274
202531200000900995,37.5772,126.9534
202531200000901161,37.5853,126.9132
202531200000901101,37.5807,126.9097
202531200000900840,37.5876,126.9373
202531200000900982,37.5685,126.9476
202531200000900931,37.5583,126.9421
202531200000901172,37.5755,126.9409
202531200000900951,37.584,126.9376
202531200000901050,37.5653,126.9309
202531200000901387,37.5906,126.9407
202531200000900988,37.5857,126.9272
202531200000901258,37.5827,126.9193
202531200000901383,37.5838,126.9222
202531200000901262,37.5728,126.9126
202531200000901336,37.58063,126.938
202531200000900782,37.567,126.9594
202531200000900922,37.585,126.9267
202531200000900935,37.5713,126.9165
202531200000901290,37.5946,126.9426
202531200000900991,37.5809,126.9178
202531200000901000,37.603,126.9475
202531200000900775,37.5586,126.9403
202531200000900972,37.5863,126.9403
202531200000901340,37.58188,126.942
202531200000900734,37.5592,126.9291
202531200000901052,37.59,126.9415
202531200000901160,37.571,126.9335
202531200000900849,37.5807,126.9287
202531200000901055,37.5948,126.9498
202531200000900740,37.5831,126.9437
202531200000901385,37.5905,126.9442
202531200000901274,37.5879,126.9321
202531200000901406,37.5894,126.9455
202531200000901189,37.5604,126.9512
202531200000900864,37.585,126.9348
202531200000901361,37.5836,126.9292
202531200000901053,37.5592,126.9571
202531200000901078,37.5939,126.9344
202531200000901302,37.58841,126.953
202531200000901046,37.5729,126.9269
202531200000901014,37.5829,126.9228
202531200000900757,37.5597,126.9276
202531200000901169,37.5749,126.9129
202531200000900797,37.5671,126.9242
202531200000901203,37.5587,126.9481
202531200000901166,37.5747,126.9097
202531200000901358,37.5795,126.9526
202531200000901039,37.5756,126.9312
202531200000900910,37.5781,126.9231
202531200000901045,37.5819,126.9274
202531200000900893,37.5652,126.9326
202531200000901179,37.576,126.9326
202531200000900984,37.5994,126.9505
202531200000901268,37.5767,126.9304
202531200000901227,37.5947,126.9428
202531200000901303,37.5814,126.9411
202531200000901056,37.5696,126.9145
202531200000900897,37.5813,126.9213
202531200000900915,37.567,126.9252
202531200000900805,37.5936,126.9469
202531200000900727,37.564,126.9581
202531200000901380,37.5647,126.9631
202531200000900809,37.5969,126.9509
202531200000901407,37.5853,126.9497
202531200000900937,37.5627,126.9546
202531200000900962,37.5804,126.9344
202531200000900880,37.5763,126.9315
202531200000900798,37.5604,126.9619
202531200000901422,37.5975,126.95
202531200000901342,37.5826,126.942
202531200000901259,37.5853,126.9134
202531200000900844,37.5841,126.911
202531200000901402,37.5581,126.9334
202531200000901074,37.5725,126.9084
202531200000900813,37.595,126.9425
202531200000901012,37.5669,126.9291
202531200000901337,37.58057,126.938
202531200000900846,37.581,126.9168
202531200000900983,37.5659,126.9466
202531200000901304,37.5763,126.941
202531200000900876,37.5576,126.9392
202531200000901230,37.5894,126.9537
202531200000901088,37.5745,126.9356
202531200000900959,37.5666,126.946
202531200000901186,37.5719,126.914
202531200000900845,37.5823,126.909
202531200000900780,37.5629,126.9603
202531200000901355,37.5679,126.9631
202531200000901306,37.5739,126.944
202531200000901163,37.5899,126.9335
202531200000901410,37.5588,126.9531
202531200000900996,37.5921,126.9332
202531200000900873,37.5842,126.9131
202531200000901224,37.5773,126.9172
202531200000900967,37.5958,126.9548
202531200000900942,37.6052,126.9497
202531200000901354,37.5686,126.9637
202531200000900763,37.5805,126.9142
202531200000900814,37.5939,126.9332
202531200000901280,37.583,126.9307
202531200000900806,37.59,126.9446
202531200000900848,37.5835,126.9352
202531200000901318,37.5707,126.9431
202531200000901133,37.56,126.9507
202531200000901051,37.5748,126.9371
202531200000901404,37.5838,126.9231
202531200000901208,37.563,126.93
202531200000901243,37.5721,126.959
202531200000900945,37.5694,126.9167
202531200000901329,37.5761,126.9422
202531200000901196,37.5881,126.9319
202531200000901069,37.5881,126.9446
202531200000900770,37.5671,126.9302
202531200000900774,37.5954,126.9339
202531200000901375,37.5923,126.9437
202531200000901255,37.573,126.9194
202531200000900823,37.5815,126.9226
202531200000901164,37.5897,126.9333
202531200000901175,37.5908,126.9539
202531200000900882,37.5874,126.9444
202531200000900926,37.5935,126.9344
202531200000901420,37.5732,126.9202
202531200000901374,37.5789,126.9082
202531200000900963,37.5836,126.9258
202531200000901125,37.5569,126.9354
202531200000901076,37.5784,126.9308
202531200000900929,37.58,126.913
202531200000901097,37.5799,126.9105
202531200000901379,37.5625,126.9659
202531200000901137,37.5971,126.9477
202531200000900977,37.5828,126.9495
202531200000901427,37.5822,126.9315
202531200000900789,37.5566,126.9343
202531200000901428,37.5823,126.9239
202531200000901430,37.5635,126.9519
202531200000900831,37.5687,126.9334
202531200000901058,37.5683,126.9489
202531200000900961,37.5687,126.9607
202531200000900898,37.5787,126.9132
202531200000900781,37.5628,126.9625
202531200000900911,37.5771,126.9151
202531200000901095,37.579,126.9099
202531200000900927,37.577,126.9215
202531200000900853,37.5911,126.9452
202531200000901265,37.6015,126.9503
202531200000901093,37.5613,126.9584
202531200000900851,37.5842,126.9393
202531200000900735,37.5759,126.9342
202531200000900799,37.5703,126.9298
202531200000900771,37.5779,126.935
202531200000901142,37.5804,126.9386
202531200000901207,37.576,126.9344
202531200000901041,37.577,126.9117
202531200000901210,37.601,126.9441
202531200000900878,37.56,126.9326
202531200000900830,37.5791,126.9141
202531200000900835,37.5813,126.9343
202531200000900863,37.5826,126.9269
202531200000901029,37.5677,126.9351
202531200000901168,37.5675,126.9516
202531200000900868,37.5831,126.9124
202531200000901143,37.5806,126.9395
202531200000901429,37.5763,126.9207
202531200000901247,37.5796,126.9508
202531200000900946,37.5753,126.9237
202531200000900825,37.5848,126.9117
202531200000901127,37.5823,126.9241
202531200000901293,37.578,126.9178
202531200000901289,37.5943,126.9425
202531200000901064,37.5714,126.9608
202531200000900884,37.5999,126.9455
202531200000901330,37.5796,126.9378
202531200000900836,37.5697,126.9245
202531200000901436,37.5692,126.963
202531200000900760,37.5764,126.9055
202531200000901212,37.5736,126.9302
202531200000901025,37.5658,126.9267
202531200000900788,37.5676,126.9462
202531200000900783,37.5662,126.9536
202531200000901059,37.5716,126.9354
202531200000901372,37.5838,126.9278
202531200000900800,37.5959,126.9474
202531200000900955,37.578,126.9219
202531200000901005,37.5813,126.9192
202531200000901197,37.586,126.9525
202531200000900889,37.5661,126.964
202531200000900744,37.5621,126.9595
202531200000900854,37.5866,126.9455
202531200000900804,37.5777,126.9097
202531200000900739,37.5682,126.919
202531200000900753,37.5803,126.9086
202531200000901047,37.5657,126.9516
202531200000901233,37.5709,126.9419
202531200000900794,37.5709,126.9361
202531200000901442,37.5805,126.9512
202531200000901115,37.5841,126.9385
202531200000900768,37.5576,126.9313
202531200000900725,37.5604,126.957
202531200000900975,37.5805,126.9163
202531200000901240,37.5729,126.9585
202531200000900899,37.5595,126.9444
202531200000901433,37.578,126.9394
202531200000901396,37.5736,126.9163
202531200000901123,37.5785,126.9155
202531200000901286,37.5941,126.9435
202531200000900764,37.565,126.9543
202531200000900796,37.5613,126.9281
202531200000900822,37.5787,126.9193
202531200000901184,37.5741,126.9185
202531200000901343,37.5771,126.9467
202531200000901180,37.5713,126.928
202531200000900738,37.5672,126.9215
202531200000901100,37.5812,126.9088
202531200000901185,37.5708,126.9165
202531200000901001,37.5745,126.9224
202531200000901043,37.5933,126.95
202531200000900907,37.5757,126.9065
202531200000901237,37.5732,126.9578
202531200000901144,37.5964,126.9341
202531200000901136,37.5781,126.9398
202531200000901109,37.5794,126.9267
202531200000901153,37.603,126.9469
202531200000901016,37.5897,126.9393
202531200000901086,37.5694,126.9445
202531200000900852,37.5854,126.9485
202531200000901021,37.558,126.9466
202531200000901003,37.5775,126.9148
202531200000900980,37.5663,126.9523
202531200000901425,37.5943,126.9459
202531200000900976,37.5856,126.9369
202531200000901339,37.58143,126.939
202531200000900857,37.582,126.9224
202531200000901057,37.5688,126.9162
202531200000901091,37.5756,126.9072
202531200000901272,37.5608,126.9557
202531200000901409,37.5654,126.9643
202531200000900875,37.5679,126.9607
202531200000901351,37.5965,126.9338
202531200000901424,37.5935,126.9446
202531200000900948,37.5791,126.9059
202531200000901151,37.6038,126.9471
202531200000900999,37.5952,126.9416
202531200000901400,37.557,126.9345
202531200000900987,37.5849,126.9285
202531200000900856,37.5697,126.916
202531200000901401,37.5576,126.9348
202531200000901202,37.5584,126.9517
202531200000900908,37.5755,126.9288
202531200000901022,37.5766,126.9296
202531200000901082,37.5572,126.9423
202531200000901244,37.5728,126.9556
202531200000901285,37.5943,126.9434
202531200000901129,37.5938,126.9524
202531200000900828,37.5798,126.9138
202531200000901334,37.58068,126.939
202531200000901333,37.58033,126.939
202531200000901110,37.5787,126.9257
202531200000901149,37.5727,126.9526
202531200000901155,37.5772,126.9486
202531200000901238,37.5732,126.9581
202531200000901181,37.5912,126.9454
202531200000900733,37.5604,126.9273
202531200000900943,37.6021,126.9498
202531200000901376,37.5643,126.9446
202531200000901083,37.5789,126.9232
202531200000901281,37.5964,126.9337
202531200000901248,37.5853,126.9242
202531200000901017,37.575,126.9266
202531200000900960,37.5721,126.929
202531200000900742,37.5851,126.9364
202531200000901291,37.5941,126.9431
202531200000901325,37.5824,126.9417
202531200000901028,37.5673,126.9339
202531200000901036,37.591,126.9414
202531200000900821,37.5807,126.918
202531200000901199,37.5949,126.9466
202531200000901061,37.5635,126.9309
202531200000901444,37.5569,126.9409
202531200000901283,37.5948,126.9431
202531200000900895,37.5866,126.9411
202531200000900979,37.5637,126.9437
202531200000901020,37.5606,126.9289
202531200000901338,37.58065,126.937
202531200000900750,37.5828,126.9222
202531200000901405,37.5803,126.9193
202531200000901008,37.5673,126.9231
202531200000901362,37.5841,126.9287
202531200000901384,37.5773,126.9132
202531200000901206,37.5576,126.956
202531200000901225,37.5574,126.9457
202531200000900862,37.5828,126.9285
202531200000900746,37.599,126.9492
202531200000901104,37.583,126.9106
202531200000901070,37.5861,126.9467
202531200000900839,37.5951,126.9492
202531200000901040,37.5776,126.911
202531200000900909,37.5804,126.9071
202531200000901218,37.5843,126.9439
202531200000900985,37.5779,126.9377
202531200000900957,37.5809,126.9201
202531200000900762,37.5852,126.9138
202531200000900736,37.5648,126.9304
202531200000900968,37.6033,126.9503
202531200000901417,37.5709,126.9344
202531200000901264,37.595,126.9473
202531200000901183,37.585,126.9396
202531200000901314,37.5826,126.9416
202531200000900952,37.5879,126.9365
202531200000901378,37.5902,126.9437
202531200000900842,37.5575,126.9435
202531200000900810,37.5964,126.9509
202531200000900741,37.5892,126.9426
202531200000900986,37.5684,126.9283
202531200000901032,37.5794,126.9239
202531200000901260,37.5824,126.9103
202531200000901294,37.5778,126.9177
202531200000901350,37.5969,126.9347
202531200000901309,37.5697,126.9538
202531200000901204,37.5586,126.9554
202531200000901134,37.5741,126.9372
202531200000900981,37.5573,126.9401
202531200000901421,37.5826,126.9306
202531200000900896,37.5933,126.9487
202531200000901191,37.5829,126.9422
202531200000901038,37.5868,126.9307
202531200000900928,37.5792,126.915
202531200000901418,37.5827,126.9497
202531200000900902,37.5937,126.9516
202531200000900930,37.586,126.9149
202531200000900791,37.5592,126.9324
202531200000900824,37.576,126.9227
202531200000901310,37.5771,126.9505
202531200000901426,37.5602,126.9507
202531200000901221,37.5789,126.9177
202531200000900860,37.5573,126.9462
202531200000900752,37.5783,126.9142
202531200000901399,37.5624,126.9669
202531200000900904,37.5764,126.9241
202531200000901241,37.5728,126.9572
202531200000901128,37.5782,126.9252
202531200000900990,37.5771,126.9052
202531200000901087,37.5964,126.9546
202531200000901271,37.561,126.9554
202531200000900749,37.5781,126.9248
202531200000901366,37.5692,126.9631
202531200000900886,37.5781,126.9066
202531200000900731,37.569,126.9453
202531200000901312,37.5799,126.9471
202531200000901217,37.5767,126.9299
202531200000901194,37.6016,126.9504
202531200000900877,37.5593,126.9382
202531200000901071,37.571,126.9117
202531200000901072,37.5656,126.9283
202531200000900992,37.5741,126.9105
202531200000901015,37.5636,126.962
202531200000900870,37.584,126.9118
202531200000901416,37.561,126.9419
202531200000900871,37.5854,126.9133
202531200000901098,37.5796,126.9088
202531200000901335,37.58056,126.938
202531200000900933,37.5683,126.9327
202531200000901211,37.5941,126.942
202531200000900966,37.6012,126.9491
202531200000900784,37.5633,126.9576
202531200000901145,37.5964,126.9345
202531200000901446,37.577,126.9038
202531200000901080,37.5799,126.9124
202531200000900887,37.5627,126.9292
202531200000901439,37.596,126.9464
202531200000901266,37.6015,126.9503
202531200000901024,37.5659,126.9244
202531200000901073,37.5813,126.9267
202531200000901231,37.5833,126.9303
202531200000901373,37.584,126.9264
202531200000900827,37.5816,126.9156
202531200000900994,37.5629,126.9307
202531200000900872,37.5846,126.914
202531200000901044,37.5656,126.9556
202531200000901434,37.5878,126.9467
202531200000901414,37.5783,126.9088
202531200000900766,37.558,126.94
202531200000901079,37.5826,126.9359
202531200000901141,37.5795,126.9382
202531200000901284,37.5951,126.9433
202531200000900819,37.581,126.9227
202531200000901019,37.5653,126.9581
202531200000900769,37.5715,126.928
202531200000900817,37.5857,126.926
202531200000901132,37.5711,126.9254
202531200000901443,37.5865,126.9347
202531200000900811,37.6013,126.9485
202531200000900998,37.5793,126.9273
202531200000900787,37.5799,126.9075
202531200000901346,37.604,126.951
202531200000900936,37.5866,126.914
202531200000901112,37.5784,126.9268
202531200000901226,37.5964,126.9461
202531200000901377,37.5781,126.9239
202531200000900947,37.5819,126.91
202531200000900888,37.562,126.9584
202531200000900767,37.5569,126.9382
202531200000900855,37.559,126.9513
202531200000901222,37.5868,126.9545
202531200000901009,37.5671,126.9601
202531200000901135,37.5721,126.9233
202531200000900932,37.5593,126.9439
202531200000901239,37.573,126.9578
202531200000901431,37.5616,126.9529
202531200000901386,37.594,126.946
202531200000901140,37.5699,126.9234
202531200000900913,37.5795,126.9342
202531200000901068,37.5687,126.9155
202531200000901319,37.5706,126.9421
202531200000901188,37.561,126.9557
202531200000901364,37.5844,126.9436
202531200000901178,37.5677,126.9214
202531200000900745,37.5999,126.9488
202531200000901292,37.5782,126.918
202531200000900779,37.5867,126.9473
202531200000901408,37.5865,126.9514
202531200000901278,37.5865,126.9518
202531200000900792,37.5603,126.9282
202531200000901368,37.5617,126.9429
202531200000900726,37.5643,126.959
202531200000901441,37.5667,126.9279
202531200000901311,37.5802,126.9486
202531200000901360,37.5786,126.9185
202531200000900956,37.5754,126.9197
202531200000901081,37.5814,126.9237
202531200000901159,37.5829,126.9445
202531200000900916,37.585,126.9501
202531200000900847,37.569,126.9285
202531200000901324,37.5703,126.9572
202531200000900950,37.5768,126.9336
202531200000900843,37.5778,126.9052
202531200000901090,37.5956,126.9486
202531200000901395,37.5738,126.9163
202531200000901269,37.5693,126.9455
202531200000901099,37.5794,126.9083
202531200000901060,37.5696,126.9296
202531200000900756,37.5587,126.9445
202531200000901106,37.5789,126.9284
202531200000901320,37.5723,126.9407
202531200000900859,37.5602,126.9597
202531200000901157,37.6006,126.9454
202531200000901220,37.5962,126.9554
202531200000901322,37.5717,126.9526
202531200000900903,37.5931,126.9331
202531200000900833,37.5681,126.934
202531200000901130,37.5938,126.9524
202531200000901229,37.5728,126.9126
202531200000901117,37.5783,126.9297
202531200000901152,37.6031,126.9463
202531200000900761,37.5822,126.9168
202531200000901116,37.5835,126.9376
202531200000900793,37.5658,126.9336
202531200000901370,37.5697,126.9334
202531200000901013,37.5637,126.9567
202531200000901363,37.5966,126.9493
202531200000900790,37.5611,126.9318
202531200000900978,37.5734,126.9242
202531200000901296,37.5688,126.9304
202531200000901252,37.575,126.9134
202531200000901253,37.575,126.9137
202531200000901317,37.5706,126.9438
202531200000900885,37.5796,126.9297
202531200000901126,37.5779,126.9291
202531200000901223,37.5854,126.9386
202531200000901195,37.5878,126.9303
202531200000901182,37.5823,126.9104
202531200000901067,37.5669,126.964
202531200000900777,37.5694,126.9261
202531200000900801,37.5829,126.9373
202531200000900879,37.5822,126.9393
202531200000901167,37.5695,126.9455
202531200000900919,37.6016,126.9497
202531200000901148,37.5579,126.9405
202531200000900748,37.5983,126.9459
202531200000901121,37.5748,126.9241
202531200000901331,37.58,126.9407
202531200000901187,37.5618,126.9548
202531200000900940,37.5863,126.9355
202531200000900803,37.5845,126.9381
202531200000901173,37.5729,126.9273
202531200000901371,37.5694,126.9346
202531200000900883,37.5978,126.9474
202531200000901232,37.5833,126.9301
202531200000900765,37.5612,126.9594
202531200000900965,37.591,126.9527
202531200000900964,37.5786,126.9502
202531200000900921,37.599,126.9463
202531200000901139,37.5802,126.9083
202531200000901214,37.5583,126.9402
202531200000901205,37.5576,126.952
202531200000901174,37.6058,126.9499
202531200000901219,37.5768,126.9343
202531200000901316,37.5813,126.9387
202531200000901413,37.5811,126.932
202531200000901391,37.581,126.936
202531200000901326,37.582,126.9411
202531200000901062,37.5798,126.95
202531200000901111,37.5774,126.9271
202531200000901251,37.575,126.9142
202531200000900974,37.5886,126.943
202531200000901356,37.5774,126.9084
202531200000901065,37.5714,126.9608
202531200000900759,37.5866,126.9339
202531200000901118,37.5783,126.9277
202531200000901388,37.5916,126.9435
202531200000901007,37.5796,126.91
202531200000900795,37.5723,126.9307
202531200000900858,37.5702,126.9169
202531200000900743,37.5775,126.9128
202531200000900755,37.5659,126.9585
202531200000900938,37.563,126.9316
202531200000901282,37.6026,126.9465
202531200000901423,37.5795,126.917
202531200000900834,37.5966,126.9387
202531200000901347,37.6032,126.9434
202531200000901332,37.5709,126.9449
202531200000901156,37.5855,126.9422
202531200000901037,37.5661,126.9256
202531200000900747,37.5659,126.9545
202531200000901412,37.5859,126.944
202531200000901234,37.581,126.9538
202531200000900751,37.5816,126.9206
202531200000901209,37.5945,126.9487
202531200000901035,37.5808,126.9118
202531200000900820,37.578,126.9254
202531200000900989,37.5816,126.9237
202531200000900923,37.5854,126.925
202531200000901353,37.5834,126.9303
202531200000901275,37.6024,126.9468
202531200000901397,37.5555,126.9373
202531200000900997,37.5815,126.9118
202531200000901004,37.5702,126.9266
202531200000900732,37.5599,126.9319
202531200000900920,37.5998,126.9462
202531200000901033,37.5757,126.9249
202531200000901277,37.5886,126.9527
202531200000900776,37.5831,126.9384
202531200000901287,37.5938,126.9431
202531200000901273,37.5959,126.935
202531200000901349,37.5949,126.9426
202531200000901154,37.5823,126.9365
202531200000900861,37.5778,126.9335
202531200000901288,37.594,126.9425
202531200000901359,37.5797,126.9509
202531200000901381,37.5572,126.9328
202531200000901120,37.5788,126.925
202531200000901131,37.5801,126.9269
202531200000900934,37.5971,126.9491
202531200000901096,37.5807,126.9112
202531200000901328,37.5791,126.9398
202531200000901341,37.58224,126.942
202531200000901107,37.5804,126.9266
202531200000901122,37.5794,126.9074
202531200000901171,37.5712,126.9538
202531200000901002,37.5792,126.9326
202531200000901242,37.5728,126.9583
202531200000901245,37.5746,126.9569
202531200000900729,37.5593,126.958
202531200000900838,37.5829,126.9178
202531200000901235,37.6013,126.9415
202531200000901419,37.5742,126.919
202531200000900866,37.582,126.9187
202531200000900891,37.5655,126.9601
202531200000901216,37.5796,126.9377
202531300000900394,37.5439,126.9365
202531300000900396,37.5499,126.9482
202531300000900413,37.5413,126.9527
202531300000900415,37.5447,126.9444
202531300000900417,37.5398,126.9426
202531300000900419,37.5547,126.9428
202531300000900411,37.5374,126.9468
202531300000900512,37.5679,126.9125
202531300000900514,37.5692,126.9067
202531300000900516,37.5779,126.8966
202531300000900518,37.5814,126.8846
202531300000900510,37.5596,126.9113
202531300000900730,37.5432,126.9571
202531300000900732,37.5569,126.9552
202531300000900734,37.5389,126.9494
202531300000900736,37.5417,126.9409
202531300000900738,37.5528,126.9378
202531300000900821,37.5726,126.9059
202531300000900823,37.5735,126.9044
202531300000900825,37.5741,126.9031
202531300000900827,37.5566,126.9516
202531300000900829,37.5562,126.9545
202531300000900711,37.5546,126.8998
202531300000900713,37.5623,126.9041
202531300000900715,37.5611,126.925
202531300000900717,37.5624,126.9218
202531300000900719,37.563,126.9071
202531300000900283,37.5803,126.8833
202531300000900285,37.5514,126.9135
202531300000900287,37.5508,126.9143
202531300000900289,37.5853,126.8842
202531300000900842,37.5612,126.9089
202531300000900844,37.5746,126.894
202531300000900846,37.5544,126.9609
202531300000900840,37.562,126.9037
202531300000900848,37.5478,126.9598
202531300000900281,37.5695,126.9002
202531300000900021,37.5514,126.9095
202531300000900023,37.556,126.9033
202531300000900027,37.5593,126.9104
202531300000900029,37.5651,126.9161
202531300000901151,37.5854,126.8841
202531300000901153,37.5777,126.8879
202531300000901155,37.5814,126.8809
202531300000901157,37.5874,126.88
202531300000901159,37.5854,126.8792
202531300000900025,37.5601,126.9009
202531300000901141,37.5663,126.9049
202531300000901143,37.5523,126.9286
202531300000901149,37.5508,126.9285
202531300000901145,37.5526,126.9292
202531300000901147,37.5518,126.9308
202531300000900756,37.5506,126.9571
202531300000900758,37.5549,126.9581
202531300000900495,37.5469,126.9149
202531300000900481,37.5498,126.9442
202531300000900483,37.5489,126.9345
202531300000900485,37.5488,126.924
202531300000900497,37.5545,126.9074
202531300000900499,37.5521,126.9018
202531300000900491,37.5538,126.9263
202531300000900493,37.549,126.907
202531300000900690,37.5516,126.9444
202531300000900692,37.5558,126.9411
202531300000900694,37.5474,126.9459
202531300000900696,37.5494,126.9351
202531300000900698,37.5444,126.9322
202531300000900972,37.5598,126.9027
202531300000900974,37.5767,126.8965
202531300000900976,37.5572,126.9599
202531300000900970,37.5567,126.9174
202531300000900978,37.551,126.9106
202531300000901030,37.5527,126.9146
202531300000901032,37.5557,126.9199
202531300000901034,37.5475,126.9133
202531300000901036,37.5496,126.9052
202531300000901038,37.5498,126.9097
202531300000900489,37.5528,126.9125
202531300000900487,37.5554,126.929
202531300000900856,37.5498,126.9448
202531300000900858,37.5525,126.9489
202531300000900850,37.5449,126.949
202531300000900852,37.5411,126.942
202531300000900854,37.5482,126.9431
202531300000900310,37.5632,126.9235
202531300000900312,37.5647,126.9223
202531300000900314,37.5827,126.8802
202531300000900316,37.5358,126.9436
202531300000900318,37.5595,126.9187
202531300000900160,37.5403,126.945
202531300000900162,37.5487,126.9355
202531300000900164,37.5448,126.9371
202531300000900166,37.5504,126.9631
202531300000900168,37.5546,126.9555
202531300000901191,37.5468,126.947
202531300000901193,37.5483,126.9386
202531300000901195,37.5468,126.9234
202531300000901197,37.5469,126.9285
202531300000901199,37.5495,126.9188
202531300000901261,37.5513,126.9221
202531300000901263,37.5569,126.9041
202531300000901265,37.5682,126.9079
202531300000901267,37.5483,126.9131
202531300000900590,37.5492,126.9484
202531300000900598,37.5476,126.9453
202531300000900592,37.5422,126.9342
202531300000900594,37.5457,126.9351
202531300000900596,37.549,126.9375
202531300000900121,37.5644,126.9115
202531300000900123,37.5804,126.8813
202531300000900125,37.5517,126.9618
202531300000900127,37.5567,126.9519
202531300000900129,37.5493,126.9395
202531300000900398,37.5493,126.9559
202531300000900390,37.559,126.9003
202531300000900392,37.562,126.9162
202531300000900412,37.5408,126.9522
202531300000900301,37.5573,126.9622
202531300000900303,37.564,126.925
202531300000900305,37.5634,126.922
202531300000900307,37.5653,126.9202
202531300000900309,37.5627,126.9223
202531300000901181,37.5716,126.8917
202531300000901183,37.5726,126.8977
202531300000901185,37.5492,126.9613
202531300000901187,37.5381,126.9488
202531300000901189,37.5432,126.9438
202531300000900457,37.5519,126.9547
202531300000900459,37.54,126.9488
202531300000900451,37.5728,126.9036
202531300000900453,37.5742,126.8949
202531300000900455,37.5527,126.9599
202531300000900681,37.5407,126.9526
202531300000900683,37.5409,126.9545
202531300000900685,37.5421,126.9428
202531300000900687,37.5439,126.9391
202531300000900689,37.5519,126.936
202531300000900304,37.5635,126.9256
202531300000900306,37.5651,126.9211
202531300000900308,37.5624,126.9242
202531300000900471,37.5488,126.9599
202531300000900473,37.5487,126.9624
202531300000900475,37.5569,126.9558
202531300000900477,37.5382,126.9477
202531300000900300,37.5487,126.926
202531300000900302,37.5648,126.9259
202531300000900795,37.552,126.9052
202531300000900797,37.5511,126.9049
202531300000900799,37.5436,126.9142
202531300000900479,37.5524,126.9449
202531300000900370,37.5614,126.9071
202531300000900372,37.5853,126.8797
202531300000900374,37.5789,126.8827
202531300000900376,37.5589,126.8983
202531300000900378,37.5493,126.9283
202531300000900550,37.5667,126.8995
202531300000900552,37.5623,126.9108
202531300000900554,37.5645,126.9223
202531300000900556,37.5487,126.9283
202531300000900558,37.5517,126.9122
202531300000900791,37.5547,126.9259
202531300000900793,37.5569,126.9204
202531300000901230,37.5729,126.8927
202531300000901232,37.5726,126.895
202531300000901234,37.5728,126.8965
202531300000901236,37.5449,126.9151
202531300000901238,37.5452,126.9156
202531300000900920,37.5473,126.9577
202531300000900922,37.5389,126.9484
202531300000900924,37.5387,126.9413
202531300000900926,37.5549,126.943
202531300000900928,37.5477,126.9461
202531300000900365,37.5499,126.9194
202531300000900361,37.5498,126.9375
202531300000900363,37.5468,126.9197
202531300000900367,37.5533,126.9012
202531300000900369,37.5661,126.9218
202531300000900750,37.558,126.909
202531300000900752,37.5876,126.8797
202531300000900754,37.5525,126.9452
202531300000900101,37.5528,126.9285
202531300000900103,37.5485,126.9247
202531300000900105,37.5535,126.9294
202531300000900107,37.5541,126.9141
202531300000900109,37.5561,126.9303
202531300000900331,37.5503,126.9578
202531300000900333,37.5499,126.9588
202531300000900335,37.5553,126.9617
202531300000900337,37.5495,126.9597
202531300000900339,37.5547,126.957
202531300000900640,37.561,126.9079
202531300000900642,37.5731,126.9028
202531300000900973,37.5683,126.906
202531300000900975,37.5645,126.915
202531300000900977,37.5601,126.9237
202531300000900971,37.554,126.9031
202531300000900979,37.5393,126.9487
202531300000900644,37.5668,126.9128
202531300000900646,37.5634,126.9029
202531300000900648,37.5706,126.8963
202531300000900581,37.5405,126.9427
202531300000900583,37.5473,126.9419
202531300000900585,37.547,126.9427
202531300000900587,37.554,126.9442
202531300000900589,37.5459,126.9454
202531300000900351,37.5475,126.9438
202531300000900357,37.549,126.9454
202531300000900359,37.5435,126.9378
202531300000900353,37.5484,126.946
202531300000900355,37.5494,126.9452
202531300000900280,37.5667,126.9189
202531300000900282,37.5886,126.8806
202531300000900284,37.577,126.8956
202531300000900286,37.5512,126.9137
202531300000900288,37.5848,126.8833
202531300000900624,37.5559,126.8988
202531300000900626,37.5568,126.9
202531300000900628,37.5592,126.8963
202531300000900620,37.5557,126.91
202531300000900622,37.5523,126.9057
202531300000900181,37.5562,126.9122
202531300000900183,37.5547,126.9234
202531300000900185,37.5583,126.9054
202531300000900187,37.5596,126.9044
202531300000900189,37.5599,126.9172
202531300000901019,37.5561,126.9478
202531300000901011,37.5388,126.9467
202531300000901013,37.54,126.9528
202531300000901015,37.5487,126.9432
202531300000901017,37.5464,126.9408
202531300000901112,37.556,126.9157
202531300000901114,37.5576,126.9162
202531300000901110,37.5688,126.913
202531300000901116,37.5564,126.9508
202531300000901118,37.5565,126.9519
202531300000900998,37.5753,126.8982
202531300000900992,37.5538,126.9295
202531300000900994,37.5532,126.9284
202531300000900996,37.5741,126.8936
202531300000900990,37.5541,126.933
202531300000900414,37.5415,126.9529
202531300000900416,37.5442,126.9409
202531300000900418,37.5479,126.9464
202531300000900410,37.5561,126.9536
202531300000900406,37.5513,126.9567
202531300000900434,37.5537,126.9324
202531300000900436,37.5546,126.9126
202531300000900438,37.5553,126.9285
202531300000900042,37.5529,126.9274
202531300000900044,37.5484,126.9377
202531300000900046,37.5625,126.9258
202531300000900048,37.5653,126.9235
202531300000900040,37.5556,126.9472
202531300000900131,37.5391,126.9478
202531300000900133,37.5383,126.9463
202531300000900135,37.547,126.9208
202531300000900137,37.5439,126.934
202531300000900139,37.5547,126.9322
202531300000901162,37.5835,126.8779
202531300000901164,37.555,126.9582
202531300000901166,37.562,126.9126
202531300000901160,37.5855,126.8789
202531300000901168,37.5623,126.9116
202531300000900921,37.5567,126.9604
202531300000900923,37.5379,126.947
202531300000900925,37.5398,126.9404
202531300000900927,37.5547,126.9441
202531300000900929,37.55,126.9488
202531300000900980,37.5453,126.9199
202531300000900982,37.5496,126.9465
202531300000900984,37.5484,126.9545
202531300000900986,37.544,126.933
202531300000900988,37.5531,126.9358
202531300000900421,37.5543,126.9376
202531300000900423,37.5525,126.9362
202531300000900427,37.5565,126.9468
202531300000900429,37.5449,126.9384
202531300000900425,37.5563,126.9464
202531300000900070,37.5456,126.9207
202531300000900072,37.5481,126.922
202531300000900074,37.5653,126.9177
202531300000900076,37.5544,126.9183
202531300000900078,37.5496,126.9218
202531300000900630,37.5651,126.9244
202531300000900632,37.5612,126.9217
202531300000900634,37.5593,126.9199
202531300000900636,37.5585,126.9115
202531300000900638,37.5596,126.9076
202531300000901221,37.5758,126.8854
202531300000901223,37.577,126.8861
202531300000901225,37.5623,126.9137
202531300000901227,37.5692,126.8932
202531300000900951,37.5759,126.896
202531300000900953,37.5611,126.9151
202531300000900955,37.5541,126.946
202531300000900959,37.5789,126.8845
202531300000900957,37.5526,126.9494
202531300000900880,37.5529,126.9064
202531300000900882,37.5551,126.9021
202531300000900884,37.5587,126.9013
202531300000900886,37.5636,126.9176
202531300000900888,37.5646,126.9242
202531300000900580,37.5435,126.946
202531300000900582,37.5465,126.9435
202531300000900584,37.554,126.9362
202531300000900586,37.5475,126.941
202531300000900588,37.5473,126.9473
202531300000901229,37.5727,126.8921
202531300000900726,37.5769,126.894
202531300000900728,37.546,126.9561
202531300000901171,37.5611,126.9106
202531300000901173,37.5617,126.9117
202531300000901175,37.5616,126.9123
202531300000901177,37.561,126.912
202531300000901179,37.5617,126.911
202531300000900270,37.5761,126.8952
202531300000900272,37.545,126.9508
202531300000900274,37.5456,126.946
202531300000900276,37.5456,126.9378
202531300000900278,37.5483,126.9241
202531300000900045,37.55,126.9216
202531300000900047,37.5588,126.9225
202531300000900049,37.5543,126.9153
202531300000900041,37.555,126.9325
202531300000900960,37.5786,126.8855
202531300000900962,37.5785,126.8858
202531300000900890,37.5619,126.9055
202531300000900892,37.5724,126.9029
202531300000900894,37.5674,126.9098
202531300000900896,37.5851,126.8802
202531300000900898,37.5555,126.9289
202531300000901031,37.557,126.9288
202531300000901033,37.5593,126.9221
202531300000901035,37.5481,126.9147
202531300000901037,37.5487,126.9174
202531300000901039,37.5545,126.9094
202531300000900519,37.541,126.9543
202531300000900513,37.5669,126.9092
202531300000900515,37.5651,126.9034
202531300000900517,37.5777,126.8932
202531300000900511,37.5661,126.9164
202531300000900172,37.5557,126.9478
202531300000900174,37.5548,126.9381
202531300000900327,37.5464,126.9465
202531300000900329,37.5577,126.9605
202531300000900321,37.5656,126.9066
202531300000900323,37.5672,126.9063
202531300000900325,37.5752,126.8924
202531300000900061,37.551,126.9549
202531300000900063,37.5471,126.9607
202531300000900065,37.5523,126.9494
202531300000900067,37.5543,126.9464
202531300000900069,37.5487,126.9493
202531300000900950,37.5756,126.8973
202531300000900952,37.5617,126.9146
202531300000900954,37.5608,126.9136
202531300000900956,37.5525,126.9492
202531300000900958,37.5526,126.9497
202531300000901126,37.5353,126.9437
202531300000901128,37.5565,126.927
202531300000901120,37.581,126.8942
202531300000901122,37.5548,126.9228
202531300000901124,37.5507,126.9175
202531300000900176,37.5492,126.9369
202531300000900178,37.5489,126.9252
202531300000900170,37.5405,126.9534
202531300000900430,37.546,126.9382
202531300000900432,37.5443,126.9341
202531300000900400,37.5546,126.9603
202531300000900408,37.5533,126.9559
202531300000900402,37.55,126.9623
202531300000900404,37.5484,126.9574
202531300000900151,37.5579,126.9123
202531300000900155,37.5523,126.9233
202531300000900190,37.5653,126.9071
202531300000900192,37.5675,126.9082
202531300000900196,37.561,126.901
202531300000900198,37.5607,126.902
202531300000900194,37.5754,126.8962
202531300000901099,37.559,126.9125
202531300000901097,37.5576,126.9068
202531300000901091,37.5421,126.9513
202531300000901093,37.556,126.9208
202531300000901095,37.5478,126.9182
202531300000900223,37.5491,126.9519
202531300000900227,37.5378,126.9458
202531300000900229,37.5418,126.9381
202531300000900110,37.5499,126.9182
202531300000900112,37.5475,126.9167
202531300000900114,37.561,126.8988
202531300000900116,37.5635,126.9091
202531300000900118,37.5773,126.8956
202531300000900225,37.5417,126.9513
202531300000900221,37.5532,126.9611
202531300000900790,37.5572,126.9146
202531300000900792,37.5559,126.9107
202531300000900794,37.5552,126.9121
202531300000900796,37.5476,126.9112
202531300000900798,37.5439,126.9143
202531300000900891,37.5633,126.9145
202531300000900893,37.5678,126.9102
202531300000900895,37.5859,126.8803
202531300000900897,37.5763,126.8933
202531300000900673,37.5492,126.9601
202531300000900675,37.557,126.9543
202531300000900677,37.5524,126.9552
202531300000900679,37.537,126.9466
202531300000900671,37.558,126.9609
202531300000900964,37.5413,126.954
202531300000900966,37.5481,126.94
202531300000900968,37.5473,126.933
202531300000900275,37.5472,126.9468
202531300000900277,37.5491,126.9293
202531300000900279,37.5545,126.9168
202531300000900043,37.5461,126.9201
202531300000900271,37.5442,126.9486
202531300000900273,37.5362,126.9474
202531300000900557,37.5497,126.9268
202531300000900551,37.5633,126.9091
202531300000900559,37.5481,126.9569
202531300000900553,37.5406,126.9435
202531300000900555,37.5519,126.9311
202531300000900480,37.5553,126.9409
202531300000900482,37.5454,126.9324
202531300000900484,37.5456,126.9234
202531300000900486,37.5471,126.9202
202531300000900488,37.5524,126.916
202531300000900899,37.5531,126.9209
202531300000900210,37.5455,126.9548
202531300000900212,37.5455,126.9531
202531300000900214,37.5389,126.9503
202531300000900216,37.541,126.9507
202531300000900218,37.5547,126.9588
202531300000900720,37.5584,126.9108
202531300000900722,37.5687,126.9068
202531300000900724,37.5775,126.8971
202531300000901102,37.5536,126.9221
202531300000901104,37.5523,126.922
202531300000901106,37.5582,126.9036
202531300000901108,37.5608,126.9064
202531300000901257,37.5449,126.9163
202531300000901259,37.5478,126.9472
202531300000901251,37.5438,126.9171
202531300000901253,37.5434,126.9167
202531300000901255,37.5432,126.9178
202531300000900371,37.5664,126.9045
202531300000900373,37.5698,126.9091
202531300000900375,37.5626,126.9077
202531300000900377,37.5522,126.9235
202531300000900379,37.5462,126.9115
202531300000900470,37.5754,126.8963
202531300000900472,37.5562,126.9607
202531300000900474,37.5507,126.9509
202531300000900476,37.5418,126.9517
202531300000900478,37.5422,126.9371
202531300000901021,37.5442,126.9371
202531300000901023,37.5475,126.9396
202531300000901025,37.5448,126.923
202531300000901060,37.5435,126.9378
202531300000901062,37.5777,126.8869
202531300000901068,37.5706,126.9101
202531300000901064,37.5769,126.8856
202531300000901066,37.5761,126.8877
202531300000901228,37.5714,126.8901
202531300000901220,37.5765,126.8848
202531300000901222,37.5765,126.887
202531300000901224,37.5623,126.9142
202531300000901226,37.5614,126.9138
202531300000900071,37.5555,126.9414
202531300000900073,37.546,126.9389
202531300000900075,37.5505,126.9181
202531300000900077,37.5614,126.9202
202531300000900079,37.5633,126.9269
202531300000900981,37.546,126.9194
202531300000900983,37.55,126.9462
202531300000900987,37.5482,126.9425
202531300000900985,37.5483,126.9413
202531300000900989,37.5511,126.937
202531300000900651,37.5763,126.8956
202531300000900653,37.5751,126.898
202531300000900655,37.5762,126.8916
202531300000900657,37.5855,126.8842
202531300000900659,37.5395,126.9441
202531300000900731,37.557,126.9533
202531300000900733,37.5566,126.9526
202531300000900735,37.5408,126.9514
202531300000900737,37.5423,126.939
202531300000900739,37.5495,126.9443
202531300000900002,37.5569,126.9532
202531300000900004,37.5564,126.9484
202531300000900006,37.5432,126.9547
202531300000900008,37.5551,126.9482
202531300000900905,37.5459,126.9263
202531300000900907,37.5459,126.9366
202531300000900901,37.5699,126.9067
202531300000900903,37.5677,126.9082
202531300000900909,37.5541,126.9348
202531300000900153,37.5609,126.9104
202531300000900159,37.5406,126.9454
202531300000900157,37.5436,126.9435
202531300000901266,37.5692,126.9092
202531300000901170,37.5614,126.9111
202531300000901172,37.5611,126.9116
202531300000901174,37.5621,126.9118
202531300000901176,37.5611,126.9127
202531300000901178,37.561,126.9122
202531300000900910,37.5542,126.9347
202531300000900912,37.5738,126.9009
202531300000900914,37.5546,126.944
202531300000900918,37.5453,126.9483
202531300000900916,37.5633,126.9086
202531300000900947,37.5633,126.9116
202531300000900949,37.5678,126.9159
202531300000900943,37.5671,126.9175
202531300000900945,37.5631,126.9102
202531300000900941,37.5515,126.9028
202531300000900440,37.5523,126.9093
202531300000900442,37.5538,126.9018
202531300000900444,37.5546,126.9038
202531300000900446,37.5616,126.9261
202531300000900498,37.5553,126.9078
202531300000900490,37.5542,126.9254
202531300000900492,37.5506,126.9065
202531300000900494,37.5455,126.914
202531300000900496,37.5568,126.907
202531300000901231,37.5727,126.8943
202531300000901233,37.5729,126.8957
202531300000901235,37.5449,126.9156
202531300000901237,37.5452,126.9151
202531300000901239,37.5452,126.9166
202531300000901190,37.5559,126.9421
202531300000901192,37.5436,126.9483
202531300000901194,37.5488,126.9333
202531300000901196,37.5469,126.9229
202531300000901198,37.5528,126.9231
202531300000901008,37.5488,126.9631
202531300000900770,37.5437,126.9407
202531300000900772,37.5455,126.9411
202531300000900774,37.5484,126.9407
202531300000900778,37.5524,126.9464
202531300000900776,37.5485,126.9449
202531300000900448,37.5599,126.9106
202531300000900600,37.5804,126.8933
202531300000900602,37.5458,126.9239
202531300000900604,37.545,126.9266
202531300000900606,37.5492,126.9304
202531300000900608,37.5575,126.9131
202531300000901117,37.5565,126.9516
202531300000901119,37.5813,126.8945
202531300000901111,37.5528,126.915
202531300000901113,37.5462,126.916
202531300000901115,37.5598,126.9194
202531300000900380,37.553,126.9505
202531300000900382,37.5518,126.951
202531300000900384,37.5766,126.8927
202531300000900386,37.5684,126.9083
202531300000900388,37.566,126.9111
202531300000901000,37.5519,126.962
202531300000901002,37.5421,126.9568
202531300000901004,37.5462,126.9599
202531300000901006,37.5536,126.9596
202531300000901027,37.553,126.9333
202531300000901029,37.5518,126.9204
202531300000901100,37.5561,126.9249
202531300000900771,37.5413,126.9404
202531300000900773,37.5543,126.9402
202531300000900779,37.5552,126.948
202531300000900775,37.5536,126.9393
202531300000900777,37.5448,126.947
202531300000901073,37.5506,126.922
202531300000901075,37.5544,126.96
202531300000901077,37.5464,126.9411
202531300000901079,37.547,126.9455
202531300000901071,37.5553,126.9237
202531300000900208,37.5674,126.9051
202531300000900200,37.5575,126.9028
202531300000900202,37.5551,126.9391
202531300000900204,37.5539,126.939
202531300000900206,37.553,126.9497
202531300000901201,37.555,126.9269
202531300000901203,37.5566,126.9067
202531300000901205,37.5605,126.9187
202531300000901207,37.56,126.9212
202531300000900292,37.5519,126.9154
202531300000900294,37.5529,126.9303
202531300000900296,37.5521,126.9303
202531300000900298,37.5526,126.9114
202531300000900781,37.5464,126.938
202531300000900783,37.5446,126.9338
202531300000900785,37.5474,126.9382
202531300000900290,37.5857,126.8834
202531300000900787,37.5428,126.9327
202531300000900789,37.5496,126.929
202531300000900811,37.5669,126.907
202531300000900813,37.5714,126.9061
202531300000900815,37.5821,126.8771
202531300000900817,37.5777,126.8959
202531300000900819,37.5522,126.95
202531300000901001,37.5502,126.9628
202531300000901003,37.5509,126.9559
202531300000901005,37.5491,126.9585
202531300000901009,37.5454,126.9511
202531300000901007,37.5559,126.9603
202531300000900241,37.5563,126.9469
202531300000900243,37.5553,126.947
202531300000900245,37.5444,126.9333
202531300000900247,37.5455,126.9369
202531300000900249,37.5447,126.9323
202531300000901209,37.5592,126.9092
202531300000900873,37.5454,126.9147
202531300000900871,37.5601,126.9253
202531300000900875,37.5481,126.9119
202531300000900877,37.5472,126.9121
202531300000900879,37.5547,126.908
202531300000900860,37.5462,126.9395
202531300000900862,37.5524,126.9267
202531300000900864,37.5454,126.919
202531300000900865,37.5471,126.9274
202531300000900861,37.5524,126.9279
202531300000900863,37.5545,126.9302
202531300000900867,37.552,126.9156
202531300000900869,37.556,126.9319
202531300000900868,37.5482,126.9194
202531300000900866,37.5527,126.9276
202531300000901260,37.547,126.9206
202531300000901262,37.5496,126.9064
202531300000901268,37.5506,126.9212
202531300000901264,37.5646,126.9162
202531300000900847,37.5478,126.9603
202531300000900849,37.5574,126.9611
202531300000901258,37.5576,126.9625
202531300000901250,37.5442,126.9171
202531300000901252,37.5437,126.9165
202531300000900524,37.5839,126.8859
202531300000900526,37.5794,126.8818
202531300000900528,37.5703,126.9033
202531300000900520,37.5503,126.9081
202531300000900522,37.5472,126.9122
202531300000900839,37.5558,126.9059
202531300000900831,37.5412,126.9389
202531300000900833,37.5564,126.9481
202531300000900835,37.5533,126.9301
202531300000900837,37.5557,126.9233
202531300000900262,37.5629,126.9176
202531300000900264,37.5629,126.9124
202531300000900266,37.5731,126.9021
202531300000900268,37.5681,126.9118
202531300000900250,37.5564,126.9291
202531300000900252,37.5482,126.9139
202531300000900254,37.5503,126.9084
202531300000900256,37.555,126.899
202531300000900258,37.5547,126.9019
202531300000900708,37.551,126.9091
202531300000901130,37.5508,126.9214
202531300000901132,37.5501,126.9213
202531300000901134,37.5657,126.9055
202531300000901136,37.5662,126.9057
202531300000901138,37.567,126.9055
202531300000900012,37.5545,126.9408
202531300000900014,37.552,126.9267
202531300000900016,37.5566,126.9246
202531300000900018,37.5495,126.9208
202531300000900010,37.5437,126.94
202531300000900191,37.5688,126.9101
202531300000900197,37.5608,126.9003
202531300000900199,37.5573,126.9022
202531300000900193,37.5768,126.8946
202531300000900195,37.5771,126.8966
202531300000900700,37.5451,126.9233
202531300000900702,37.5562,126.9183
202531300000900704,37.5579,126.9147
202531300000900706,37.5503,126.9043
202531300000900674,37.5481,126.9548
202531300000900676,37.5541,126.9564
202531300000900678,37.5571,126.9564
202531300000900670,37.5496,126.9609
202531300000900672,37.5494,126.9591
202531300000900721,37.5723,126.9055
202531300000900723,37.5679,126.9101
202531300000900725,37.5775,126.881
202531300000900727,37.5841,126.877
202531300000900729,37.5442,126.9559
202531300000900343,37.5352,126.9447
202531300000900345,37.5394,126.9554
202531300000900347,37.5458,126.941
202531300000900349,37.5549,126.942
202531300000900341,37.5487,126.9534
202531300000901061,37.578,126.8868
202531300000901063,37.5769,126.8871
202531300000901067,37.5701,126.911
202531300000901065,37.5761,126.8859
202531300000901069,37.5709,126.9095
202531300000900961,37.5785,126.8851
202531300000900963,37.5487,126.9618
202531300000900965,37.5406,126.9404
202531300000900967,37.5518,126.9505
202531300000900969,37.5463,126.923
202531300000900253,37.5445,126.9127
202531300000900255,37.5512,126.905
202531300000900257,37.5542,126.9081
202531300000900259,37.5568,126.9023
202531300000900104,37.5451,126.9377
202531300000900106,37.5549,126.9362
202531300000900108,37.5583,126.9237
202531300000900420,37.5533,126.9377
202531300000900422,37.5465,126.9419
202531300000900424,37.5465,126.9429
202531300000900426,37.5462,126.9458
202531300000900428,37.5451,126.946
202531300000900251,37.5577,126.914
202531300000900111,37.5595,126.8977
202531300000900113,37.5512,126.9152
202531300000900115,37.5537,126.8998
202531300000900117,37.5593,126.9124
202531300000900119,37.5622,126.9084
202531300000900661,37.5541,126.9227
202531300000900663,37.5523,126.9236
202531300000900665,37.5491,126.9608
202531300000900667,37.5555,126.9073
202531300000900669,37.5553,126.9606
202531300000901254,37.5435,126.9175
202531300000901256,37.5437,126.9181
202531300000901244,37.5433,126.919
202531300000901242,37.5443,126.9187
202531300000901246,37.5447,126.9175
202531300000901248,37.5444,126.9179
202531300000901240,37.5453,126.9175
202531300000901081,37.5556,126.9292
202531300000901083,37.5528,126.91
202531300000901085,37.5604,126.9035
202531300000901087,37.561,126.9164
202531300000901089,37.5812,126.8787
202531300000901074,37.5479,126.9583
202531300000901076,37.5384,126.9467
202531300000901078,37.5473,126.9426
202531300000901070,37.5715,126.9085
202531300000901072,37.5508,126.922
202531300000900399,37.553,126.9606
202531300000900391,37.5592,126.9135
202531300000900393,37.5482,126.9325
202531300000900395,37.5394,126.9516
202531300000900397,37.5525,126.9612
202531300000900260,37.5599,126.8963
202531300000900548,37.5565,126.9263
202531300000900525,37.5746,126.8901
202531300000900527,37.5789,126.8824
202531300000900529,37.5682,126.9053
202531300000900521,37.545,126.9121
202531300000900523,37.5803,126.8811
202531300000900540,37.5378,126.9461
202531300000900542,37.5437,126.9344
202531300000900544,37.5426,126.9342
202531300000900546,37.5547,126.9229
202531300000900841,37.5639,126.9204
202531300000900843,37.5667,126.9106
202531300000900845,37.5493,126.9307
202531300000900616,37.5495,126.909
202531300000900618,37.5472,126.9188
202531300000900664,37.5494,126.9584
202531300000900666,37.5463,126.9341
202531300000900668,37.578,126.8951
202531300000900660,37.5544,126.9222
202531300000900662,37.5575,126.9236
202531300000900147,37.5614,126.9015
202531300000900149,37.5469,126.9171
202531300000900141,37.5502,126.9195
202531300000900143,37.5642,126.9266
202531300000900145,37.5565,126.9082
202531300000901016,37.5475,126.9418
202531300000901018,37.5493,126.94
202531300000900751,37.57,126.9061
202531300000900753,37.548,126.9593
202531300000900755,37.5562,126.9325
202531300000900757,37.555,126.9592
202531300000900759,37.5581,126.962
202531300000900747,37.556,126.9064
202531300000900749,37.5611,126.9186
202531300000900741,37.5463,126.9443
202531300000900743,37.5455,126.9358
202531300000900745,37.5575,126.9154
202531300000900911,37.5502,126.934
202531300000900913,37.5735,126.9009
202531300000900919,37.5527,126.957
202531300000900915,37.5546,126.9438
202531300000900917,37.5454,126.9494
202531300000900136,37.5502,126.936
202531300000900138,37.5554,126.931
202531300000900691,37.5522,126.9442
202531300000900693,37.5471,126.9465
202531300000900695,37.545,126.9343
202531300000900697,37.5457,126.9328
202531300000900699,37.5479,126.9236
202531300000900226,37.5383,126.9507
202531300000900228,37.5389,126.9465
202531300000900220,37.5575,126.9617
202531300000900222,37.5509,126.9545
202531300000900224,37.548,126.9514
202531300000900571,37.5545,126.9533
202531300000900573,37.5373,126.9447
202531300000900575,37.536,126.9454
202531300000900577,37.542,126.9384
202531300000900579,37.5401,126.9409
202531300000901010,37.5389,126.9464
202531300000901012,37.5352,126.9454
202531300000901014,37.5443,126.9405
202531300000900997,37.5738,126.8929
202531300000900999,37.5508,126.9293
202531300000900993,37.5515,126.9275
202531300000900995,37.5534,126.9203
202531300000900991,37.5492,126.9238
202531300000900130,37.5544,126.9473
202531300000900132,37.5414,126.9515
202531300000900134,37.547,126.9222
202531300000900100,37.5555,126.9428
202531300000900102,37.552,126.9272
202531300000900120,37.5634,126.9061
202531300000900122,37.5802,126.8819
202531300000900124,37.556,126.9612
202531300000900126,37.544,126.9571
202531300000900128,37.5548,126.9562
202531300000900855,37.5521,126.9444
202531300000900935,37.5577,126.9101
202531300000900937,37.5495,126.9157
202531300000900931,37.5447,126.9364
202531300000900933,37.5586,126.9249
202531300000900939,37.548,126.9153
202531300000900090,37.5671,126.9111
202531300000900096,37.5367,126.9446
202531300000900092,37.5429,126.9575
202531300000900094,37.5479,126.9602
202531300000900098,37.5497,126.9469
202531300000900761,37.5479,126.9609
202531300000900763,37.5561,126.9539
202531300000900765,37.549,126.9522
202531300000900767,37.5401,126.9437
202531300000900769,37.5447,126.94
202531300000900599,37.5494,126.9478
202531300000900591,37.5466,126.9453
202531300000900593,37.5423,126.9363
202531300000900595,37.5465,126.9389
202531300000900597,37.5466,126.9381
202531300000900011,37.5537,126.9446
202531300000900013,37.5557,126.9403
202531300000900015,37.5423,126.933
202531300000900017,37.5555,126.9247
202531300000900019,37.556,126.9176
202531300000900156,37.5424,126.9465
202531300000901042,37.5592,126.9047
202531300000901044,37.5612,126.9263
202531300000901046,37.5637,126.9123
202531300000901048,37.5675,126.9063
202531300000901040,37.5559,126.8977
202531300000900031,37.5494,126.9575
202531300000900033,37.5471,126.9547
202531300000900641,37.5622,126.9173
202531300000900643,37.5734,126.9034
202531300000900645,37.566,126.9103
202531300000900647,37.5739,126.9028
202531300000900649,37.5875,126.8828
202531300000900150,37.5639,126.9157
202531300000900152,37.5662,126.9078
202531300000900154,37.5632,126.9016
202531300000900158,37.5411,126.9456
202531300000900020,37.5592,126.9185
202531300000900022,37.5572,126.908
202531300000900024,37.5588,126.903
202531300000900026,37.5587,126.9142
202531300000900028,37.5603,126.9081
202531300000901050,37.5764,126.8963
202531300000901052,37.5548,126.9241
202531300000901054,37.5422,126.955
202531300000901056,37.5538,126.9353
202531300000901058,37.5478,126.9416
202531300000900035,37.5494,126.9616
202531300000900037,37.5423,126.9393
202531300000900039,37.5386,126.9488
202531300000901218,37.5777,126.8851
202531300000901210,37.565,126.9072
202531300000901212,37.5733,126.8988
202531300000901214,37.5792,126.884
202531300000901216,37.5781,126.8863
202531300000900610,37.5579,126.9241
202531300000900612,37.5528,126.9215
202531300000900614,37.5502,126.9103
202531300000900401,37.5542,126.9591
202531300000900409,37.556,126.952
202531300000900403,37.5486,126.9583
202531300000900405,37.5554,126.9613
202531300000900407,37.5564,126.9626
202531300000900904,37.5522,126.9233
202531300000900906,37.5465,126.9272
202531300000900908,37.554,126.9346
202531300000900900,37.5525,126.9342
202531300000900902,37.5653,126.9048
202531300000900621,37.5559,126.9082
202531300000900364,37.5483,126.9185
202531300000900366,37.5502,126.9074
202531300000900360,37.5451,126.9358
202531300000900362,37.5478,126.9394
202531300000900368,37.5576,126.8985
202531300000900261,37.5619,126.918
202531300000900263,37.5627,126.9109
202531300000900265,37.5655,126.9045
202531300000900267,37.568,126.9072
202531300000900269,37.5713,126.9043
202531300000900748,37.5577,126.8994
202531300000900740,37.5559,126.9466
202531300000900742,37.5478,126.9357
202531300000900744,37.5543,126.9318
202531300000900746,37.5476,126.9142
202531300000900623,37.5531,126.9055
202531300000900625,37.5625,126.9031
202531300000900627,37.5589,126.9065
202531300000900629,37.5586,126.9045
202531300000900569,37.5524,126.9516
202531300000900563,37.5571,126.9608
202531300000900565,37.5462,126.9592
202531300000900567,37.5486,126.9568
202531300000900561,37.5483,126.9587
202531300000900800,37.5528,126.9007
202531300000900802,37.5649,126.906
202531300000900804,37.564,126.9179
202531300000900808,37.5603,126.9077
202531300000900806,37.559,126.9182
202531300000900810,37.5661,126.9153
202531300000900812,37.5674,126.9101
202531300000900631,37.5606,126.9223
202531300000900633,37.5618,126.9249
202531300000900637,37.5609,126.9158
202531300000900635,37.5638,126.9194
202531300000900639,37.5621,126.907
202531300000900814,37.5854,126.8774
202531300000900816,37.5782,126.8961
202531300000900818,37.5519,126.904
202531300000900237,37.5543,126.9417
202531300000900239,37.5544,126.9451
202531300000900231,37.5433,126.9398
202531300000900233,37.5408,126.9396
202531300000900235,37.5533,126.9446
202531300000900872,37.549,126.9063
202531300000900870,37.5566,126.9294
202531300000900874,37.5518,126.906
202531300000900876,37.5454,126.9131
202531300000900878,37.557,126.9063
202531300000900859,37.5463,126.9456
202531300000900857,37.5545,126.9484
202531300000900851,37.5438,126.9497
202531300000900853,37.5426,126.9402
202531300000900703,37.559,126.9237
202531300000900705,37.5561,126.9278
202531300000900707,37.5523,126.9107
202531300000900709,37.5558,126.9026
202531300000900381,37.5526,126.9508
202531300000900383,37.5522,126.951
202531300000900385,37.571,126.9054
202531300000900387,37.5667,126.912
202531300000900389,37.5653,126.9091
202531300000901020,37.5449,126.9388
202531300000901022,37.5453,126.9392
202531300000901024,37.5483,126.9201
202531300000901026,37.5487,126.9211
202531300000901028,37.5562,126.9313
202531300000901080,37.5448,126.9356
202531300000900766,37.5415,126.9532
202531300000900768,37.5413,126.9395
202531300000900532,37.5629,126.9206
202531300000900534,37.5561,126.916
202531300000900536,37.5521,126.9283
202531300000900530,37.558,126.8983
202531300000900538,37.5482,126.9493
202531300000900760,37.5567,126.9615
202531300000900762,37.5483,126.9602
202531300000900764,37.5512,126.9535
202531300000900352,37.5486,126.9444
202531300000900350,37.5562,126.9452
202531300000900354,37.5476,126.9492
202531300000900358,37.5464,126.9326
202531300000900356,37.5479,126.9446
202531300000900291,37.5545,126.908
202531300000900293,37.5571,126.9259
202531300000900295,37.5522,126.9301
202531300000900297,37.5537,126.9104
202531300000900299,37.5478,126.9274
202531300000901082,37.5596,126.9245
202531300000901084,37.5554,126.9041
202531300000901086,37.5665,126.9095
202531300000901088,37.566,126.9097
202531300000900180,37.5548,126.9201
202531300000900182,37.554,126.9276
202531300000900184,37.5548,126.9052
202531300000900186,37.558,126.9055
202531300000900188,37.5613,126.9034
202531300000900458,37.5542,126.9531
202531300000900450,37.5601,126.9152
202531300000900452,37.5657,126.9062
202531300000900454,37.5519,126.9596
202531300000900456,37.553,126.9602
202531300000900435,37.5483,126.9286
202531300000900437,37.5529,126.9228
202531300000900439,37.5562,126.9289
202531300000900431,37.5479,126.9374
202531300000900433,37.5435,126.93
202531300000901101,37.5539,126.922
202531300000901103,37.5529,126.9218
202531300000901105,37.5534,126.9182
202531300000901107,37.5609,126.9047
202531300000901109,37.5699,126.9104
202531300000900601,37.5468,126.9302
202531300000900603,37.5456,126.9219
202531300000900605,37.5506,126.9241
202531300000900607,37.5488,126.9219
202531300000900609,37.5549,126.9342
202531300000900091,37.5587,126.9164
202531300000900099,37.5551,126.9464
202531300000900093,37.5495,126.9625
202531300000900095,37.5564,126.962
202531300000900097,37.5559,126.9462
202531300000900650,37.5803,126.8796
202531300000900652,37.5761,126.8967
202531300000900654,37.5746,126.8946
202531300000900656,37.5486,126.9308
202531300000900658,37.5852,126.8834
202531300000900710,37.5561,126.9048
202531300000900712,37.5583,126.9069
202531300000900714,37.5615,126.904
202531300000900570,37.5488,126.9503
202531300000900574,37.536,126.9449
202531300000900576,37.5391,126.9545
202531300000900578,37.5406,126.9444
202531300000900572,37.5495,126.9525
202531300000900680,37.5377,126.95
202531300000900682,37.5362,126.9446
202531300000900684,37.5424,126.9375
202531300000900686,37.5422,126.9396
202531300000900688,37.5548,126.9415
202531300000901243,37.5437,126.9186
202531300000901245,37.5441,126.9181
202531300000901241,37.5449,126.9184
202531300000901247,37.5448,126.9169
202531300000901249,37.5444,126.9167
202531300000900834,37.5438,126.9335
202531300000900836,37.5538,126.9123
202531300000900838,37.5524,126.9065
202531300000900830,37.5353,126.9444
202531300000900832,37.5534,126.9453
202531300000901163,37.5552,126.958
202531300000901165,37.562,126.9128
202531300000901167,37.5622,126.9125
202531300000901161,37.5836,126.8777
202531300000901169,37.5619,126.9111
202531300000901200,37.5552,126.932
202531300000901202,37.5509,126.9073
202531300000901204,37.5577,126.9041
202531300000901206,37.5652,126.9237
202531300000901208,37.5586,126.9158
202531300000900056,37.5694,126.9115
202531300000900058,37.5637,126.911
202531300000900050,37.5609,126.9257
202531300000900052,37.5539,126.9077
202531300000900054,37.5466,126.9142
202531300000901059,37.5456,126.9317
202531300000901051,37.5541,126.9054
202531300000901053,37.5398,126.9468
202531300000901055,37.5528,126.9338
202531300000901057,37.5564,126.9464
202531300000900468,37.5499,126.9273
202531300000900462,37.5681,126.9146
202531300000900464,37.5706,126.9065
202531300000900177,37.5462,126.9216
202531300000900179,37.5597,126.9255
202531300000900171,37.5377,126.9488
202531300000900173,37.5431,126.946
202531300000900175,37.5538,126.9405
202531300000900460,37.538,126.9482
202531300000900466,37.5501,126.9291
202531300000900701,37.5466,126.9213
202531300000901137,37.567,126.9062
202531300000901139,37.5668,126.9051
202531300000901041,37.5619,126.9029
202531300000901043,37.5591,126.9057
202531300000901045,37.5604,126.9069
202531300000901047,37.5621,126.9105
202531300000901049,37.5694,126.9042
202531300000900320,37.56,126.9014
202531300000900322,37.5657,126.9066
202531300000900324,37.569,126.9073
202531300000900326,37.5754,126.8926
202531300000900328,37.5569,126.9621
202531300000900533,37.5617,126.9195
202531300000900030,37.568,126.9108
202531300000900032,37.5451,126.9539
202531300000900034,37.554,126.9597
202531300000900036,37.556,126.9554
202531300000900038,37.5433,126.9392
202531300000901127,37.5355,126.9434
202531300000901129,37.5564,126.9259
202531300000901121,37.5807,126.8939
202531300000901123,37.5545,126.9226
202531300000901125,37.549,126.9176
202531300000900535,37.552,126.919
202531300000900537,37.5464,126.9371
202531300000900539,37.5403,126.9562
202531300000900531,37.5594,126.9014
202531300000900500,37.5565,126.8987
202531300000900502,37.558,126.9008
202531300000900504,37.5655,126.9226
202531300000900506,37.5631,126.9182
202531300000900508,37.5628,126.9045
202531300000900087,37.5616,126.9066
202531300000900089,37.5643,126.9133
202531300000900081,37.5561,126.9073
202531300000900083,37.5526,126.9019
202531300000900085,37.5546,126.9102
202531300000900001,37.5559,126.9607
202531300000900003,37.5557,126.9484
202531300000900005,37.5475,126.9564
202531300000900007,37.5489,126.9475
202531300000900009,37.541,126.9525
202531300000900507,37.5644,126.9173
202531300000900509,37.5654,126.9148
202531300000900505,37.5616,126.9252
202531300000900240,37.5533,126.9385
202531300000900242,37.5469,126.9441
202531300000900244,37.5505,126.9463
202531300000900246,37.5427,126.9318
202531300000900248,37.5432,126.9307
202531300000900716,37.5599,126.9181
202531300000900718,37.5588,126.9082
202531300000900564,37.5542,126.9612
202531300000900566,37.5504,126.9612
202531300000900568,37.5565,126.9554
202531300000900560,37.5515,126.9576
202531300000900562,37.5562,126.9591
202531300000900611,37.556,126.9196
202531300000900613,37.5518,126.908
202531300000900615,37.5495,126.9116
202531300000900617,37.5464,126.9127
202531300000900619,37.5566,126.9032
202531300000900501,37.5601,126.9053
202531300000900503,37.566,126.9169
202531300000900311,37.564,126.9229
202531300000900313,37.5824,126.8796
202531300000900315,37.5368,126.9519
202531300000900317,37.56,126.9232
202531300000900319,37.5624,126.9153
202531300000901180,37.569,126.8941
202531300000901182,37.574,126.8933
202531300000901184,37.5716,126.8968
202531300000901186,37.5568,126.9499
202531300000901188,37.546,126.9416
202531300000901140,37.5669,126.9058
202531300000901142,37.5677,126.9054
202531300000901144,37.5524,126.9295
202531300000901146,37.5526,126.9299
202531300000900541,37.5497,126.949
202531300000900543,37.5433,126.9347
202531300000900338,37.5558,126.9622
202531300000900330,37.5505,126.9622
202531300000900332,37.5504,126.9564
202531300000900334,37.5517,126.9581
202531300000900336,37.5539,126.9605
202531300000901217,37.5784,126.8852
202531300000901219,37.5778,126.8845
202531300000901211,37.5677,126.9066
202531300000901213,37.5794,126.8837
202531300000901215,37.5785,126.8859
202531300000900201,37.5585,126.9021
202531300000900203,37.5546,126.9401
202531300000900205,37.5536,126.9487
202531300000900207,37.5545,126.9476
202531300000900209,37.5491,126.9438
202531300000901090,37.5442,126.9532
202531300000901092,37.5567,126.9316
202531300000901094,37.5477,126.9199
202531300000901096,37.5579,126.9081
202531300000901098,37.561,126.9053
202531300000900822,37.5731,126.9051
202531300000900824,37.5738,126.904
202531300000900826,37.5496,126.9619
202531300000900828,37.5566,126.9548
202531300000900820,37.5722,126.9066
202531300000900211,37.5461,126.9543
202531300000900213,37.5382,126.9501
202531300000900215,37.5395,126.9492
202531300000900217,37.5472,126.959
202531300000900219,37.5423,126.9576
202531300000900161,37.5471,126.9343
202531300000900163,37.55,126.936
202531300000900165,37.5444,126.9386
202531300000900167,37.5446,126.9569
202531300000900169,37.5465,126.9521
202531300000900057,37.5631,126.9167
202531300000900059,37.5572,126.9113
202531300000900051,37.5572,126.9016
202531300000900053,37.552,126.9074
202531300000900055,37.5465,126.9185
202531300000900936,37.552,126.9231
202531300000900938,37.5575,126.9093
202531300000900930,37.5472,126.9334
202531300000900932,37.546,126.9209
202531300000900934,37.5494,126.9148
202531300000901131,37.5501,126.9226
202531300000901133,37.5658,126.9045
202531300000901135,37.5659,126.9056
202531300000900238,37.5525,126.9444
202531300000900232,37.544,126.9396
202531300000900234,37.5415,126.9391
202531300000900236,37.5528,126.9439
202531300000900230,37.5419,126.9447
202531300000900060,37.5681,126.9068
202531300000900062,37.5561,126.9546
202531300000900064,37.5485,126.9608
202531300000900066,37.5535,126.9441
202531300000900068,37.543,126.9425
202531300000900146,37.5552,126.9068
202531300000900148,37.5459,126.9152
202531300000900140,37.5497,126.9163
202531300000900142,37.5535,126.9162
202531300000900144,37.5621,126.9263
202531300000900948,37.5666,126.908
202531300000900946,37.563,126.9045
202531300000900942,37.5599,126.9058
202531300000900940,37.5547,126.906
202531300000900944,37.5657,126.9241
202531300000901150,37.5501,126.9273
202531300000901152,37.5854,126.8841
202531300000901154,37.5778,126.8877
202531300000901156,37.5816,126.8806
202531300000901158,37.5874,126.8803
202531300000900441,37.545,126.9147
202531300000900443,37.5529,126.9046
202531300000900445,37.5561,126.8965
202531300000900447,37.5627,126.927
202531300000900449,37.5652,126.9167
202531300000900780,37.5481,126.938
202531300000900782,37.5517,126.9353
202531300000900784,37.5498,126.937
202531300000900786,37.5466,126.9355
202531300000900788,37.5486,126.9252
202531300000900348,37.553,126.9345
202531300000900340,37.5486,126.9525
202531300000900342,37.554,126.9557
202531300000900344,37.5375,126.95
202531300000900346,37.5438,126.9442
202531300000900801,37.5554,126.9006
202531300000900803,37.558,126.9049
202531300000900809,37.559,126.9116
202531300000900805,37.5651,126.9249
202531300000900807,37.5629,126.9153
202531300000900889,37.5617,126.9084
202531300000900881,37.5543,126.9063
202531300000900883,37.5561,126.9019
202531300000900885,37.5594,126.9039
202531300000900887,37.5644,126.917
202531300000900461,37.5444,126.9551
202531300000900467,37.5453,126.9309
202531300000900469,37.5502,126.9531
202531300000900465,37.5755,126.8981
202531300000900463,37.5683,126.9103
202531300000901148,37.5516,126.9301
202531300000900088,37.5602,126.9097
202531300000900086,37.5502,126.9055
202531300000900080,37.5646,126.9188
202531300000900082,37.5527,126.9107
202531300000900084,37.5624,126.9025
202531300000900545,37.5423,126.9347
202531300000900547,37.5547,126.9229
202531300000900549,37.5667,126.9002
202531400000900111,37.51933,126.850833
202531400000900636,37.546521,126.878786
202531400000900840,37.547541,126.864242
202531400000900806,37.534471,126.830135
202531400000900564,37.505865,126.839877
202531400000900034,37.535858,126.872484
202531400000900832,37.524971,126.849696
202531400000900463,37.522235,126.830527
202531400000900691,37.526341,126.86082
202531400000900120,37.520059,126.849709
202531400000900626,37.528512,126.862388
202531400000900646,37.542112,126.874123
202531400000900293,37.534716,126.828133
202531400000900697,37.516164,126.849411
202531400000900058,37.518126,126.870871
202531400000900308,37.53188,126.826662
202531400000900179,37.520968,126.835895
202531400000900448,37.524961,126.873176
202531400000900142,37.519573,126.86359
202531400000900383,37.535408,126.864964
202531400000900304,37.540517,126.825942
202531400000900018,37.522611,126.861254
202531400000900550,37.517603,126.867462
202531400000900869,37.537228,126.884747
202531400000900005,37.507539,126.864375
202531400000900264,37.541607,126.828984
202531400000900284,37.514336,126.839891
202531400000900252,37.527681,126.838991
202531400000900115,37.51915,126.876279
202531400000900764,37.522666,126.847303
202531400000900378,37.541209,126.866289
202531400000900090,37.521189,126.865889
202531400000900621,37.538473,126.864554
202531400000900651,37.506875,126.870878
202531400000900102,37.523202,126.861968
202531400000900257,37.521921,126.826529
202531400000900661,37.520757,126.851681
202531400000900970,37.5322491,126.834611
202531400000900497,37.519466,126.854353
202531400000900080,37.508192,126.868448
202531400000900270,37.532858,126.828379
202531400000900199,37.521598,126.852059
202531400000900008,37.513426,126.875347
202531400000900519,37.522546,126.84978
202531400000900358,37.525046,126.878063
202531400000900539,37.515846,126.852586
202531400000900271,37.529988,126.830139
202531400000900076,37.521103,126.875818
202531400000900512,37.519382,126.828833
202531400000900973,37.51073057,126.8553884
202531400000900193,37.519744,126.841613
202531400000900406,37.540479,126.867209
202531400000900134,37.525482,126.851353
202531400000900507,37.518374,126.837162
202531400000900184,37.53287,126.826091
202531400000900477,37.520568,126.87477
202531400000900566,37.52207,126.830808
202531400000900254,37.528024,126.836748
202531400000900444,37.522272,126.878195
202531400000900906,37.54251,126.865443
202531400000900930,37.550036,126.865498
202531400000900628,37.513088,126.84357
202531400000900599,37.524116,126.857761
202531400000900222,37.533678,126.825571
202531400000900490,37.534906,126.832722
202531400000900103,37.523016,126.856425
202531400000900369,37.547043,126.870083
202531400000900643,37.508008,126.868958
202531400000900693,37.522813,126.854347
202531400000900975,37.54585858,126.8654116
202531400000900355,37.533279,126.887952
202531400000900153,37.520528,126.834555
202531400000900127,37.517033,126.872016
202531400000900783,37.522543,126.837693
202531400000900871,37.536168,126.865277
202531400000900662,37.520946,126.852389
202531400000900167,37.519533,126.844785
202531400000900830,37.533399,126.824361
202531400000900229,37.529007,126.835493
202531400000900499,37.524312,126.838699
202531400000900941,37.536988,126.866286
202531400000900337,37.532451,126.868611
202531400000900287,37.524225,126.848903
202531400000900067,37.514621,126.866859
202531400000900319,37.534576,126.888072
202531400000900591,37.521765,126.848495
202531400000900850,37.546777,126.873605
202531400000900736,37.513749,126.841839
202531400000900548,37.508435,126.869627
202531400000900652,37.513581,126.856153
202531400000900937,37.531059,126.866117
202531400000900098,37.525042,126.851721
202531400000900009,37.513982,126.870036
202531400000900528,37.517038,126.843402
202531400000900300,37.522827,126.841586
202531400000900817,37.536115,126.825506
202531400000900738,37.523715,126.836237
202531400000900623,37.517665,126.868679
202531400000900606,37.514248,126.856094
202531400000900426,37.543587,126.873854
202531400000900863,37.546335,126.869487
202531400000900757,37.533235,126.834928
202531400000900350,37.529585,126.864166
202531400000900283,37.532165,126.83559
202531400000900911,37.54685,126.87595
202531400000900156,37.544013,126.827879
202531400000900493,37.512972,126.875762
202531400000900728,37.523238,126.855534
202531400000900253,37.535865,126.831554
202531400000900291,37.538019,126.834013
202531400000900888,37.540794,126.872667
202531400000900290,37.537597,126.833649
202531400000900391,37.536891,126.865646
202531400000900031,37.543154,126.87363
202531400000900117,37.519376,126.854662
202531400000900414,37.534808,126.886227
202531400000900788,37.534026,126.828638
202531400000900961,37.524556,126.856247
202531400000900183,37.532911,126.826307
202531400000900320,37.538139,126.883142
202531400000900903,37.548493,126.867826
202531400000900093,37.520172,126.854026
202531400000900376,37.523957,126.872185
202531400000900386,37.540555,126.86971
202531400000900816,37.527728,126.832758
202531400000900172,37.528638,126.836984
202531400000900382,37.523526,126.873192
202531400000900565,37.51864,126.839921
202531400000900586,37.514228,126.833795
202531400000900004,37.511009,126.869671
202531400000900508,37.523409,126.844246
202531400000900874,37.545629,126.864211
202531400000900974,37.51038096,126.8564904
202531400000900328,37.547682,126.866233
202531400000900670,37.507462,126.834934
202531400000900227,37.522107,126.845355
202531400000900774,37.527793,126.833824
202531400000900399,37.543566,126.872703
202531400000900217,37.537697,126.832345
202531400000900168,37.530726,126.83722
202531400000900329,37.548702,126.863609
202531400000900099,37.527972,126.858619
202531400000900390,37.538257,126.868786
202531400000900575,37.545961,126.865653
202531400000900885,37.542383,126.864689
202531400000900396,37.544993,126.864661
202531400000900105,37.524713,126.857819
202531400000900727,37.528549,126.859147
202531400000900381,37.545247,126.871588
202531400000900687,37.522088,126.847768
202531400000900213,37.521975,126.82751
202531400000900500,37.53197,126.870013
202531400000900012,37.523835,126.861942
202531400000900232,37.535712,126.830081
202531400000900145,37.520418,126.859881
202531400000900615,37.518029,126.837437
202531400000900415,37.535592,126.864234
202531400000900836,37.538728,126.868784
202531400000900345,37.527141,126.879464
202531400000900362,37.523666,126.865231
202531400000900597,37.524503,126.834213
202531400000900097,37.509203,126.861805
202531400000900891,37.540023,126.866706
202531400000900277,37.523425,126.850497
202531400000900178,37.523152,126.844915
202531400000900883,37.539272,126.864377
202531400000900654,37.518917,126.855906
202531400000900790,37.534191,126.828554
202531400000900496,37.519297,126.877785
202531400000900947,37.542816,126.870857
202531400000900427,37.545951,126.873246
202531400000900745,37.517456,126.831294
202531400000900380,37.545783,126.869593
202531400000900148,37.51724,126.837945
202531400000900312,37.52685,126.838125
202531400000900587,37.514176,126.833229
202531400000900231,37.531693,126.832899
202531400000900705,37.525346,126.862858
202531400000900765,37.522736,126.847555
202531400000900494,37.514743,126.830478
202531400000900560,37.536916,126.868237
202531400000900722,37.510342,126.841647
202531400000900220,37.533738,126.825848
202531400000900923,37.540146,126.870551
202531400000900524,37.515446,126.850699
202531400000900251,37.523527,126.84236
202531400000900569,37.541225,126.873817
202531400000900698,37.509435,126.837032
202531400000900175,37.529378,126.83608
202531400000900668,37.516394,126.851901
202531400000900776,37.533298,126.829323
202531400000900242,37.544924,126.829695
202531400000900010,37.514021,126.869894
202531400000900630,37.522448,126.830742
202531400000900573,37.510381,126.85649
202531400000900553,37.518475,126.868556
202531400000900128,37.517332,126.871727
202531400000900405,37.548488,126.864657
202531400000900086,37.526478,126.858809
202531400000900209,37.536311,126.827265
202531400000900825,37.532281,126.834722
202531400000900466,37.51642,126.827572
202531400000900146,37.519668,126.838477
202531400000900238,37.538931,126.831632
202531400000900101,37.52844,126.862038
202531400000900296,37.518044,126.845689
202531400000900021,37.512535,126.842267
202531400000900876,37.540106,126.87159
202531400000900942,37.542872,126.866834
202531400000900413,37.533405,126.883966
202531400000900125,37.516415,126.850255
202531400000900204,37.514502,126.841412
202531400000900527,37.520831,126.836289
202531400000900161,37.535768,126.834746
202531400000900462,37.543389,126.87923
202531400000900126,37.516377,126.850613
202531400000900307,37.53146,126.826428
202531400000900159,37.534084,126.832264
202531400000900672,37.517785,126.876016
202531400000900829,37.529354,126.832016
202531400000900248,37.52593,126.849202
202531400000900882,37.539572,126.867056
202531400000900203,37.519638,126.831925
202531400000900904,37.537788,126.882212
202531400000900694,37.522875,126.853465
202531400000900478,37.546881,126.878341
202531400000900136,37.52564,126.853182
202531400000900620,37.534792,126.876302
202531400000900089,37.520745,126.876198
202531400000900794,37.535976,126.834043
202531400000900939,37.53698,126.866955
202531400000900085,37.525622,126.856321
202531400000900719,37.524827,126.853119
202531400000900053,37.522166,126.852789
202531400000900197,37.531367,126.830074
202531400000900685,37.528062,126.854636
202531400000900049,37.510692,126.836518
202531400000900373,37.544629,126.866282
202531400000900289,37.528092,126.838049
202531400000900971,37.51867,126.839633
202531400000900192,37.538905,126.82929
202531400000900860,37.536084,126.864129
202531400000900160,37.53372,126.836
202531400000900873,37.541702,126.866799
202531400000900064,37.517173,126.84916
202531400000900211,37.52889,126.83396
202531400000900635,37.53354,126.864846
202531400000900634,37.53052,126.833382
202531400000900228,37.521927,126.844974
202531400000900460,37.541798,126.864166
202531400000900048,37.517408,126.865834
202531400000900868,37.537892,126.884341
202531400000900225,37.527066,126.848066
202531400000900110,37.518623,126.849245
202531400000900188,37.523446,126.833907
202531400000900045,37.524779,126.852245
202531400000900797,37.536886,126.830976
202531400000900828,37.521653,126.842681
202531400000900932,37.542637,126.874014
202531400000900730,37.507112,126.843333
202531400000900482,37.524828,126.832874
202531400000900185,37.531736,126.834474
202531400000900659,37.523491,126.852058
202531400000900729,37.528238,126.856987
202531400000900417,37.531463,126.865795
202531400000900261,37.514769,126.842025
202531400000900688,37.520844,126.850357
202531400000900164,37.537328,126.828404
202531400000900297,37.529067,126.836765
202531400000900055,37.525063,126.860242
202531400000900331,37.549138,126.864228
202531400000900893,37.522845,126.8759
202531400000900803,37.520385,126.84582
202531400000900742,37.530573,126.832433
202531400000900675,37.511897,126.867698
202531400000900637,37.546153,126.880167
202531400000900157,37.536891,126.834254
202531400000900200,37.534446,126.834765
202531400000900280,37.526697,126.83603
202531400000900758,37.534265,126.83428
202531400000900475,37.535303,126.868851
202531400000900767,37.540049,126.830884
202531400000900842,37.528332,126.870198
202531400000900385,37.544217,126.872444
202531400000900234,37.516789,126.836761
202531400000900341,37.530169,126.865255
202531400000900106,37.522988,126.852217
202531400000900208,37.523028,126.837867
202531400000900339,37.525239,126.874042
202531400000900596,37.512305,126.840831
202531400000900226,37.523669,126.846133
202531400000900218,37.538503,126.833362
202531400000900352,37.544049,126.87394
202531400000900647,37.510021,126.854607
202531400000900945,37.544996,126.874339
202531400000900026,37.521947,126.846871
202531400000900820,37.527092,126.839998
202531400000900215,37.542229,126.829039
202531400000900955,37.544155,126.877346
202531400000900467,37.514643,126.856663
202531400000900451,37.518488,126.833819
202531400000900813,37.538249,126.83037
202531400000900956,37.524399,126.840687
202531400000900278,37.525417,126.846225
202531400000900152,37.521978,126.846274
202531400000900418,37.534789,126.867253
202531400000900900,37.536925,126.863692
202531400000900760,37.53816,126.829572
202531400000900265,37.539925,126.826297
202531400000900174,37.52945,126.836931
202531400000900281,37.534014,126.83366
202531400000900642,37.522221,126.829424
202531400000900968,37.516735,126.83817
202531400000900151,37.532169,126.830604
202531400000900595,37.515534,126.838444
202531400000900544,37.529888,126.836967
202531400000900275,37.525241,126.842226
202531400000900953,37.522702,126.849586
202531400000900919,37.542118,126.871297
202531400000900286,37.516837,126.839258
202531400000900938,37.538251,126.867094
202531400000900741,37.535844,126.829013
202531400000900424,37.542896,126.871807
202531400000900243,37.54156,126.827477
202531400000900547,37.507779,126.868412
202531400000900401,37.539045,126.872934
202531400000900421,37.542151,126.86599
202531400000900645,37.509985,126.870549
202531400000900969,37.536205,126.824656
202531400000900072,37.525186,126.853477
202531400000900920,37.544234,126.876023
202531400000900039,37.539694,126.881759
202531400000900121,37.522003,126.855401
202531400000900847,37.533315,126.865607
202531400000900819,37.524661,126.844428
202531400000900006,37.506539,126.864029
202531400000900486,37.518098,126.866905
202531400000900165,37.537666,126.830492
202531400000900169,37.5301,126.837646
202531400000900464,37.52185,126.830563
202531400000900855,37.530733,126.875102
202531400000900678,37.522422,126.859662
202531400000900699,37.519334,126.850002
202531400000900511,37.518329,126.833387
202531400000900147,37.529781,126.833387
202531400000900007,37.509083,126.866852
202531400000900388,37.531148,126.873016
202531400000900522,37.505731,126.866832
202531400000900370,37.546305,126.87501
202531400000900336,37.537265,126.882621
202531400000900513,37.524373,126.842747
202531400000900303,37.522357,126.84314
202531400000900872,37.534367,126.864195
202531400000900212,37.522568,126.82808
202531400000900927,37.538469,126.865462
202531400000900895,37.531493,126.866852
202531400000900752,37.526948,126.844687
202531400000900485,37.520382,126.835802
202531400000900849,37.550825,126.864924
202531400000900402,37.531092,126.865178
202531400000900766,37.528399,126.834869
202531400000900523,37.508359,126.869352
202531400000900538,37.51623,126.85233
202531400000900468,37.506499,126.867816
202531400000900456,37.50912,126.843675
202531400000900656,37.519002,126.868263
202531400000900664,37.516517,126.863696
202531400000900633,37.534656,126.826115
202531400000900962,37.5349606,126.8772786
202531400000900805,37.519889,126.847105
202531400000900898,37.537949,126.865466
202531400000900801,37.53521,126.827605
202531400000900219,37.520186,126.843569
202531400000900177,37.53447,126.826766
202531400000900826,37.517226,126.83704
202531400000900704,37.523132,126.857786
202531400000900014,37.525729,126.854135
202531400000900746,37.538921,126.830575
202531400000900558,37.51258,126.826247
202531400000900154,37.52061,126.834726
202531400000900407,37.545085,126.875733
202531400000900905,37.542842,126.866308
202531400000900884,37.541054,126.865163
202531400000900432,37.539735,126.865171
202531400000900902,37.545639,126.863109
202531400000900489,37.51934,126.854641
202531400000900132,37.51956,126.852405
202531400000900593,37.51127,126.837921
202531400000900118,37.520705,126.874767
202531400000900170,37.528056,126.838625
202531400000900244,37.518578,126.840227
202531400000900409,37.540113,126.873317
202531400000900245,37.523799,126.836791
202531400000900862,37.545844,126.874506
202531400000900182,37.540011,126.829559
202531400000900833,37.525913,126.846428
202531400000900887,37.539689,126.872443
202531400000900250,37.523743,126.843488
202531400000900958,37.516731,126.844697
202531400000900894,37.531142,126.866603
202531400000900124,37.511297,126.868293
202531400000900306,37.525611,126.832751
202531400000900354,37.537651,126.887028
202531400000900423,37.540457,126.866174
202531400000900926,37.535495,126.86685
202531400000900846,37.53277,126.867093
202531400000900886,37.543649,126.862964
202531400000900521,37.507165,126.840879
202531400000900033,37.535119,126.88352
202531400000900050,37.516465,126.87259
202531400000900610,37.526981,126.838147
202531400000900017,37.522557,126.860773
202531400000900545,37.514213,126.851689
202531400000900310,37.53485,126.832564
202531400000900436,37.538301,126.869535
202531400000900481,37.520143,126.832869
202531400000900703,37.528763,126.861579
202531400000900963,37.542288,126.874047
202531400000900112,37.520684,126.850972
202531400000900518,37.518408,126.877612
202531400000900631,37.520401,126.832508
202531400000900735,37.532997,126.830064
202531400000900349,37.525962,126.864528
202531400000900410,37.545015,126.880227
202531400000900367,37.540221,126.86444
202531400000900416,37.537542,126.871752
202531400000900769,37.534766,126.823046
202531400000900465,37.514582,126.825126
202531400000900054,37.522581,126.852557
202531400000900457,37.52175,126.861743
202531400000900246,37.525525,126.839344
202531400000900123,37.516646,126.862863
202531400000900495,37.514113,126.854391
202531400000900754,37.527198,126.83567
202531400000900618,37.541435,126.828543
202531400000900532,37.519927,126.864534
202531400000900452,37.54351,126.86717
202531400000900445,37.52276,126.877443
202531400000900379,37.543016,126.8636
202531400000900001,37.521869,126.873905
202531400000900365,37.537826,126.867763
202531400000900761,37.524921,126.837027
202531400000900695,37.523993,126.85818
202531400000900567,37.524139,126.835391
202531400000900235,37.522798,126.834774
202531400000900322,37.53033,126.866509
202531400000900589,37.517671,126.84802
202531400000900925,37.530104,126.875738
202531400000900249,37.526735,126.846186
202531400000900480,37.535309,126.876742
202531400000900195,37.518976,126.841929
202531400000900690,37.523071,126.854574
202531400000900608,37.517674,126.833436
202531400000900434,37.535684,126.878529
202531400000900515,37.538435,126.885402
202531400000900784,37.531656,126.825493
202531400000900936,37.522567,126.875522
202531400000900313,37.530987,126.8355
202531400000900669,37.515925,126.850105
202531400000900622,37.511384,126.858252
202531400000900392,37.533617,126.865306
202531400000900325,37.525807,126.868106
202531400000900870,37.534872,126.868795
202531400000900374,37.544473,126.868376
202531400000900913,37.542658,126.872648
202531400000900823,37.535225,126.829765
202531400000900856,37.524775,126.875024
202531400000900716,37.528174,126.860112
202531400000900692,37.509045,126.867604
202531400000900795,37.532088,126.831738
202531400000900617,37.515707,126.83609
202531400000900472,37.542726,126.868681
202531400000900605,37.517666,126.858514
202531400000900533,37.524548,126.856249
202531400000900398,37.543685,126.881317
202531400000900852,37.54658,126.873125
202531400000900333,37.549785,126.864394
202531400000900216,37.537468,126.830951
202531400000900301,37.522121,126.838531
202531400000900483,37.521117,126.837176
202531400000900706,37.524458,126.858917
202531400000900796,37.519721,126.836608
202531400000900190,37.523918,126.828555
202531400000900653,37.517351,126.864496
202531400000900629,37.521729,126.876001
202531400000900024,37.520742,126.833729
202531400000900335,37.525416,126.867924
202531400000900853,37.527849,126.874111
202531400000900786,37.53272,126.825243
202531400000900821,37.527121,126.839711
202531400000900851,37.547562,126.87055
202531400000900880,37.545876,126.881348
202531400000900400,37.543749,126.875557
202531400000900568,37.514063,126.853098
202531400000900715,37.505395,126.866719
202531400000900431,37.539308,126.866046
202531400000900877,37.545944,126.878581
202531400000900537,37.534905,126.876722
202531400000900762,37.532653,126.826474
202531400000900068,37.527849,126.855735
202531400000900580,37.510957,126.869879
202531400000900592,37.512555,126.837565
202531400000900302,37.526483,126.847071
202531400000900866,37.524365,126.871568
202531400000900411,37.524192,126.870338
202531400000900305,37.540586,126.826625
202531400000900317,37.534776,126.878522
202531400000900240,37.538381,126.831645
202531400000900658,37.524385,126.855694
202531400000900155,37.51697,126.844753
202531400000900419,37.533145,126.865995
202531400000900298,37.522577,126.83322
202531400000900259,37.524419,126.8324
202531400000900241,37.538784,126.828148
202531400000900395,37.544129,126.86499
202531400000900778,37.529021,126.831276
202531400000900394,37.530756,126.864607
202531400000900526,37.524324,126.840666
202531400000900078,37.51702,126.854941
202531400000900473,37.510103,126.873253
202531400000900429,37.52565,126.873438
202531400000900640,37.541696,126.864262
202531400000900214,37.517081,126.841497
202531400000900239,37.538461,126.832301
202531400000900572,37.510731,126.855388
202531400000900081,37.521264,126.868587
202531400000900802,37.535088,126.827217
202531400000900711,37.508616,126.84486
202531400000900748,37.522736,126.836815
202531400000900233,37.519247,126.837256
202531400000900158,37.521196,126.843612
202531400000900684,37.52352,126.857162
202531400000900162,37.525686,126.83717
202531400000900450,37.521161,126.84471
202531400000900052,37.527698,126.863371
202531400000900777,37.515626,126.844794
202531400000900671,37.506812,126.834729
202531400000900702,37.528883,126.86187
202531400000900096,37.509503,126.868061
202531400000900092,37.519767,126.854036
202531400000900673,37.520924,126.870796
202531400000900775,37.533709,126.826915
202531400000900563,37.505786,126.841009
202531400000900682,37.519937,126.85866
202531400000900781,37.541262,126.83296
202531400000900502,37.520409,126.878153
202531400000900377,37.534274,126.865896
202531400000900838,37.525387,126.870773
202531400000900818,37.534672,126.824426
202531400000900709,37.524012,126.853315
202531400000900285,37.518757,126.836579
202531400000900107,37.511162,126.868219
202531400000900585,37.51382,126.833097
202531400000900655,37.514719,126.858895
202531400000900137,37.528303,126.860782
202531400000900859,37.536463,126.864149
202531400000900890,37.545706,126.876217
202531400000900056,37.527817,126.85733
202531400000900577,37.543587,126.866492
202531400000900559,37.51244,126.826325
202531400000900562,37.543913,126.878271
202531400000900144,37.519499,126.855759
202531400000900780,37.538586,126.828748
202531400000900744,37.523987,126.83357
202531400000900366,37.545258,126.863203
202531400000900773,37.51475,126.84316
202531400000900095,37.521464,126.86056
202531400000900332,37.549872,126.86398
202531400000900488,37.52242,126.831559
202531400000900561,37.542982,126.87716
202531400000900649,37.506487,126.866093
202531400000900753,37.526512,126.844815
202531400000900933,37.546442,126.872079
202531400000900534,37.534951,126.877267
202531400000900976,37.54596086,126.8656527
202531400000900321,37.529626,126.884442
202531400000900964,37.54424934,126.8648231
202531400000900074,37.524074,126.854656
202531400000900011,37.515915,126.87167
202531400000900135,37.525451,126.851025
202531400000900657,37.523473,126.869974
202531400000900724,37.506919,126.843755
202531400000900116,37.520836,126.855593
202531400000900616,37.523071,126.833334
202531400000900588,37.513519,126.845684
202531400000900273,37.534312,126.825095
202531400000900073,37.524058,126.855731
202531400000900163,37.516583,126.843363
202531400000900875,37.542518,126.867981
202531400000900066,37.515491,126.86088
202531400000900346,37.528891,126.872675
202531400000900015,37.525925,126.85567
202531400000900122,37.522786,126.858369
202531400000900133,37.515562,126.850945
202531400000900721,37.525799,126.858021
202531400000900756,37.532505,126.83159
202531400000900108,37.516334,126.848512
202531400000900404,37.538481,126.868047
202531400000900013,37.522918,126.85957
202531400000900435,37.541322,126.872481
202531400000900514,37.538162,126.88534
202531400000900492,37.512927,126.87553
202531400000900540,37.511123,126.839515
202531400000900036,37.533172,126.86994
202531400000900003,37.510732,126.860547
202531400000900949,37.518474,126.877613
202531400000900166,37.53756,126.829643
202531400000900224,37.524059,126.842758
202531400000900025,37.522739,126.831018
202531400000900747,37.538369,126.831158
202531400000900237,37.51581,126.837145
202531400000900723,37.514597,126.828314
202531400000900966,37.508252,126.868731
202531400000900205,37.545387,126.829032
202531400000900487,37.518387,126.869505
202531400000900578,37.54403,126.866205
202531400000900458,37.5334,126.864641
202531400000900551,37.518377,126.868869
202531400000900865,37.52412,126.873281
202531400000900950,37.5168202,126.8788492
202531400000900113,37.518499,126.874239
202531400000900180,37.515271,126.836979
202531400000900743,37.52115,126.831514
202531400000900503,37.522253,126.878615
202531400000900206,37.539303,126.833779
202531400000900912,37.54402,126.880394
202531400000900061,37.525914,126.863544
202531400000900038,37.532298,126.880664
202531400000900129,37.521829,126.850011
202531400000900517,37.543358,126.879566
202531400000900037,37.542784,126.881434
202531400000900256,37.523787,126.835159
202531400000900881,37.536264,126.879732
202531400000900403,37.535036,126.866517
202531400000900077,37.521211,126.85831
202531400000900046,37.510467,126.867362
202531400000900267,37.520198,126.842118
202531400000900375,37.542352,126.870561
202531400000900841,37.543908,126.882559
202531400000900896,37.532911,126.868396
202531400000900557,37.51249,126.826635
202531400000900484,37.521904,126.836576
202531400000900019,37.524062,126.859373
202531400000900449,37.527748,126.876031
202531400000900935,37.546552,126.87805
202531400000900861,37.541894,126.867868
202531400000900279,37.526653,126.836971
202531400000900276,37.519485,126.846512
202531400000900681,37.515946,126.851475
202531400000900187,37.522978,126.834287
202531400000900943,37.53994,126.867035
202531400000900520,37.522695,126.849625
202531400000900509,37.519962,126.834282
202531400000900734,37.53871,126.827232
202531400000900210,37.528806,126.833298
202531400000900814,37.524273,126.836134
202531400000900574,37.545859,126.865412
202531400000900173,37.528769,126.836214
202531400000900428,37.545337,126.873322
202531400000900948,37.523801,126.873941
202531400000900581,37.505578,126.866742
202531400000900361,37.545734,126.86778
202531400000900864,37.542359,126.879932
202531400000900689,37.522076,126.874845
202531400000900713,37.521154,126.861152
202531400000900141,37.513999,126.874
202531400000900372,37.534367,126.865144
202531400000900387,37.525733,126.875395
202531400000900433,37.543267,126.865662
202531400000900901,37.535176,126.865007
202531400000900196,37.531211,126.830323
202531400000900854,37.527858,126.875208
202531400000900731,37.507151,126.843591
202531400000900324,37.535783,126.888005
202531400000900614,37.511079,126.838872
202531400000900834,37.529638,126.834137
202531400000900543,37.526267,126.844995
202531400000900439,37.545272,126.873849
202531400000900100,37.526708,126.86296
202531400000900944,37.542738,126.867649
202531400000900638,37.527696,126.872887
202531400000900094,37.520431,126.853642
202531400000900530,37.516176,126.843714
202531400000900057,37.51816,126.849569
202531400000900028,37.523056,126.872283
202531400000900442,37.536623,126.883011
202531400000900907,37.550452,126.864625
202531400000900792,37.533347,126.83173
202531400000900843,37.53668,126.880443
202531400000900531,37.517939,126.863066
202531400000900598,37.525081,126.86184
202531400000900139,37.522909,126.86344
202531400000900726,37.522092,126.876611
202531400000900824,37.533116,126.834217
202531400000900740,37.527475,126.847937
202531400000900584,37.534746,126.876321
202531400000900359,37.533689,126.876855
202531400000900644,37.509557,126.87026
202531400000900791,37.523084,126.849952
202531400000900763,37.532966,126.828101
202531400000900717,37.522331,126.85822
202531400000900931,37.543034,126.864687
202531400000900785,37.532566,126.82456
202531400000900683,37.505983,126.864231
202531400000900787,37.526168,126.833556
202531400000900536,37.535465,126.877399
202531400000900914,37.544789,126.870268
202531400000900262,37.536723,126.829855
202531400000900051,37.514179,126.87663
202531400000900247,37.523055,126.848631
202531400000900069,37.527426,126.861785
202531400000900181,37.537127,126.832205
202531400000900965,37.513405,126.85153
202531400000900951,37.5169266,126.8779332
202531400000900016,37.526173,126.857525
202531400000900022,37.516827,126.838019
202531400000900430,37.52502,126.867785
202531400000900314,37.529663,126.87455
202531400000900940,37.536554,126.867055
202531400000900343,37.538243,126.873279
202531400000900082,37.524256,126.857588
202531400000900619,37.526254,126.848382
202531400000900845,37.537389,126.884664
202531400000900084,37.527099,126.85437
202531400000900459,37.53868,126.864642
202531400000900696,37.5132,126.8349
202531400000900171,37.527985,126.83588
202531400000900921,37.544042,126.871681
202531400000900525,37.544122,126.877441
202531400000900498,37.538187,126.831677
202531400000900648,37.510569,126.857346
202531400000900088,37.515291,126.848879
202531400000900338,37.543292,126.88188
202531400000900119,37.508548,126.864621
202531400000900535,37.534074,126.877212
202531400000900440,37.541115,126.870967
202531400000900230,37.534566,126.830794
202531400000900915,37.532076,126.866196
202531400000900809,37.534468,126.831312
202531400000900674,37.52099,126.856937
202531400000900732,37.521988,126.848571
202531400000900438,37.543601,126.863942
202531400000900663,37.507328,126.867253
202531400000900665,37.524175,126.851738
202531400000900857,37.525589,126.869548
202531400000900611,37.545125,126.865068
202531400000900420,37.549212,126.865691
202531400000900612,37.549277,126.865425
202531400000900804,37.521851,126.844092
202531400000900831,37.520429,126.846496
202531400000900680,37.509664,126.846502
202531400000900002,37.510121,126.860915
202531400000900844,37.531671,126.876984
202531400000900837,37.528577,126.874624
202531400000900294,37.534952,126.828063
202531400000900510,37.518237,126.834009
202531400000900295,37.527145,126.837946
202531400000900839,37.5465,126.862899
202531400000900858,37.528804,126.880805
202531400000900131,37.521721,126.849779
202531400000900779,37.523061,126.830834
202531400000900878,37.544629,126.876444
202531400000900189,37.523953,126.827984
202531400000900867,37.537121,126.883765
202531400000900650,37.51033,126.866487
202531400000900918,37.538433,126.871198
202531400000900910,37.54461,126.867431
202531400000900309,37.534848,126.832354
202531400000900194,37.518856,126.842716
202531400000900043,37.507322,126.862668
202531400000900393,37.533707,126.86482
202531400000900176,37.521711,126.830489
202531400000900255,37.532475,126.833058
202531400000900201,37.533636,126.830886
202531400000900023,37.541759,126.831497
202531400000900782,37.525354,126.837783
202531400000900114,37.521684,126.875543
202531400000900042,37.521896,126.875702
202531400000900461,37.541445,126.87666
202531400000900601,37.512548,126.861524
202531400000900835,37.530489,126.833572
202531400000900571,37.539401,126.873076
202531400000900924,37.54604,126.880184
202531400000900446,37.522375,126.877182
202531400000900639,37.534571,126.877302
202531400000900140,37.523621,126.863249
202531400000900198,37.531491,126.830082
202531400000900897,37.538869,126.870148
202531400000900552,37.517888,126.867575
202531400000900848,37.53757,126.866286
202531400000900570,37.539475,126.873785
202531400000900751,37.534901,126.825899
202531400000900546,37.514351,126.851065
202531400000900425,37.541797,126.870398
202531400000900934,37.539768,126.868758
202531400000900070,37.526112,126.860116
202531400000900822,37.535538,126.831484
202531400000900549,37.529146,126.835592
202531400000900469,37.510602,126.852134
202531400000900899,37.532553,126.864443
202531400000900441,37.539692,126.875117
202531400000900554,37.512498,126.840645
202531400000900326,37.546461,126.863387
202531400000900708,37.529049,126.863253
202531400000900879,37.546723,126.868822
202531400000900660,37.516058,126.852289
202531400000900191,37.517567,126.842704
202531400000900471,37.533386,126.887821
202531400000900799,37.531782,126.827918
202531400000900720,37.525761,126.857428
202531400000900035,37.523974,126.868794
202531400000900749,37.536592,126.826036
202531400000900770,37.531159,126.829157
202531400000900437,37.537977,126.864246
202531400000900583,37.511934,126.834563
202531400000900059,37.521945,126.854743
202531400000900311,37.535289,126.833672
202531400000900556,37.51204,126.826687
202531400000900929,37.541593,126.86495
202531400000900712,37.51674,126.849458
202531400000900607,37.520205,126.836163
202531400000900075,37.519872,126.875492
202531400000900353,37.544288,126.874663
202531400000900186,37.520805,126.830531
202531400000900798,37.533077,126.82716
202531400000900340,37.537264,126.879845
202531400000900318,37.537033,126.871863
202531400000900737,37.51992,126.844532
202531400000900491,37.506819,126.864157
202531400000900455,37.524664,126.856025
202531400000900957,37.517384,126.8432806
202531400000900083,37.527372,126.852624
202531400000900768,37.520115,126.839654
202531400000900364,37.533926,126.863784
202531400000900714,37.520216,126.876603
202531400000900384,37.54204,126.865368
202531400000900954,37.506722,126.839332
202531400000900504,37.507088,126.868634
202531400000900047,37.510932,126.868251
202531400000900422,37.548031,126.866808
202531400000900266,37.519898,126.839048
202531400000900676,37.526978,126.861685
202531400000900342,37.549967,126.866531
202531400000900130,37.521717,126.8494
202531400000900579,37.543763,126.867632
202531400000900368,37.547979,126.865006
202531400000900889,37.545788,126.875899
202531400000900718,37.525447,126.85493
202531400000900408,37.546304,126.876356
202531400000900960,37.519981,126.864612
202531400000900917,37.541799,126.871456
202531400000900060,37.524899,126.851314
202531400000900827,37.524674,126.833053
202531400000900710,37.50923,126.845283
202531400000900516,37.542918,126.876012
202531400000900292,37.536228,126.824247
202531400000900506,37.513581,126.845362
202531400000900600,37.538671,126.828343
202531400000900624,37.51826,126.867848
202531400000900041,37.519175,126.853523
202531400000900029,37.522721,126.874568
202531400000900282,37.533113,126.834997
202531400000900909,37.54358,126.865059
202531400000900357,37.524578,126.878293
202531400000900505,37.527387,126.862002
202531400000900922,37.545411,126.868776
202531400000900733,37.521628,126.862339
202531400000900453,37.513469,126.840453
202531400000900149,37.5352,126.823015
202531400000900091,37.519665,126.857187
202531400000900363,37.542947,126.88411
202531400000900789,37.53423,126.828121
202531400000900269,37.532424,126.828414
202531400000900604,37.511865,126.834815
202531400000900447,37.527629,126.864347
202531400000900771,37.520861,126.84696
202531400000900641,37.535169,126.868664
202531400000900811,37.523721,126.835855
202531400000900389,37.53411,126.868819
202531400000900959,37.517935,126.863077
202531400000900946,37.540919,126.870464
202531400000900667,37.526178,126.852774
202531400000900079,37.516651,126.855046
202531400000900707,37.524976,126.859046
202531400000900479,37.527883,126.873928
202531400000900594,37.522084,126.85505
202531400000900044,37.507635,126.862515
202531400000900351,37.530109,126.870883
202531400000900347,37.524539,126.876511
202531400000900334,37.544799,126.862367
202531400000900793,37.533376,126.83337
202531400000900613,37.543224,126.869029
202531400000900677,37.525205,126.852799
202531400000900590,37.545427,126.871554
202531400000900316,37.54117,126.869762
202531400000900476,37.527259,126.862044
202531400000900529,37.516699,126.844772
202531400000900236,37.518747,126.844036
202531400000900063,37.516955,126.848918
202531400000900348,37.525899,126.865006
202531400000900065,37.519499,126.873847
202531400000900808,37.535551,126.832837
202531400000900686,37.517655,126.850051
202531400000900356,37.542,126.869094
202531400000900272,37.529976,126.830994
202531400000900474,37.528598,126.862113
202531400000900542,37.521636,126.861948
202531400000900759,37.520284,126.837234
202531400000900603,37.52787,126.856526
202531400000900750,37.536462,126.825179
202531400000900327,37.546547,126.863476
202531400000900150,37.537947,126.828589
202531400000900032,37.54317,126.872888
202531400000900344,37.52448,126.872775
202531400000900288,37.524905,126.843678
202531400000900627,37.52639,126.858339
202531400000900679,37.526611,126.852986
202531400000900221,37.533629,126.824963
202531400000900315,37.543881,126.870386
202531400000900268,37.524325,126.841134
202531400000900972,37.52207004,126.8308081
202531400000900360,37.531713,126.865071
202531400000900800,37.532498,126.825588
202531400000900772,37.527298,126.837167
202531400000900916,37.540981,126.869143
202531400000900260,37.515751,126.838613
202531400000900501,37.531794,126.870615
202531400000900602,37.512675,126.831689
202531400000900454,37.526525,126.855183
202531400000900582,37.512351,126.834936
202531400000900263,37.542005,126.828282
202531400000900104,37.525156,126.85779
202531400000900541,37.54223,126.874419
202531400000900576,37.54611,126.865441
202531400000900087,37.520049,126.850741
202531400000900725,37.518656,126.850543
202531400000900815,37.517365,126.839562
202531400000900609,37.519954,126.842054
202531400000900027,37.532447,126.885586
202531400000900323,37.525502,126.876779
202531400000900810,37.523488,126.831845
202531400000900397,37.538189,126.872525
202531400000900202,37.520713,126.832307
202531400000900908,37.532852,126.875592
202531400000900892,37.539932,126.867649
202531400000900625,37.526568,126.854914
202531400000900207,37.521152,126.843072
202531400000900143,37.517428,126.856725
202531400000900928,37.537272,126.869984
202531400000900807,37.529533,126.837986
202531400000900258,37.520724,126.8316
202531400000900952,37.522549,126.849769
202531400000900020,37.512701,126.838896
202531400000900701,37.509269,126.866476
202531400000900330,37.548444,126.867165
202531400000900739,37.536032,126.827941
202531400000900223,37.533512,126.828909
202531400000900299,37.517743,126.841083
202531400000900755,37.532548,126.831435
202531400000900371,37.540594,126.872086
202531400000900030,37.536099,126.875154
202531400000900062,37.524167,126.864201
202531400000900274,37.535708,126.826155
202531400000900071,37.526351,126.860008
202531400000900470,37.510846,126.849216
202531400000900138,37.528135,126.856353
202531400000900109,37.516003,126.848473
202531400000900812,37.537725,126.827879
202531400000900700,37.518137,126.872446
202531400000900632,37.532152,126.828694
202531400000900967,37.518327,126.868446
202531400000900555,37.512211,126.826395
202531400000900040,37.534388,126.867701
202531400000900666,37.526156,126.852654
202531400000900412,37.523279,126.876191
202531400000900443,37.536288,126.877301
202631500000900247,37.54936344,126.8327151
202631500000900242,37.58509749,126.8107388
202631500000900241,37.56372617,126.8080991
202631500000900248,37.55336588,126.8357561
202631500000900249,37.5529705,126.8332956
202631500000900250,37.55468428,126.8378837
202631500000900251,37.53690765,126.8628226
202631500000900244,37.56326287,126.8071524
202631500000900245,37.57423257,126.8156736
202631500000900243,37.57080008,126.8073961
202631500000900246,37.57433883,126.8116434
202631500000901148,37.567135,126.84733
202631500000900987,37.54749,126.84499
202631500000900986,37.54672503,126.8438244
202631500000900988,37.54542253,126.8440005
202631500000900014,37.551666,126.844166
202631500000900765,37.53009,126.8537
202631500000900764,37.533863,126.861244
202631500000900766,37.530087,126.856926
202631500000900767,37.535236,126.83588
202631500000901138,37.55751,126.81483
202631500000900772,37.577769,126.813155
202631500000900773,37.582245,126.81319
202631500000901137,37.55597432,126.816314
202631500000900768,37.53354,126.84199
202631500000900770,37.528107,126.84598
202631500000900769,37.535706,126.84044
202631500000900771,37.54832,126.84407
202631500000900823,37.541595,126.84833
202631500000900822,37.539017,126.85162
202631500000901208,37.568223,126.852913
202631500000901209,37.566465,126.855866
202631500000901211,37.578604,126.816657
202631500000901210,37.576116,126.81208
202631500000901207,37.57045,126.848988
202631500000900828,37.545162,126.85052
202631500000900825,37.54683,126.84782
202631500000900826,37.54064,126.84297
202631500000900827,37.54351,126.84394
202631500000900128,37.55067,126.85188
202631500000900127,37.5774054,126.8364289
202631500000900120,37.5590542,126.8669979
202631500000900121,37.55879565,126.8656847
202631500000900125,37.55098376,126.830103
202631500000900129,37.55496621,126.8254992
202631500000900119,37.55855065,126.8673091
202631500000900123,37.5780411,126.8348875
202631500000900124,37.58119581,126.8147536
202631500000900126,37.57633852,126.838668
202631500000900824,37.545986,126.84873
202631500000900122,37.5788531,126.8329992
202631500000900332,37.54598,126.859673
202631500000900330,37.534369,126.855074
202631500000900331,37.541506,126.84386
202631500000900130,37.55508976,126.8252726
202631500000900335,37.550347,126.876623
202631500000900338,37.572221,126.837167
202631500000900336,37.570751,126.83768
202631500000900337,37.57174,126.837341
202631500000900339,37.571681,126.836666
202631500000900340,37.57191,126.836634
202631500000900341,37.572632,126.83651
202631500000900343,37.574728,126.836875
202631500000900342,37.574123,126.837009
202631500000900334,37.550169,126.877178
202631500000900344,37.576045,126.836803
202631500000900346,37.5822253,126.807186
202631500000900333,37.553518,126.868472
202631500000900347,37.5572655,126.868039
202631500000900253,37.55621925,126.8184653
202631500000900252,37.56401248,126.8110469
202631500000900254,37.56101028,126.8636245
202631500000900255,37.572996,126.839665
202631500000900705,37.579197,126.81064
202631500000900706,37.57597,126.818192
202631500000900707,37.576084,126.81423
202631500000900345,37.547087,126.822861
202631500000900257,37.580195,126.812501
202631500000900258,37.575176,126.818909
202631500000900259,37.577973,126.810469
202631500000900260,37.569894,126.809513
202631500000900256,37.55173,126.875292
202631500000900395,37.53635106,126.8579446
202631500000900394,37.548816,126.851943
202631500000900391,37.5527961,126.8433134
202631500000900392,37.53140943,126.851349
202631500000900393,37.535202,126.847181
202631500000900240,37.54546242,126.8444753
202631500000900239,37.54784565,126.8445411
202631500000900238,37.54367484,126.8434493
202631500000900398,37.54266256,126.8359132
202631500000900237,37.53038388,126.8425353
202631500000900397,37.53376744,126.8622876
202631500000900982,37.543495,126.84226
202631500000900981,37.556843,126.84346
202631500000900396,37.54614679,126.8368106
202631500000900984,37.553474,126.86286
202631500000900985,37.54576774,126.8447369
202631500000900983,37.553047,126.838196
202631500000900989,37.54435419,126.8435521
202631500000900763,37.5354,126.858185
202631500000900990,37.557137,126.84202
202631500000900715,37.56915,126.816895
202631500000900716,37.553017,126.82328
202631500000900717,37.55475,126.836815
202631500000900718,37.553417,126.83027
202631500000900709,37.579613,126.81066
202631500000900708,37.5751,126.81381
202631500000900710,37.571682,126.80895
202631500000900712,37.57269,126.80485
202631500000900713,37.574234,126.81386
202631500000900714,37.57383,126.80557
202631500000900711,37.56946,126.80767
202631500000901139,37.558514,126.81223
202631500000901140,37.559925,126.80925
202631500000901141,37.560505,126.810776
202631500000901143,37.55469,126.817
202631500000901142,37.5633,126.811874
202631500000901147,37.56723,126.84237
202631500000901146,37.554474,126.815155
202631500000901144,37.555607,126.818855
202631500000901145,37.556152,126.816986
202631500000900068,37.57603716,126.8217709
202631500000900069,37.57488239,126.8222689
202631500000900071,37.54695352,126.8514316
202631500000901149,37.571747,126.83893
202631500000900457,37.56562536,126.8344958
202631500000900455,37.56710356,126.8385053
202631500000900456,37.56837613,126.8355952
202631500000900454,37.56776833,126.8401215
202631500000900136,37.58098516,126.8140097
202631500000900072,37.55177963,126.8738151
202631500000900074,37.55115787,126.8696035
202631500000900453,37.56888866,126.8385857
202631500000900073,37.55598179,126.8268323
202631500000900070,37.5744942,126.8217604
202631500000900132,37.55547982,126.8255319
202631500000900131,37.55531544,126.8255691
202631500000900133,37.58190162,126.812397
202631500000900003,37.542222,126.852777
202631500000900458,37.56539602,126.8365869
202631500000900137,37.53735993,126.8375846
202631500000900134,37.58160524,126.8129949
202631500000900135,37.58169429,126.8137561
202631500000900138,37.56845348,126.8410035
202631500000900664,37.531055,126.84916
202631500000900663,37.54063,126.84785
202631500000900141,37.53057527,126.8476345
202631500000900142,37.54158769,126.8407635
202631500000900139,37.56126137,126.8550646
202631500000900140,37.56082912,126.8552494
202631500000900662,37.54012,126.84645
202631500000900528,37.56883496,126.8517801
202631500000900668,37.551876,126.855675
202631500000900665,37.549862,126.84881
202631500000900666,37.5482226,126.8531073
202631500000900667,37.552235,126.854095
202631500000900352,37.5392602,126.844201
202631500000900671,37.53338,126.86185
202631500000900669,37.537155,126.85722
202631500000900670,37.53338,126.85755
202631500000900348,37.5394831,126.856051
202631500000900349,37.5496162,126.857647
202631500000900350,37.5552924,126.8526958
202631500000900351,37.53690121,126.8365796
202631500000901219,37.558899,126.865012
202631500000901220,37.563606,126.85636
202631500000900672,37.53884,126.85768
202631500000900850,37.53816,126.84738
202631500000900854,37.52885,126.850716
202631500000900851,37.534657,126.847626
202631500000900852,37.53576924,126.8490156
202631500000900853,37.53035,126.85042
202631500000900849,37.535496,126.84995
202631500000900847,37.53471,126.84889
202631500000901221,37.570576,126.843068
202631500000900848,37.529385,126.84936
202631500000901222,37.53433,126.850687
202631500000900846,37.53135,126.848526
202631500000900857,37.536987,126.84555
202631500000900529,37.5332289,126.8582484
202631500000901088,37.572437,126.837135
202631500000900855,37.53771,126.848724
202631500000900722,37.555374,126.836395
202631500000900721,37.5527,126.82309
202631500000900719,37.55114,126.83131
202631500000900720,37.551704,126.838646
202631500000900856,37.538136,126.84638
202631500000901089,37.558264,126.847452
202631500000900723,37.569145,126.81963
202631500000901091,37.55767,126.850655
202631500000901090,37.558716,126.851685
202631500000900934,37.533806,126.845276
202631500000900399,37.53930439,126.8390077
202631500000900400,37.53220918,126.843159
202631500000900401,37.54546918,126.8482584
202631500000900001,37.579722,126.816388
202631500000900002,37.580513,126.815496
202631500000900006,37.581666,126.815
202631500000900007,37.579889,126.818413
202631500000900004,37.552499,126.843055
202631500000900005,37.576454,126.839172
202631500000900008,37.579961,126.815551
202631500000900459,37.56510808,126.8394882
202631500000900011,37.544777,126.850876
202631500000900009,37.5382,126.854754
202631500000900010,37.541339,126.861887
202631500000900463,37.56239099,126.8339527
202631500000900460,37.56359418,126.8371379
202631500000900461,37.56220947,126.83854
202631500000900462,37.56213906,126.8360327
202631500000900465,37.56015947,126.8358295
202631500000900466,37.55967432,126.8377133
202631500000900467,37.55840376,126.8333683
202631500000900468,37.55624341,126.8330791
202631500000900469,37.55605884,126.835113
202631500000900464,37.56089573,126.8337254
202631500000901046,37.56652,126.810905
202631500000901042,37.587597,126.80256
202631500000901043,37.5666084,126.8081727
202631500000901044,37.56536,126.80875
202631500000901045,37.565456,126.81067
202631500000901048,37.569897,126.81041
202631500000901049,37.564333,126.81219
202631500000901050,37.569582,126.814984
202631500000900829,37.541668,126.846924
202631500000900836,37.540924,126.849884
202631500000900835,37.54081,126.85245
202631500000901047,37.56867,126.8105
202631500000900837,37.53853,126.84928
202631500000900834,37.539085,126.84802
202631500000900839,37.544273,126.8488
202631500000900859,37.53113,126.84995
202631500000900838,37.54268,126.84806
202631500000900830,37.542118,126.84589
202631500000900832,37.5407,126.851
202631500000900833,37.539642,126.85014
202631500000900831,37.53856,126.85023
202631500000900858,37.533466,126.84876
202631500000900861,37.532166,126.85077
202631500000900860,37.535595,126.8479
202631500000900862,37.53358,126.85029
202631500000900863,37.536743,126.850494
202631500000900543,37.56501868,126.8414201
202631500000900531,37.57588758,126.820069
202631500000900537,37.57600435,126.8022982
202631500000900534,37.56268773,126.8532672
202631500000900535,37.52871161,126.847268
202631500000900536,37.57666839,126.8086905
202631500000900864,37.554708,126.853702
202631500000900533,37.55724687,126.8401383
202631500000900532,37.57967183,126.8020755
202631500000900539,37.56461114,126.8532987
202631500000900538,37.56175861,126.8558115
202631500000900016,37.574086,126.839298
202631500000900015,37.5825,126.808055
202631500000900540,37.53657554,126.8493246
202631500000900541,37.56268396,126.8454291
202631500000900542,37.55988963,126.843775
202631500000900544,37.55561457,126.8428841
202631500000900012,37.555079,126.844538
202631500000900013,37.548888,126.844444
202631500000900545,37.55243935,126.8300114
202631500000900264,37.568002,126.816227
202631500000900017,37.5430874,126.8507525
202631500000900018,37.5434744,126.8506345
202631500000900020,37.5424131,126.8525847
202631500000900019,37.5379916,126.8549085
202631500000900262,37.566603,126.806999
202631500000900263,37.570498,126.821252
202631500000900265,37.563267,126.848336
202631500000900021,37.5424386,126.8538078
202631500000900261,37.58297,126.798864
202631500000900268,37.548003,126.825411
202631500000900267,37.554971,126.82531
202631500000900269,37.555938,126.837715
202631500000900266,37.56157,126.852019
202631500000900270,37.55726,126.842127
202631500000900271,37.570065,126.847249
202631500000900610,37.53179528,126.8540915
202631500000900612,37.55043343,126.8476391
202631500000900611,37.55952369,126.812339
202631500000900614,37.57088625,126.8109946
202631500000900615,37.54705899,126.8333114
202631500000901159,37.549124,126.8622
202631500000901156,37.572,126.83961
202631500000901157,37.566649,126.81311
202631500000901158,37.537586,126.84299
202631500000900272,37.573436,126.83821
202631500000901154,37.569275,126.84274
202631500000901152,37.572647,126.84272
202631500000901150,37.5722,126.846535
202631500000901153,37.56932,126.84223
202631500000901151,37.573273,126.844635
202631500000900616,37.56412794,126.810134
202631500000900613,37.52776931,126.8438131
202631500000901155,37.57115,126.840034
202631500000901161,37.557196,126.812271
202631500000900774,37.576054,126.81893
202631500000900775,37.5824,126.813286
202631500000900776,37.573544,126.82129
202631500000901160,37.542357,126.85236
202631500000900608,37.56313458,126.8140637
202631500000900605,37.53214887,126.8422185
202631500000900606,37.54961785,126.8616826
202631500000900470,37.55513659,126.8350023
202631500000900603,37.5535452,126.8525311
202631500000900601,37.54281273,126.8383554
202631500000900602,37.54446807,126.8394048
202631500000900604,37.56042419,126.8121949
202631500000900673,37.53187,126.85186
202631500000901040,37.578716,126.801895
202631500000901041,37.580162,126.79999
202631500000900609,37.53171171,126.8414103
202631500000900600,37.54345345,126.8336831
202631500000900471,37.56138846,126.8304064
202631500000900991,37.54323,126.841324
202631500000900607,37.57196381,126.8402633
202631500000901038,37.56933,126.80874
202631500000900381,37.56786,126.807541
202631500000900379,37.55979523,126.8639865
202631500000900380,37.55117716,126.8517453
202631500000900378,37.55486935,126.8160107
202631500000900928,37.530773,126.856544
202631500000901036,37.57852,126.8141
202631500000900932,37.53679,126.84161
202631500000900933,37.529366,126.84017
202631500000901039,37.564371,126.80808
202631500000900926,37.53471,126.85567
202631500000900927,37.52942,126.8552
202631500000900931,37.536232,126.838286
202631500000900929,37.534367,126.85233
202631500000900930,37.5358,126.8528
202631500000900067,37.57794229,126.8199777
202631500000900389,37.556369,126.844625
202631500000900387,37.57422734,126.8428336
202631500000901037,37.572193,126.808945
202631500000900575,37.53860041,126.836208
202631500000900377,37.55158499,126.865429
202631500000900052,37.558432,126.810906
202631500000900390,37.5532609,126.842613
202631500000900388,37.55425731,126.8434987
202631500000900065,37.55225,126.869613
202631500000900385,37.55631073,126.8679754
202631500000900386,37.54214847,126.8534303
202631500000900382,37.54555086,126.8412291
202631500000900056,37.545877,126.82286
202631500000900057,37.572576,126.839944
202631500000900383,37.57735093,126.8202326
202631500000900384,37.54186477,126.8547062
202631500000900053,37.556574,126.814794
202631500000900054,37.554872,126.816558
202631500000900055,37.5507,126.83457
202631500000900066,37.54721477,126.8235737
202631500000900058,37.553105,126.849393
202631500000900059,37.552753,126.853364
202631500000900061,37.558867,126.842036
202631500000900060,37.547048,126.835469
202631500000900063,37.556864,126.851462
202631500000900977,37.530922,126.84543
202631500000900976,37.535915,126.84214
202631500000900062,37.559039,126.840457
202631500000900651,37.5386339,126.841788
202631500000900650,37.54679753,126.8441643
202631500000900064,37.551999,126.866511
202631500000900979,37.545969,126.842714
202631500000900978,37.5426096,126.84032
202631500000900980,37.54547,126.839905
202631500000900975,37.53582,126.83899
202631500000900974,37.538513,126.83473
202631500000900750,37.56979,126.84845
202631500000900755,37.53718,126.84319
202631500000900751,37.566875,126.85129
202631500000900752,37.570473,126.840706
202631500000900923,37.52977,126.853134
202631500000900924,37.533806,126.8551
202631500000900758,37.54244,126.85205
202631500000900760,37.535908,126.85073
202631500000900759,37.53497,126.84667
202631500000900761,37.53208,126.84817
202631500000900757,37.54199,126.85529
202631500000900756,37.53737,126.844666
202631500000900451,37.57052744,126.8310918
202631500000900106,37.55023422,126.8401736
202631500000900753,37.56964,126.84001
202631500000901136,37.554928,126.81371
202631500000900925,37.53218,126.85349
202631500000900749,37.560257,126.86256
202631500000900754,37.537266,126.842566
202631500000900050,37.559345,126.810252
202631500000900447,37.56644807,126.8214493
202631500000900448,37.56883865,126.8401177
202631500000900449,37.56411395,126.8338015
202631500000900450,37.56802862,126.8307206
202631500000900452,37.57246035,126.8314085
202631500000900051,37.558398,126.814184
202631500000900762,37.53825,126.84769
202631500000900107,37.54912444,126.8423714
202631500000900113,37.5567161,126.8681418
202631500000900114,37.55844995,126.8683101
202631500000900112,37.5575549,126.867253
202631500000900115,37.5588177,126.8682159
202631500000901029,37.588676,126.802444
202631500000901030,37.564484,126.81119
202631500000901031,37.56655,126.80946
202631500000900116,37.55864595,126.8694252
202631500000900117,37.5595086,126.8678364
202631500000900108,37.55059798,126.8443713
202631500000900109,37.556034,126.837657
202631500000900110,37.5653765,126.8279366
202631500000900111,37.5583558,126.866233
202631500000900118,37.5594875,126.8672435
202631500000901032,37.566696,126.81133
202631500000900652,37.54018418,126.8470577
202631500000901035,37.579174,126.80111
202631500000901033,37.578556,126.80288
202631500000901034,37.58038,126.80337
202631500000900653,37.53738847,126.8500462
202631500000900657,37.547783,126.84917
202631500000900964,37.53564069,126.8403969
202631500000900965,37.53727,126.84062
202631500000900966,37.53369,126.839853
202631500000900967,37.533447,126.83812
202631500000900022,37.5419962,126.8543979
202631500000900023,37.542077,126.8523004
202631500000900084,37.55734447,126.8608301
202631500000900085,37.55866254,126.850087
202631500000900086,37.56777788,126.853289
202631500000900087,37.5494036,126.8558097
202631500000900088,37.5467576,126.8562968
202631500000900617,37.5368324,126.8472794
202631500000900618,37.54448697,126.8488936
202631500000900619,37.53673125,126.8551185
202631500000900620,37.53331872,126.8561864
202631500000900498,37.56010952,126.8199168
202631500000900499,37.56669331,126.8174875
202631500000900500,37.56297555,126.8187047
202631500000901206,37.573391,126.844031
202631500000900658,37.539673,126.843864
202631500000900659,37.54266117,126.8469358
202631500000900660,37.540302,126.84852
202631500000900661,37.54356,126.84662
202631500000901197,37.533002,126.844804
202631500000901198,37.533505,126.845509
202631500000901199,37.532756,126.844059
202631500000901200,37.533506,126.843488
202631500000901201,37.560145,126.846575
202631500000901202,37.560969,126.84714
202631500000901203,37.554593,126.858718
202631500000901204,37.532454,126.860038
202631500000901205,37.533163,126.859347
202631500000900654,37.53399367,126.8597204
202631500000900656,37.538746,126.84706
202631500000900655,37.54047,126.848
202631500000900948,37.536175,126.83926
202631500000900949,37.534313,126.83865
202631500000900950,37.534924,126.84032
202631500000900951,37.535324,126.84144
202631500000900952,37.534534,126.843
202631500000900953,37.534176,126.84125
202631500000900954,37.53377,126.84429
202631500000900955,37.530804,126.838486
202631500000900956,37.531536,126.8397
202631500000900957,37.527225,126.84068
202631500000900502,37.56568698,126.827464
202631500000900503,37.56667199,126.825935
202631500000900504,37.55988199,126.8234571
202631500000900505,37.55860343,126.8232988
202631500000900101,37.57496263,126.8389435
202631500000900102,37.57400385,126.8411813
202631500000900103,37.57423136,126.8411921
202631500000900104,37.5532746,126.8448778
202631500000900296,37.54699894,126.8477708
202631500000900297,37.53828142,126.8445958
202631500000900298,37.53976274,126.844007
202631500000900299,37.54149066,126.844284
202631500000900300,37.55556427,126.8629612
202631500000900301,37.5560673,126.8575343
202631500000900302,37.55255334,126.8634552
202631500000900303,37.55911507,126.8546527
202631500000900304,37.54832569,126.8742991
202631500000900305,37.55907882,126.8476671
202631500000900306,37.56278253,126.8461143
202631500000900307,37.56066101,126.8432724
202631500000900308,37.57859702,126.8144527
202631500000900309,37.57750221,126.8013547
202631500000900725,37.560604,126.85465
202631500000900726,37.56196,126.840324
202631500000901169,37.5311976,126.8410792
202631500000901170,37.529498,126.8451521
202631500000901171,37.53804,126.8386582
202631500000901172,37.5368583,126.8441817
202631500000901173,37.534876,126.8448389
202631500000900089,37.5463555,126.8571632
202631500000900090,37.5392411,126.8537793
202631500000900373,37.55244698,126.8389527
202631500000900374,37.55431569,126.832265
202631500000900375,37.55334518,126.8272271
202631500000900376,37.52973641,126.845211
202631500000900191,37.55121454,126.8422114
202631500000900192,37.55277591,126.8441998
202631500000900193,37.549088,126.841585
202631500000900194,37.55340035,126.8428801
202631500000900195,37.54254736,126.8604389
202631500000900196,37.56674145,126.8219657
202631500000900197,37.57778058,126.8173488
202631500000900198,37.56790736,126.854166
202631500000900199,37.56375627,126.8543694
202631500000900200,37.55751824,126.8611127
202631500000900201,37.57023123,126.8500185
202631500000900202,37.55675753,126.845312
202631500000900724,37.5707,126.82277
202631500000900958,37.527996,126.84584
202631500000900959,37.530674,126.8425
202631500000900960,37.532043,126.84133
202631500000900961,37.538933,126.84036
202631500000900962,37.538326,126.83906
202631500000900963,37.536205,126.83629
202631500000901087,37.57573,126.8366
202631500000900699,37.552124,126.87429
202631500000900700,37.551678,126.86798
202631500000900701,37.5529,126.87183
202631500000900702,37.554943,126.87204
202631500000900703,37.55228,126.868065
202631500000900704,37.57654,126.818245
202631500000900911,37.54366,126.83524
202631500000900912,37.54434249,126.8351478
202631500000900913,37.546047,126.835495
202631500000900914,37.534382,126.853763
202631500000900915,37.537052,126.85392
202631500000900916,37.530457,126.85372
202631500000900917,37.53208,126.8563
202631500000900918,37.532536,126.85721
202631500000900919,37.53309,126.856445
202631500000900920,37.530098,126.85512
202631500000900921,37.53526,126.85424
202631500000900922,37.529167,126.8532
202631500000901126,37.563762,126.81279
202631500000901127,37.560459,126.812926
202631500000900045,37.560292,126.809541
202631500000900046,37.558278,126.814782
202631500000900047,37.556605,126.815702
202631500000900048,37.555002,126.813103
202631500000900049,37.561434,126.808615
202631500000900427,37.56079529,126.8342695
202631500000900428,37.56092783,126.832601
202631500000900429,37.56016457,126.8283393
202631500000900430,37.56010002,126.8265028
202631500000900649,37.54787589,126.8500953
202631500000901016,37.57961,126.81622
202631500000901017,37.577093,126.81508
202631500000901018,37.575814,126.80955
202631500000901019,37.577835,126.818924
202631500000901020,37.57566,126.81386
202631500000901021,37.578365,126.81587
202631500000901022,37.579082,126.81847
202631500000901023,37.568287,126.81096
202631500000901024,37.571177,126.81142
202631500000901025,37.570801,126.809531
202631500000900091,37.5389364,126.852769
202631500000900092,37.5431615,126.8572683
202631500000900093,37.5425165,126.8560619
202631500000900094,37.5803011,126.8033506
202631500000900095,37.5841464,126.8035913
202631500000900096,37.5838474,126.8058023
202631500000900097,37.5823407,126.8075391
202631500000900098,37.5827478,126.8144993
202631500000900099,37.5831527,126.8129286
202631500000900100,37.57401732,126.8394861
202631500000900480,37.55558512,126.8199749
202631500000900481,37.56246851,126.8222222
202631500000901007,37.551373,126.87
202631500000901008,37.55543,126.86904
202631500000901009,37.557026,126.87123
202631500000901010,37.556343,126.87176
202631500000900501,37.55833792,126.8265195
202631500000900640,37.54582586,126.8530648
202631500000900641,37.53391098,126.851586
202631500000900944,37.53796,126.83533
202631500000900945,37.539547,126.835884
202631500000900946,37.538937,126.83923
202631500000900947,37.53509,126.83818
202631500000900730,37.560238,126.84157
202631500000900731,37.565598,126.84434
202631500000900732,37.559544,126.8499
202631500000900733,37.56144,126.84697
202631500000900734,37.560326,126.850334
202631500000900735,37.56091,126.84175
202631500000900736,37.542503,126.8627
202631500000900737,37.550488,126.860916
202631500000900738,37.546715,126.86
202631500000900739,37.547512,126.85955
202631500000900740,37.542557,126.86203
202631500000900422,37.54244124,126.8610461
202631500000900423,37.53191494,126.8445238
202631500000900424,37.56106564,126.8310713
202631500000900425,37.55902227,126.8371384
202631500000900426,37.55975543,126.8364809
202631500000900025,37.5421366,126.8512114
202631500000900026,37.567635,126.8169918
202631500000900027,37.5396706,126.8564178
202631500000900028,37.5395217,126.8561094
202631500000900029,37.5416166,126.8523382
202631500000901026,37.586719,126.801287
202631500000901027,37.5793,126.801636
202631500000901028,37.56289,126.80852
202631500000900808,37.53344,126.83923
202631500000900809,37.542892,126.83279
202631500000900810,37.539207,126.85089
202631500000900811,37.544224,126.8441
202631500000900812,37.541981,126.842429
202631500000900813,37.545094,126.84749
202631500000900814,37.54664,126.84609
202631500000900815,37.54173,126.851494
202631500000900816,37.546207,126.84941
202631500000900567,37.53584021,126.8414688
202631500000900568,37.54390264,126.8450981
202631500000900569,37.53729831,126.8437268
202631500000900570,37.54152195,126.8506032
202631500000900571,37.5643647,126.813647
202631500000900572,37.55375867,126.8634021
202631500000900573,37.5774089,126.8194028
202631500000900574,37.56772747,126.8075983
202631500000900214,37.53096348,126.8591453
202631500000901189,37.568378,126.841633
202631500000901190,37.566666,126.840641
202631500000901191,37.562112,126.839084
202631500000901192,37.570154,126.842844
202631500000901193,37.560865,126.838138
202631500000901194,37.568275,126.826422
202631500000901195,37.565198,126.847641
202631500000901196,37.532572,126.842184
202631500000900935,37.535206,126.83982
202631500000900936,37.52925,126.84291
202631500000900937,37.534363,126.83798
202631500000900938,37.530632,126.840546
202631500000900939,37.539253,126.83423
202631500000900940,37.52782,126.84161
202631500000900941,37.52979346,126.8429823
202631500000900203,37.55113079,126.8453066
202631500000900204,37.55053227,126.8457945
202631500000900205,37.54601308,126.845272
202631500000900727,37.563328,126.84662
202631500000900728,37.56118,126.85304
202631500000900105,37.5503963,126.8417717
202631500000901086,37.57263,126.83835
202631500000900840,37.545177,126.84659
202631500000900841,37.54,126.84458
202631500000900842,37.53947,126.843056
202631500000900843,37.539406,126.846596
202631500000900844,37.53868,126.84508
202631500000900845,37.535424,126.84576
202631500000901212,37.551064,126.8257
202631500000901213,37.55192,126.823975
202631500000901214,37.568246,126.81435
202631500000901215,37.529958,126.850513
202631500000901216,37.549694,126.872635
202631500000901217,37.54723,126.876622
202631500000901218,37.566632,126.815195
202631500000900143,37.54789061,126.8361444
202631500000900144,37.55874427,126.8386134
202631500000900145,37.55834013,126.8379267
202631500000900146,37.55619432,126.852279
202631500000900147,37.5556855,126.8524753
202631500000900148,37.55525595,126.8548414
202631500000900149,37.55688545,126.8501868
202631500000900150,37.5565272,126.8501083
202631500000901013,37.548626,126.87117
202631500000901014,37.54976796,126.8701311
202631500000901015,37.552807,126.87007
202631500000900625,37.56066899,126.8400827
202631500000900626,37.55677737,126.8139776
202631500000900627,37.54670356,126.8330202
202631500000900628,37.54766397,126.8347012
202631500000900629,37.56066438,126.8112642
202631500000900630,37.57184159,126.819527
202631500000900631,37.54595337,126.8455358
202631500000900632,37.52947231,126.8496212
202631500000900633,37.54150861,126.8469584
202631500000900634,37.58045666,126.807605
202631500000900635,37.54331125,126.8441043
202631500000900636,37.55966204,126.8631126
202631500000900637,37.54634687,126.8601836
202631500000900638,37.55017436,126.8448026
202631500000900639,37.55738759,126.8438295
202631500000901174,37.5637358,126.8567824
202631500000901175,37.572872,126.8455729
202631500000901176,37.5649006,126.8568739
202631500000901177,37.564003,126.8604406
202631500000900233,37.53825691,126.8363069
202631500000900234,37.52962782,126.8465503
202631500000900235,37.52862901,126.8458198
202631500000900236,37.52912293,126.8480362
202631500000901071,37.548874,126.830345
202631500000901072,37.549286,126.83405
202631500000901073,37.54703,126.82243
202631500000901074,37.553196,126.83433
202631500000901075,37.551735,126.83046
202631500000901076,37.54666,126.82414
202631500000901077,37.55238,126.83302
202631500000901078,37.55043,126.83311
202631500000901079,37.551426,126.83406
202631500000901080,37.55085,126.835014
202631500000901011,37.55047,126.87092
202631500000901012,37.55135,126.87722
202631500000900369,37.58675011,126.8012304
202631500000900370,37.56491927,126.8078851
202631500000900371,37.54829898,126.8746067
202631500000900372,37.55265432,126.8405698
202631500000900729,37.55974,126.84777
202631500000900621,37.5591615,126.8449391
202631500000900622,37.53883301,126.8521207
202631500000900623,37.57184321,126.8440976
202631500000900624,37.53159999,126.8387572
202631500000900992,37.543514,126.83949
202631500000900993,37.54514419,126.8423038
202631500000900994,37.54477937,126.8386989
202631500000900995,37.552696,126.837105
202631500000900996,37.552975,126.83971
202631500000900997,37.554287,126.8419
202631500000900998,37.55331,126.84102
202631500000900999,37.553535,126.839676
202631500000901000,37.553936,126.83943
202631500000901001,37.554012,126.8385
202631500000901002,37.555003,126.866785
202631500000900517,37.55933178,126.8289166
202631500000900518,37.56039623,126.8180573
202631500000900519,37.56834838,126.827893
202631500000900520,37.56920412,126.8183677
202631500000900521,37.570236,126.8191227
202631500000900522,37.56339996,126.8270911
202631500000900523,37.5726213,126.8291824
202631500000900151,37.55809932,126.8447858
202631500000900152,37.5577345,126.8448459
202631500000900153,37.5751426,126.8404345
202631500000900546,37.56851732,126.8225609
202631500000900547,37.55988708,126.8128282
202631500000900548,37.56311184,126.815192
202631500000900549,37.55224162,126.8313038
202631500000900550,37.54803603,126.8379554
202631500000900551,37.55148574,126.8468233
202631500000900353,37.5531155,126.8356647
202631500000900167,37.54225923,126.8376702
202631500000900168,37.54658928,126.8333635
202631500000900169,37.54027024,126.8376462
202631500000900170,37.53783809,126.8430514
202631500000900171,37.54080096,126.8488753
202631500000900172,37.5620414,126.844953
202631500000900173,37.56063918,126.8457793
202631500000900174,37.586877,126.802734
202631500000900175,37.561199,126.810929
202631500000900176,37.557842,126.815752
202631500000900177,37.537391,126.854414
202631500000901178,37.5577177,126.8669889
202631500000901179,37.5480791,126.8531812
202631500000900206,37.54513992,126.8511551
202631500000900207,37.5451513,126.8512541
202631500000900208,37.5299636,126.8537761
202631500000900209,37.579903,126.815189
202631500000900210,37.56864002,126.8088251
202631500000900211,37.5605512,126.808741
202631500000900212,37.53637513,126.8545131
202631500000900213,37.53480376,126.8608465
202631500000900683,37.540386,126.83835
202631500000900684,37.534714,126.83538
202631500000900685,37.534023,126.83679
202631500000900686,37.539383,126.83894
202631500000900942,37.535526,126.835594
202631500000900943,37.533325,126.8421
202631500000900229,37.54003079,126.8339128
202631500000900230,37.53336886,126.8570307
202631500000900231,37.53529757,126.8538166
202631500000900232,37.53645087,126.8399315
202631500000900777,37.574047,126.820694
202631500000900642,37.53355129,126.8537962
202631500000900643,37.53347793,126.8560435
202631500000900644,37.54112405,126.8345839
202631500000900645,37.55430813,126.8652187
202631500000900646,37.56121173,126.8596659
202631500000900647,37.557426,126.812271
202631500000900648,37.5659049,126.8107461
202631500000900903,37.542034,126.83927
202631500000900904,37.54128,126.836716
202631500000900905,37.542362,126.83803
202631500000900906,37.54203533,126.8363529
202631500000900907,37.54149,126.835304
202631500000900908,37.541866,126.83378
202631500000900909,37.542713,126.837234
202631500000900910,37.54369,126.83752
202631500000900552,37.55383702,126.8478245
202631500000900553,37.54880786,126.8532117
202631500000900554,37.55418814,126.8506122
202631500000900555,37.53439343,126.8598896
202631500000900556,37.53558022,126.8568517
202631500000900557,37.52865884,126.8414895
202631500000900524,37.56024837,126.8272411
202631500000900525,37.57197163,126.8266827
202631500000900526,37.56005808,126.8258785
202631500000900527,37.53479777,126.8449966
202631500000900327,37.569917,126.845233
202631500000900328,37.533974,126.845948
202631500000900329,37.53650075,126.8532405
202631500000900675,37.541992,126.83304
202631500000900676,37.535633,126.8547
202631500000900677,37.533443,126.851944
202631500000900678,37.53973,126.839874
202631500000900679,37.53234,126.839455
202631500000900680,37.53223,126.84448
202631500000900681,37.53169,126.8378
202631500000900682,37.53492,126.83594
202631500000900865,37.55199,126.84576
202631500000900866,37.552944,126.851364
202631500000900867,37.546154,126.851456
202631500000900868,37.5477,126.84851
202631500000900869,37.552593,126.84892
202631500000900870,37.551407,126.84792
202631500000900871,37.54857,126.84949
202631500000900178,37.532692,126.861824
202631500000900179,37.532471,126.845091
202631500000900180,37.549226,126.836403
202631500000900181,37.541052,126.838712
202631500000900182,37.55203138,126.8432847
202631500000900273,37.544848,126.835911
202631500000900274,37.538081,126.836166
202631500000900275,37.537889,126.838575
202631500000900276,37.54045031,126.8469906
202631500000900277,37.57985823,126.8146109
202631500000900278,37.5731432,126.8177135
202631500000900279,37.57203065,126.8236832
202631500000900280,37.57077769,126.8391941
202631500000900281,37.56848097,126.8235681
202631500000901081,37.551421,126.831833
202631500000901082,37.55249,126.832054
202631500000901083,37.55337,126.832565
202631500000901084,37.57414,126.83785
202631500000901085,37.573284,126.83807
202631500000900591,37.56935787,126.8101169
202631500000900592,37.56954421,126.8181438
202631500000901096,37.550494,126.862523
202631500000900694,37.554333,126.86966
202631500000900695,37.55297873,126.8664923
202631500000900696,37.555424,126.87106
202631500000900697,37.551483,126.87275
202631500000900030,37.5732666,126.8236061
202631500000900031,37.5784705,126.8200978
202631500000900032,37.5792783,126.8205001
202631500000900033,37.5816675,126.8198779
202631500000900034,37.5642102,126.8249476
202631500000900035,37.5649841,126.8278926
202631500000900036,37.5652478,126.8274635
202631500000900037,37.5670209,126.8263155
202631500000900038,37.5602197,126.8355273
202631500000900039,37.5593352,126.8338214
202631500000900040,37.5704913,126.8379014
202631500000900041,37.53821,126.841974
202631500000900042,37.589758,126.801923
202631500000900043,37.571449,126.822057
202631500000900044,37.55727,126.811025
202631500000900310,37.56728407,126.806849
202631500000900311,37.55452495,126.8184889
202631500000900312,37.55439514,126.8158326
202631500000900313,37.55243369,126.8232696
202631500000900215,37.53425784,126.8582679
202631500000900216,37.54525353,126.8349535
202631500000900217,37.573445,126.811382
202631500000900218,37.53084132,126.8549934
202631500000900219,37.52803765,126.8466271
202631500000900220,37.53590172,126.8353504
202631500000900221,37.56274829,126.8516634
202631500000900222,37.55302583,126.8622329
202631500000900223,37.55694173,126.8537573
202631500000900224,37.54804459,126.8777113
202631500000900225,37.53431661,126.8511116
202631500000900226,37.56321644,126.856835
202631500000900227,37.53774819,126.84491
202631500000900228,37.53757788,126.8562872
202631500000900431,37.56742347,126.8380661
202631500000900432,37.56196235,126.8362377
202631500000900433,37.55818058,126.8301404
202631500000900434,37.57073694,126.827882
202631500000900435,37.55714553,126.8170275
202631500000900436,37.56103078,126.8180968
202631500000900437,37.56340339,126.8225554
202631500000900438,37.55549475,126.827
202631500000900872,37.553143,126.85411
202631500000900873,37.5523,126.84758
202631500000900874,37.54978,126.84673
202631500000900875,37.547195,126.85011
202631500000900876,37.549156,126.8525
202631500000900877,37.54724,126.85176
202631500000900878,37.552486,126.854225
202631500000900879,37.55369,126.84905
202631500000900024,37.5422302,126.851603
202631500000900402,37.5561139,126.8660258
202631500000900403,37.54432623,126.8388473
202631500000900687,37.554432,126.840675
202631500000900688,37.550888,126.837135
202631500000900689,37.547626,126.84331
202631500000900690,37.546886,126.84466
202631500000900691,37.54774,126.84589
202631500000900692,37.550728,126.83836
202631500000900693,37.549385,126.831985
202631500000900411,37.5537241,126.8607816
202631500000900412,37.56399539,126.850959
202631500000900413,37.55059492,126.8739306
202631500000901097,37.5468,126.85731
202631500000901098,37.5491,126.862404
202631500000901099,37.53619,126.86265
202631500000901100,37.550274,126.85767
202631500000901101,37.5498382,126.85821
202631500000901102,37.537594,126.86138
202631500000901103,37.53795604,126.862809
202631500000900778,37.573685,126.82066
202631500000900779,37.57936,126.81031
202631500000900780,37.57266,126.80949
202631500000900781,37.57488,126.81272
202631500000900782,37.57133,126.81482
202631500000900783,37.552284,126.83329
202631500000900784,37.56381,126.84146
202631500000900785,37.56366,126.84222
202631500000900472,37.56056148,126.8312007
202631500000900473,37.55536809,126.832501
202631500000900474,37.56406114,126.8308382
202631500000900475,37.5620544,126.8274452
202631500000900476,37.55788167,126.8299085
202631500000900477,37.5563606,126.8302929
202631500000900478,37.55554856,126.8265838
202631500000900479,37.55531793,126.8292153
202631500000900314,37.55381827,126.8286088
202631500000900315,37.54678433,126.823225
202631500000900316,37.56971297,126.8447175
202631500000900317,37.56882138,126.8486924
202631500000900318,37.5452523,126.8402741
202631500000900319,37.54298251,126.8416269
202631500000901180,37.549839,126.8444852
202631500000901181,37.5435847,126.8505068
202631500000901182,37.5738457,126.8411781
202631500000901183,37.5731059,126.8412961
202631500000901184,37.5798743,126.8163462
202631500000901185,37.5813197,126.8076317
202631500000901186,37.5500198,126.8455152
202631500000901187,37.552301,126.839903
202631500000900798,37.536938,126.86197
202631500000900799,37.53784,126.86235
202631500000900800,37.536125,126.862045
202631500000900801,37.54599,126.860695
202631500000900802,37.54719,126.85969
202631500000900803,37.583183,126.79923
202631500000900804,37.58382,126.79914
202631500000900805,37.584534,126.799774
202631500000900593,37.54947535,126.8628342
202631500000900594,37.58286202,126.8120225
202631500000900595,37.52968083,126.8515844
202631500000900596,37.54810881,126.851064
202631500000900597,37.53233138,126.8590188
202631500000900598,37.5356516,126.8432093
202631500000900599,37.58154564,126.8127226
202631500000900968,37.53282,126.84069
202631500000900969,37.5318,126.84325
202631500000900282,37.53083762,126.8441566
202631500000900283,37.55903103,126.845669
202631500000900284,37.56151266,126.8652477
202631500000901092,37.56647,126.84173
202631500000901093,37.55867,126.84349
202631500000901094,37.558323,126.84938
202631500000901095,37.548006,126.860564
202631500000901131,37.561954,126.8123
202631500000901132,37.555805,126.81409
202631500000901133,37.558514,126.80982
202631500000901134,37.562016,126.813675
202631500000901135,37.564163,126.815094
202631500000900414,37.52877615,126.8402279
202631500000900415,37.55902369,126.8656372
202631500000900416,37.54943679,126.8443958
202631500000900417,37.54596079,126.8547928
202631500000900418,37.54570669,126.8520102
202631500000900419,37.54189728,126.8513753
202631500000900420,37.53833102,126.8552264
202631500000900421,37.53979445,126.85872
202631500000900285,37.53808572,126.8444418
202631500000900286,37.54536597,126.852121
202631500000901003,37.550232,126.875175
202631500000901004,37.553566,126.871
202631500000901005,37.554558,126.87421
202631500000901006,37.55496,126.857834
202631500000900786,37.563286,126.84124
202631500000900787,37.559826,126.84161
202631500000900788,37.559696,126.842224
202631500000900789,37.560135,126.84169
202631500000900790,37.563572,126.86143
202631500000900791,37.561943,126.864174
202631500000900792,37.56117,126.86532
202631500000900075,37.56882866,126.8523814
202631500000900076,37.53406028,126.8514713
202631500000900077,37.54968956,126.8619505
202631500000900078,37.56614979,126.8465631
202631500000900079,37.55562313,126.8249544
202631500000900080,37.55534965,126.8258491
202631500000900081,37.55036919,126.8272498
202631500000900082,37.55074879,126.8296113
202631500000900083,37.54886517,126.8261528
202631500000900154,37.57408409,126.8087093
202631500000900155,37.57089,126.8186561
202631500000900156,37.57274171,126.8144151
202631500000900157,37.5561056,126.8134746
202631500000900158,37.56347327,126.8105049
202631500000900159,37.56184116,126.8082992
202631500000900160,37.54940731,126.835083
202631500000900161,37.56664665,126.8441285
202631500000900162,37.55403694,126.8405503
202631500000900163,37.55170093,126.8371235
202631500000900164,37.54651742,126.845104
202631500000900165,37.55138661,126.8480334
202631500000900166,37.55114108,126.8462827
202631500000900806,37.58464,126.7994
202631500000900807,37.54112,126.849495
202631500000900482,37.558639,126.820217
202631500000900483,37.558829,126.81865
202631500000900484,37.5583985,126.822143
202631500000900485,37.55551296,126.82389
202631500000900486,37.56352069,126.8245565
202631500000900698,37.55168,126.87554
202631500000901064,37.569164,126.81345
202631500000900404,37.54400638,126.8425008
202631500000900405,37.57773948,126.8156103
202631500000900406,37.55067441,126.8321232
202631500000900407,37.54561196,126.8616065
202631500000900408,37.54973866,126.8609204
202631500000900409,37.55110739,126.8627625
202631500000900410,37.54597355,126.8618016
202631500000900889,37.533627,126.86005
202631500000900890,37.53024,126.86202
202631500000900891,37.53611,126.85984
202631500000900892,37.53547046,126.8587239
202631500000900893,37.534573,126.85796
202631500000900558,37.52761074,126.8430563
202631500000900559,37.52895359,126.8414091
202631500000900560,37.53317847,126.8438054
202631500000900561,37.55021207,126.8686837
202631500000900562,37.58122402,126.8043645
202631500000900563,37.53555766,126.8453635
202631500000900564,37.54094773,126.8342841
202631500000900565,37.53508485,126.8511514
202631500000900566,37.531876,126.8458314
202631500000901114,37.55551,126.86173
202631500000901115,37.55572,126.86265
202631500000901116,37.55689,126.85531
202631500000901117,37.55518,126.85853
202631500000901118,37.55581,126.855896
202631500000901119,37.552658,126.864494
202631500000901120,37.556988,126.85849
202631500000901121,37.5557,126.85678
202631500000901122,37.55407,126.86301
202631500000901123,37.554707,126.859764
202631500000901124,37.556004,126.86077
202631500000901125,37.55843,126.81448
202631500000900793,37.567608,126.852234
202631500000900794,37.563747,126.85455
202631500000900795,37.57437,126.838425
202631500000900796,37.542686,126.8369
202631500000900797,37.542526,126.83485
202631500000901162,37.5502225,126.8269968
202631500000901163,37.5505649,126.8277022
202631500000901164,37.5516111,126.8299821
202631500000901165,37.5791076,126.8321896
202631500000901166,37.5811302,126.8252762
202631500000901167,37.5818221,126.8215184
202631500000901168,37.5470977,126.8331315
202631500000900880,37.535825,126.85727
202631500000900881,37.530716,126.86097
202631500000900882,37.53689,126.858894
202631500000900883,37.53131,126.85811
202631500000900884,37.531307,126.8625
202631500000900885,37.532608,126.860664
202631500000900886,37.53795,126.85903
202631500000900887,37.53502,126.86173
202631500000900354,37.55793221,126.837921
202631500000900355,37.5393448,126.862987
202631500000900506,37.55702526,126.8223706
202631500000900507,37.56195061,126.8238573
202631500000900508,37.56291523,126.8211425
202631500000900509,37.56508796,126.8192714
202631500000900510,37.56836966,126.824909
202631500000900511,37.56849504,126.8212305
202631500000900512,37.56716948,126.8246651
202631500000900513,37.56695531,126.8218956
202631500000900514,37.567494,126.818875
202631500000900970,37.531933,126.84485
202631500000900971,37.53116,126.84644
202631500000900972,37.53952,126.83809
202631500000900973,37.54014,126.84057
202631500000901128,37.558706,126.812852
202631500000901129,37.560021,126.810033
202631500000901130,37.562687,126.81452
202631500000900188,37.54952773,126.8622563
202631500000900189,37.54464691,126.8410088
202631500000900190,37.54461964,126.8408306
202631500000900530,37.53658914,126.8517339
202631500000901051,37.571573,126.822534
202631500000901052,37.567249,126.813439
202631500000900894,37.531178,126.8603
202631500000900895,37.530155,126.85938
202631500000900896,37.536232,126.86075
202631500000900897,37.53614,126.85565
202631500000900898,37.536785,126.855736
202631500000900899,37.544845,126.83633
202631500000900900,37.544773,126.835778
202631500000900901,37.544315,126.83698
202631500000900902,37.54708,126.834854
202631500000900320,37.54079506,126.834415
202631500000900321,37.54465658,126.8348076
202631500000900322,37.53104283,126.8414256
202631500000900323,37.52950142,126.8405965
202631500000900324,37.52967294,126.8450919
202631500000900325,37.56235,126.807484
202631500000900326,37.570396,126.823568
202631500000900576,37.53895579,126.838098
202631500000900577,37.53186846,126.8436612
202631500000900578,37.54215871,126.8496129
202631500000900579,37.54390078,126.8476111
202631500000900580,37.54442659,126.8444963
202631500000900439,37.56501019,126.819059
202631500000900440,37.56296019,126.8183728
202631500000900441,37.55736182,126.8217128
202631500000900442,37.55675303,126.8204701
202631500000900443,37.55570399,126.8257584
202631500000900444,37.57060565,126.8246191
202631500000900445,37.56771266,126.8219219
202631500000900446,37.56667714,126.8224918
202631500000900583,37.55121659,126.8536013
202631500000900584,37.57116922,126.8416264
202631500000900585,37.54409724,126.8460571
202631500000900586,37.56417853,126.8068442
202631500000900587,37.57831928,126.8147342
202631500000900588,37.53223741,126.8480268
202631500000900589,37.53238139,126.8483934
202631500000900590,37.53500074,126.8465242
202631500000900817,37.562035,126.85923
202631500000900818,37.541553,126.84305
202631500000900819,37.53815,126.84333
202631500000900820,37.541428,126.84486
202631500000900821,37.5453,126.848755
202631500000901188,37.570556,126.830229
202631500000900356,37.55448243,126.8185374
202631500000900357,37.55924386,126.8616311
202631500000900358,37.5624865,126.858317
202631500000900359,37.5633904,126.861274
202631500000900360,37.58090859,126.8039351
202631500000900361,37.55785693,126.8388403
202631500000900362,37.53764386,126.8440161
202631500000900363,37.585173,126.7987901
202631500000901065,37.571655,126.81536
202631500000901066,37.56568,126.81336
202631500000901067,37.56532,126.81476
202631500000901068,37.573814,126.806854
202631500000901069,37.57463,126.81334
202631500000901070,37.56827,126.815315
202631500000900888,37.533997,126.8611
202631500000900364,37.58577897,126.7991384
202631500000900365,37.58602265,126.7999516
202631500000900366,37.57703594,126.8025527
202631500000900367,37.57735631,126.8018561
202631500000900368,37.58316745,126.7985966
202631500000900287,37.55468172,126.8534188
202631500000900288,37.55204102,126.8464042
202631500000900289,37.54977984,126.8487509
202631500000900290,37.5312701,126.8629956
202631500000900291,37.53117332,126.8593288
202631500000900292,37.53841652,126.8505722
202631500000900293,37.53973542,126.8470265
202631500000900294,37.54077576,126.8490701
202631500000900295,37.54628749,126.8504574
202631500000901053,37.574067,126.809914
202631500000901054,37.564964,126.813416
202631500000901055,37.572906,126.815186
202631500000901056,37.57364,126.807785
202631500000901057,37.572636,126.815575
202631500000901058,37.57183987,126.8178624
202631500000901059,37.566647,126.81377
202631500000901060,37.569874,126.81271
202631500000901061,37.57238,126.81399
202631500000901062,37.573902,126.81185
202631500000901063,37.572495,126.812775
202631500000900674,37.537983,126.855606
202631500000901104,37.546406,126.86032
202631500000901105,37.55141,126.8606
202631500000901106,37.551052,126.86212
202631500000901107,37.54738,126.86136
202631500000901108,37.551214,126.861557
202631500000901109,37.550785,126.86082
202631500000901110,37.55081,126.859146
202631500000901111,37.550213,126.85922
202631500000901112,37.54538,126.859116
202631500000900581,37.54107066,126.8537766
202631500000900582,37.54441126,126.8457955
202631500000900741,37.555855,126.8591
202631500000900742,37.554707,126.86165
202631500000900743,37.55943,126.80979
202631500000900744,37.55594,126.81194
202631500000900745,37.557667,126.813286
202631500000900746,37.562813,126.810425
202631500000900747,37.560993,126.85754
202631500000900748,37.56177,126.86407
202631500000901113,37.555195,126.85635
202631500000900487,37.57180768,126.8283602
202631500000900488,37.55895409,126.8362454
202631500000900489,37.55957921,126.8336131
202631500000900490,37.55869464,126.8349881
202631500000900491,37.55936381,126.8321799
202631500000900492,37.56929665,126.8266389
202631500000900493,37.57068047,126.8168793
202631500000900494,37.57302187,126.8227749
202631500000900495,37.57156078,126.8241866
202631500000900496,37.57090451,126.825274
202631500000900497,37.55996567,126.8219391
202631500000900515,37.56686065,126.8281979
202631500000900516,37.55972135,126.8296632
202631500000900183,37.538543,126.850471
202631500000900184,37.56781,126.840988
202631500000900185,37.581787,126.813575
202631500000900186,37.54834788,126.8747997
202631500000900187,37.55188269,126.8754162
202531600000900588,37.49201559,126.840719
202531600000900508,37.48506925,126.8858559
202531600000901437,37.50624,126.850624
202531600000900180,37.48954254,126.8375695
202531600000900116,37.48499404,126.884959
202531600000901331,37.50277946,126.8580206
202531600000900842,37.48200599,126.8983766
202531600000900390,37.4890545,126.8522539
202531600000901421,37.507205,126.856328
202531600000900676,37.4945054,126.8749163
202531600000900206,37.5018223,126.8837934
202531600000901264,37.50609308,126.8858296
202531600000901416,37.507667,126.855681
202531600000900659,37.48964771,126.8872539
202531600000900167,37.48784439,126.8956409
202531600000900299,37.4894666,126.8821885
202531600000900137,37.49385448,126.8535553
202531600000901427,37.50439,126.852683
202531600000900126,37.50174709,126.8570656
202531600000900686,37.5062725,126.8551259
202531600000901106,37.504591,126.845587
202531600000900577,37.4833098,126.8854362
202531600000900155,37.4951406,126.8374928
202531600000900911,37.50827349,126.852283
202531600000900145,37.4831687,126.8517788
202531600000900306,37.5089362,126.880431
202531600000900613,37.4867293,126.88156
202531600000901118,37.50229,126.885387
202531600000900996,37.50055628,126.8634292
202531600000900753,37.48332856,126.841413
202531600000900860,37.50512813,126.8445958
202531600000900977,37.49259,126.89043
202531600000900788,37.50052343,126.8493778
202531600000901228,37.48255446,126.8453888
202531600000900160,37.4985973,126.8276165
202531600000900054,37.50297182,126.847552
202531600000900759,37.500501,126.8642392
202531600000900638,37.4901203,126.8868386
202531600000901406,37.493776,126.82376
202531600000900311,37.491078,126.8834235
202531600000900823,37.4863263,126.8497539
202531600000900170,37.4992972,126.8883903
202531600000900908,37.49626682,126.8346967
202531600000900257,37.5051024,126.8521323
202531600000900768,37.50078702,126.8529876
202531600000900976,37.49073347,126.8849682
202531600000900906,37.49092532,126.8950571
202531600000900266,37.5068922,126.8563823
202531600000900255,37.506223,126.8526657
202531600000900487,37.49406543,126.8603426
202531600000901064,37.488847,126.8498535
202531600000900599,37.4818787,126.8892423
202531600000900838,37.50098892,126.8541436
202531600000900451,37.4868699,126.8810601
202531600000900840,37.48310375,126.8992938
202531600000900438,37.48781034,126.8810632
202531600000900623,37.5064424,126.8543445
202531600000901060,37.503425,126.88067
202531600000901299,37.50205531,126.8296061
202531600000900937,37.49542023,126.8255445
202531600000900933,37.50531694,126.8567562
202531600000900307,37.49483669,126.8731222
202531600000900108,37.49842463,126.8908482
202531600000900049,37.5038891,126.8909155
202531600000901171,37.4835918,126.9010682
202531600000900138,37.49459584,126.8501869
202531600000900948,37.50475971,126.8290118
202531600000901431,37.506226,126.850873
202531600000901293,37.49824761,126.8470132
202531600000900127,37.50624126,126.8483653
202531600000901204,37.4785,126.83061
202531600000900610,37.4861232,126.8839534
202531600000900081,37.49706392,126.8882266
202531600000900574,37.47984179,126.8913133
202531600000900320,37.48021319,126.8396445
202531600000900156,37.4922557,126.8434097
202531600000900431,37.4854107,126.8896149
202531600000901072,37.48278157,126.8196861
202531600000901232,37.47933,126.83869
202531600000900945,37.50300996,126.8620874
202531600000900361,37.49181866,126.8891277
202531600000900405,37.4962673,126.8181799
202531600000900771,37.49808875,126.8550059
202531600000900808,37.49666497,126.8408618
202531600000900051,37.50136647,126.8861337
202531600000900453,37.4969958,126.8289148
202531600000900125,37.5009147,126.8564223
202531600000901223,37.48945175,126.8272045
202531600000900096,37.48722935,126.8834838
202531600000900980,37.48893,126.88358
202531600000900675,37.51185982,126.882699
202531600000900218,37.4869423,126.8892659
202531600000900268,37.4759394,126.841589
202531600000900337,37.48976593,126.8589145
202531600000901399,37.4822293,126.8342377
202531600000900060,37.50652562,126.8487832
202531600000900396,37.500312,126.8868038
202531600000900462,37.50335189,126.8488292
202531600000900398,37.501619,126.8876869
202531600000900720,37.48884638,126.8391201
202531600000900099,37.49075441,126.8856522
202531600000901291,37.50145548,126.8455081
202531600000901081,37.4834407,126.8205976
202531600000900990,37.50769118,126.8746641
202531600000901033,37.48870031,126.8858617
202531600000900433,37.48009602,126.8985742
202531600000900806,37.48440599,126.8542182
202531600000900836,37.47893511,126.8301306
202531600000900690,37.5075835,126.8482357
202531600000901112,37.484404,126.892657
202531600000901167,37.49280127,126.8245047
202531600000900910,37.500159,126.855001
202531600000901312,37.49890715,126.8365224
202531600000900250,37.5020458,126.8389444
202531600000900685,37.50355032,126.8873433
202531600000901378,37.4866081,126.8854796
202531600000900748,37.4855294,126.8473663
202531600000900548,37.48146546,126.8984621
202531600000900572,37.4796928,126.8940107
202531600000901153,37.511299,126.878545
202531600000900011,37.48522897,126.8831703
202531600000900886,37.48360128,126.8889251
202531600000900589,37.490033,126.8835226
202531600000900452,37.5050952,126.8442973
202531600000900110,37.49310633,126.8883117
202531600000900467,37.5092444,126.8554852
202531600000900414,37.4865018,126.8421298
202531600000900233,37.48411791,126.8223089
202531600000900340,37.4901263,126.8746986
202531600000900190,37.49181714,126.840547
202531600000900061,37.48671478,126.8541827
202531600000901102,37.49646868,126.8172841
202531600000900701,37.49557976,126.8346615
202531600000901360,37.49549396,126.8911767
202531600000901300,37.49810864,126.8353811
202531600000901179,37.49542383,126.8359199
202531600000900678,37.50785882,126.8799258
202531600000901036,37.489695,126.896063
202531600000901380,37.48981464,126.8843649
202531600000900238,37.5001425,126.8566269
202531600000901271,37.48994221,126.8843249
202531600000900971,37.50692072,126.8856728
202531600000900677,37.4958856,126.8666008
202531600000901289,37.48931381,126.8326569
202531600000900614,37.4862727,126.8814717
202531600000900327,37.49041888,126.8568129
202531600000900854,37.49404056,126.8245585
202531600000900066,37.50471721,126.889824
202531600000900006,37.4913297,126.8747112
202531600000901284,37.49588068,126.8875301
202531600000900443,37.4787238,126.8962942
202531600000901045,37.51558,126.881346
202531600000900822,37.48797826,126.8540332
202531600000900499,37.495088,126.8382534
202531600000900939,37.48636406,126.8565748
202531600000900789,37.49930352,126.855552
202531600000900849,37.4818731,126.8462749
202531600000900922,37.49619419,126.8425392
202531600000901420,37.507427,126.856562
202531600000901123,37.48699113,126.8874199
202531600000900129,37.50530794,126.8478977
202531600000900199,37.499018,126.8919336
202531600000900731,37.49672207,126.8710665
202531600000900397,37.5012946,126.8868241
202531600000900149,37.4990517,126.8549427
202531600000900722,37.49428801,126.8472615
202531600000901148,37.49012806,126.8809408
202531600000901057,37.494257,126.83714
202531600000900944,37.49749809,126.8564376
202531600000900089,37.4983836,126.8832077
202531600000900582,37.4807788,126.8887313
202531600000900394,37.50022647,126.888253
202531600000900777,37.49983124,126.8802864
202531600000900056,37.50357526,126.8508956
202531600000901411,37.497322,126.837977
202531600000900780,37.49008688,126.8825607
202531600000900134,37.5009228,126.8546008
202531600000901155,37.506993,126.887345
202531600000900289,37.5080553,126.8913059
202531600000900014,37.50345085,126.8469658
202531600000900809,37.49863357,126.8441626
202531600000900003,37.50540985,126.8517289
202531600000900171,37.4848378,126.8828697
202531600000900775,37.50742578,126.849887
202531600000900288,37.4852401,126.8522868
202531600000900538,37.50290547,126.8733772
202531600000900258,37.5058502,126.8529008
202531600000901082,37.4754754,126.8218751
202531600000900213,37.492997,126.8545615
202531600000900547,37.48239253,126.8999675
202531600000901194,37.49168,126.8868
202531600000900864,37.49087645,126.8908422
202531600000900931,37.49919442,126.8642204
202531600000900262,37.48662655,126.8467627
202531600000901019,37.48811317,126.8594039
202531600000900059,37.50398073,126.849139
202531600000900400,37.4921624,126.8206606
202531600000900833,37.4798907,126.8312817
202531600000901433,37.505357,126.851433
202531600000901047,37.48921335,126.896275
202531600000901071,37.48117448,126.8249841
202531600000900319,37.48185109,126.8382221
202531600000900530,37.50211042,126.8672969
202531600000900317,37.5056972,126.8554195
202531600000900491,37.50382254,126.8635335
202531600000900772,37.4997201,126.8689607
202531600000900087,37.49617049,126.8843944
202531600000900846,37.4823204,126.8472774
202531600000900573,37.4831456,126.890627
202531600000900275,37.5080373,126.8523275
202531600000901128,37.48455937,126.8921913
202531600000901074,37.4799031,126.8206576
202531600000900196,37.5015368,126.891799
202531600000901342,37.49020244,126.8376373
202531600000900500,37.48326438,126.8899799
202531600000901296,37.50195319,126.8920645
202531600000901376,37.49211566,126.8949367
202531600000901200,37.5088,126.8549
202531600000900355,37.5013651,126.8285137
202531600000901039,37.495844,126.893855
202531600000901161,37.508593,126.887209
202531600000900729,37.50182198,126.8416057
202531600000900914,37.48905421,126.8362702
202531600000901254,37.50055,126.84135
202531600000900195,37.50673538,126.8782679
202531600000900505,37.4906625,126.8263132
202531600000901238,37.47924,126.89854
202531600000901067,37.4777954,126.8242388
202531600000901119,37.51062926,126.8901829
202531600000900399,37.5018887,126.8881148
202531600000900951,37.49212573,126.8405435
202531600000900214,37.48669434,126.8522379
202531600000901066,37.4767249,126.8247206
202531600000900240,37.4886858,126.8930952
202531600000901361,37.49388307,126.8926626
202531600000900181,37.49434707,126.8248912
202531600000901355,37.48946117,126.8863975
202531600000900071,37.5053198,126.8535753
202531600000901237,37.49272,126.83717
202531600000901116,37.48808455,126.8245383
202531600000900482,37.484797,126.8427272
202531600000900140,37.49214,126.8519558
202531600000900336,37.49069591,126.856787
202531600000901337,37.50670332,126.8603209
202531600000901154,37.500024,126.831189
202531600000900879,37.48438895,126.8881777
202531600000900435,37.48817991,126.8881381
202531600000900689,37.50560385,126.8574484
202531600000900708,37.4881498,126.8394142
202531600000901137,37.4785473,126.8290885
202531600000900151,37.49785643,126.8358325
202531600000900622,37.5046227,126.8509133
202531600000900259,37.5070098,126.8498699
202531600000901415,37.507893,126.855263
202531600000900978,37.49439,126.88833
202531600000901233,37.47994,126.83739
202531600000900100,37.4902268,126.8856024
202531600000900541,37.493435,126.8731382
202531600000900450,37.4871714,126.8809784
202531600000901126,37.49418874,126.8403299
202531600000901225,37.50837,126.89165
202531600000901098,37.502578,126.846629
202531600000900365,37.48021273,126.8929917
202531600000900521,37.48440316,126.8889126
202531600000900033,37.48059521,126.890046
202531600000900074,37.48895082,126.8961453
202531600000901408,37.494998,126.819203
202531600000901308,37.49429019,126.8184028
202531600000901402,37.494974,126.824656
202531600000900563,37.50506309,126.891175
202531600000900305,37.5083747,126.8799759
202531600000900831,37.50024104,126.8505007
202531600000900178,37.4887209,126.8580144
202531600000901386,37.30558828,126.5018672
202531600000901015,37.50530503,126.8472476
202531600000900387,37.4884343,126.8525703
202531600000900943,37.49009797,126.8559401
202531600000900025,37.49534571,126.8254175
202531600000901419,37.507842,126.856971
202531600000900331,37.48910249,126.8579151
202531600000900069,37.48897387,126.8845723
202531600000901403,37.494915,126.824377
202531600000900761,37.51139334,126.8847809
202531600000900202,37.5024643,126.889041
202531600000901328,37.50197134,126.8925845
202531600000900135,37.5022803,126.843013
202531600000901410,37.497846,126.838506
202531600000901041,37.502057,126.892788
202531600000900873,37.50270504,126.879886
202531600000900667,37.4935714,126.8443755
202531600000900637,37.49159053,126.8222375
202531600000900709,37.49332505,126.8463843
202531600000900092,37.489501,126.8778123
202531600000901100,37.50625,126.884
202531600000900965,37.50094205,126.8898861
202531600000901156,37.488994,126.880972
202531600000900460,37.48785149,126.8839352
202531600000901280,37.49075042,126.8253123
202531600000900247,37.5020263,126.8406167
202531600000901336,37.50359572,126.8555293
202531600000900743,37.49661164,126.8364431
202531600000901176,37.50785652,126.8915131
202531600000900608,37.4866726,126.8810793
202531600000901000,37.49755443,126.8528017
202531600000900968,37.49283799,126.8833564
202531600000901288,37.5053901,126.8844763
202531600000900442,37.49803328,126.8798426
202531600000900963,37.49025846,126.892429
202531600000900776,37.49670831,126.8729183
202531600000900407,37.49538678,126.8168344
202531600000900485,37.5018768,126.8291777
202531600000900515,37.4911956,126.8904473
202531600000900559,37.493014,126.882367
202531600000901358,37.49004764,126.8847699
202531600000900799,37.50706639,126.8826161
202531600000900567,37.4845326,126.8848516
202531600000900657,37.4980037,126.8796169
202531600000900318,37.4818581,126.8369902
202531600000900486,37.4942856,126.8586342
202531600000901023,37.48831143,126.8843669
202531600000900973,37.49581331,126.8565228
202531600000900279,37.4813715,126.8882252
202531600000901040,37.498354,126.893199
202531600000901257,37.50218,126.82851
202531600000900231,37.4942856,126.8918792
202531600000901092,37.4847475,126.9012561
202531600000900323,37.488672,126.8351686
202531600000901392,34.4859872,126.8474928
202531600000901002,37.49157672,126.8328356
202531600000901055,37.49805948,126.8266014
202531600000900050,37.50461349,126.8921568
202531600000901394,37.4857021,126.8465304
202531600000900832,37.47975577,126.8314346
202531600000900168,37.4943052,126.8934119
202531600000900750,37.4842723,126.8396858
202531600000900999,37.49804736,126.8525039
202531600000900243,37.49580671,126.8855597
202531600000900445,37.4813102,126.897953
202531600000901346,37.48247213,126.8211816
202531600000901267,37.47867748,126.8953314
202531600000900543,37.50211686,126.8731608
202531600000901432,37.505791,126.850773
202531600000900128,37.50569721,126.8491921
202531600000900067,37.48757581,126.856482
202531600000900583,37.4839917,126.8860358
202531600000901436,37.504279,126.852122
202531600000900189,37.51222551,126.8812281
202531600000901407,37.495015,126.820512
202531600000900684,37.4976135,126.888254
202531600000900871,37.49672188,126.8885918
202531600000901192,37.49802,126.8356
202531600000900537,37.49676862,126.8459843
202531600000901076,37.4771825,126.8218283
202531600000901034,37.487361,126.897713
202531600000901174,37.50142785,126.8818551
202531600000900946,37.5008042,126.8289389
202531600000900901,37.47971561,126.8962825
202531600000900072,37.49532738,126.8589069
202531600000901165,37.479143,126.825373
202531600000900991,37.48913221,126.8246998
202531600000900165,37.49324041,126.873826
202531600000900746,37.5076305,126.8914843
202531600000900380,37.48713208,126.8357458
202531600000901382,37.30768276,126.5021938
202531600000900043,37.50273323,126.8530234
202531600000900075,37.49633809,126.8868761
202531600000900658,37.49180366,126.8949032
202531600000900330,37.48872026,126.8566296
202531600000901075,37.4789105,126.8217485
202531600000900497,37.4966742,126.8812697
202531600000900401,37.4929612,126.8192733
202531600000901320,37.47673858,126.8412375
202531600000900131,37.5044689,126.8504188
202531600000900584,37.4830049,126.8878106
202531600000901069,37.47770009,126.8213037
202531600000900358,37.496838,126.8843547
202531600000900510,37.50353779,126.8480061
202531600000900787,37.50248059,126.8439623
202531600000901199,37.509759,126.849815
202531600000900173,37.5062898,126.8558218
202531600000901063,37.4791228,126.8314304
202531600000901001,37.50102313,126.8508696
202531600000900045,37.49998367,126.8863874
202531600000900503,37.4891982,126.8343384
202531600000900411,37.5068172,126.8479357
202531600000900564,37.506639,126.892385
202531600000900267,37.47648814,126.8417751
202531600000900492,37.50720119,126.8468931
202531600000901099,37.50870961,126.879277
202531600000900754,37.4845042,126.8833572
202531600000900884,37.47978902,126.8927323
202531600000900726,37.4805314,126.8926614
202531600000900700,37.49561519,126.8326344
202531600000900015,37.49006205,126.8579048
202531600000900312,37.48659132,126.882911
202531600000901387,37.30756036,126.5092713
202531600000901219,37.49189489,126.8508287
202531600000901294,37.49743835,126.8554764
202531600000901183,37.48646,126.8514
202531600000900989,37.51161,126.87782
202531600000901110,37.50045039,126.85769
202531600000900558,37.492402,126.856191
202531600000900519,37.4864505,126.8888005
202531600000901243,37.50607,126.82386
202531600000900376,37.4877425,126.858353
202531600000901211,37.4847,126.8476
202531600000900727,37.49429674,126.8419128
202531600000900502,37.4958742,126.8660598
202531600000900974,37.49518876,126.8578894
202531600000900935,37.49773817,126.8914429
202531600000900964,37.49562394,126.8887659
202531600000901079,37.4779844,126.8216281
202531600000900874,37.49976931,126.8686497
202531600000901372,37.49356626,126.8900157
202531600000900930,37.49950999,126.8644093
202531600000901133,37.48717217,126.8896152
202531600000900353,37.5023452,126.8288896
202531600000900269,37.474975,126.8424005
202531600000900595,37.4838823,126.88441
202531600000901390,37.4855138,126.8478009
202531600000900575,37.4837723,126.89033
202531600000900932,37.50568228,126.8571061
202531600000901348,37.4875483,126.8353915
202531600000900292,37.4821296,126.8355853
202531600000901227,37.4746631,126.8150592
202531600000900285,37.504669,126.8661258
202531600000900617,37.48849,126.8507008
202531600000900827,37.49388018,126.8849096
202531600000901203,37.47846,126.82954
202531600000901037,37.492783,126.89491
202531600000900938,37.49491977,126.8498442
202531600000900546,37.4955824,126.8846874
202531600000900078,37.49834168,126.8841621
202531600000901262,37.50013505,126.8409251
202531600000901301,37.49841856,126.8351189
202531600000900260,37.50706845,126.8505352
202531600000901006,37.49404773,126.8858027
202531600000900391,37.48912109,126.8528635
202531600000901141,37.4861632,126.8481544
202531600000901120,37.51231171,126.8876101
202531600000900057,37.50450663,126.8499692
202531600000900280,37.4828552,126.8872745
202531600000900835,37.47963929,126.831107
202531600000900191,37.4895326,126.8918223
202531600000900612,37.486615,126.8821845
202531600000900020,37.4984947,126.8430258
202531600000900597,37.483058,126.8909782
202531600000900625,37.5079259,126.8537554
202531600000901160,37.499996,126.854441
202531600000900791,37.48628714,126.8315726
202531600000900420,37.49429767,126.8343703
202531600000901275,37.48442593,126.8211803
202531600000901283,37.4895046,126.8907736
202531600000900518,37.486552,126.8892578
202531600000901249,37.48576,126.82868
202531600000900031,37.48415227,126.8903998
202531600000901073,37.481269,126.8200948
202531600000900447,37.4976357,126.8392978
202531600000900818,37.50941486,126.8794851
202531600000901365,37.48750123,126.886941
202531600000900715,37.4914181,126.8436631
202531600000900476,37.5021918,126.8376533
202531600000900544,37.50140257,126.872933
202531600000900139,37.49366018,126.85128
202531600000900034,37.4902319,126.8528555
202531600000901368,37.49463989,126.89168
202531600000901391,37.4855842,126.8476539
202531600000901088,37.50128368,126.8723451
202531600000901115,37.51105511,126.8844167
202531600000901263,37.50003847,126.846232
202531600000901305,37.50160936,126.8360053
202531600000900120,37.5032115,126.8435105
202531600000900647,37.49946739,126.8665609
202531600000901080,37.47659403,126.8212555
202531600000901318,37.49880433,126.8705141
202531600000900136,37.4999199,126.8451605
202531600000901339,37.49663365,126.8555831
202531600000901242,37.49987,126.82049
202531600000901229,37.48664,126.84292
202531600000900620,37.4878508,126.8878479
202531600000901260,37.48624924,126.8302752
202531600000900245,37.505512,126.8505666
202531600000900037,37.4961465,126.8253872
202531600000901268,37.48738261,126.8882382
202531600000900812,37.49208284,126.8186206
202531600000900801,37.4930673,126.8899316
202531600000900106,37.4903403,126.891504
202531600000900121,37.50204921,126.8447973
202531600000900631,37.4948131,126.8564455
202531600000901343,37.49784061,126.8469529
202531600000901022,37.49720463,126.8596639
202531600000900091,37.50926729,126.8783599
202531600000901316,37.49878461,126.8371607
202531600000900526,37.48939988,126.8848684
202531600000901010,37.49445955,126.8217812
202531600000900881,37.48244324,126.8863009
202531600000900887,37.48249773,126.8891302
202531600000900983,37.50402,126.84653
202531600000900389,37.4890288,126.8516829
202531600000900207,37.51035715,126.8802103
202531600000900594,37.49245576,126.8414078
202531600000901114,37.49548195,126.8740993
202531600000901061,37.50682781,126.8922667
202531600000901332,37.5038346,126.8479498
202531600000900587,37.501027,126.8558003
202531600000900642,37.5051876,126.8745931
202531600000900814,37.49561577,126.8314555
202531600000900123,37.5022747,126.8653914
202531600000901122,37.49802805,126.8394198
202531600000900739,37.49991861,126.8520309
202531600000901373,37.49195115,126.8913744
202531600000900409,37.4915865,126.8196396
202531600000900952,37.49310087,126.8291261
202531600000900585,37.48340908,126.888148
202531600000901352,37.49343569,126.8937362
202531600000900381,37.49441293,126.8314582
202531600000901083,37.476743,126.8218286
202531600000900118,37.49006041,126.8951289
202531600000901089,37.49263427,126.8715372
202531600000900699,37.49774363,126.8301333
202531600000901169,37.48510719,126.9004161
202531600000901135,37.4825137,126.8336218
202531600000900344,37.48957118,126.8543496
202531600000900645,37.50569305,126.8928168
202531600000900415,37.4869087,126.8415663
202531600000900371,37.50264496,126.8526843
202531600000900649,37.5004062,126.8511337
202531600000900370,37.5035975,126.8538423
202531600000900094,37.4919107,126.887894
202531600000900904,37.49336892,126.8370976
202531600000900339,37.4915802,126.8726673
202531600000900535,37.4951932,126.8505362
202531600000900662,37.48970222,126.8901287
202531600000900354,37.5019936,126.8288871
202531600000901134,37.48758735,126.8903834
202531600000900343,37.4889565,126.8733679
202531600000900615,37.4861049,126.8830487
202531600000900484,37.4822098,126.8505592
202531600000900005,37.4920444,126.8735118
202531600000900227,37.5002815,126.8845833
202531600000900680,37.50989252,126.877423
202531600000900378,37.4963533,126.8372411
202531600000900350,37.4933322,126.8195245
202531600000900494,37.49066934,126.8808192
202531600000900412,37.4828035,126.8481018
202531600000900235,37.4888761,126.8266877
202531600000900593,37.4974559,126.8818438
202531600000900001,37.505818,126.8536139
202531600000900955,37.49576438,126.8428539
202531600000900892,37.48782886,126.8395689
202531600000900855,37.4884426,126.8777506
202531600000900212,37.50397429,126.8511662
202531600000900800,37.49693648,126.8868641
202531600000900254,37.50731223,126.8545526
202531600000901087,37.50338037,126.8730258
202531600000901303,37.50155973,126.8351459
202531600000900741,37.50140642,126.883213
202531600000901230,37.48725,126.84143
202531600000900174,37.5044169,126.8498769
202531600000900804,37.50747321,126.8517785
202531600000900705,37.5100715,126.8530221
202531600000900737,37.49365152,126.881461
202531600000900506,37.4915394,126.856695
202531600000900851,37.49054602,126.8821811
202531600000900458,37.489212,126.886838
202531600000900424,37.48729047,126.8314572
202531600000900798,37.51325948,126.8813056
202531600000901404,37.49493,126.824227
202531600000901181,37.50244,126.8412
202531600000900782,37.49125018,126.8882324
202531600000900982,37.49218416,126.8761204
202531600000900185,37.49113476,126.8631071
202531600000900967,37.49331362,126.8837034
202531600000900347,37.48828298,126.8545443
202531600000901252,37.48579,126.83586
202531600000900516,37.4869272,126.8886043
202531600000900880,37.48209896,126.8866717
202531600000900902,37.49536654,126.8800787
202531600000901050,37.505863,126.859271
202531600000900998,37.49713865,126.8553837
202531600000901414,37.498482,126.83737
202531600000901180,37.48691,126.8365
202531600000900621,37.488186,126.8850993
202531600000900717,37.4897681,126.8426204
202531600000900461,37.50172804,126.8507664
202531600000900428,37.4867558,126.8530316
202531600000900154,37.4962365,126.8424799
202531600000901400,37.4781338,126.8280848
202531600000900758,37.50473546,126.8925242
202531600000901350,37.49517838,126.890443
202531600000900556,37.487915,126.85342
202531600000901276,37.49148627,126.8951383
202531600000900660,37.48872291,126.8882956
202531600000901285,37.49642941,126.8484361
202531600000901188,37.49806437,126.8839536
202531600000900166,37.49753182,126.885232
202531600000900357,37.4938253,126.8840673
202531600000900316,37.5012805,126.8653908
202531600000900828,37.5072573,126.8450099
202531600000900440,37.49874373,126.8457229
202531600000900522,37.5003052,126.8534125
202531600000900566,37.48053915,126.8903231
202531600000900429,37.4895638,126.8765528
202531600000901103,37.500445,126.885432
202531600000901121,37.48183527,126.8501389
202531600000901068,37.47744409,126.8233196
202531600000901178,37.48652,126.8353
202531600000901298,37.48608948,126.8856961
202531600000900019,37.49746364,126.8435006
202531600000901357,37.48862748,126.8874222
202531600000900927,37.48651067,126.8447036
202531600000900816,37.47617195,126.8162906
202531600000900856,37.50201152,126.8801416
202531600000900012,37.48584503,126.8833567
202531600000901173,37.50243326,126.8806583
202531600000901418,37.50835,126.856556
202531600000900928,37.49275748,126.891043
202531600000900041,37.4997653,126.8882903
202531600000900469,37.4966865,126.8227541
202531600000901310,37.49390263,126.8188283
202531600000900418,37.5031012,126.8645494
202531600000901371,37.49697781,126.8923797
202531600000900626,37.5056896,126.8586001
202531600000900130,37.5062717,126.8462874
202531600000901085,37.4753967,126.8149672
202531600000900133,37.49952049,126.8507001
202531600000901270,37.4984403,126.8290206
202531600000901222,37.48931,126.8273
202531600000900027,37.5035558,126.844534
202531600000900829,37.48720936,126.8860873
202531600000900654,37.49268932,126.8234476
202531600000900161,37.4987078,126.8304098
202531600000900465,37.4851722,126.8491146
202531600000900282,37.49363087,126.8810907
202531600000900286,37.5024734,126.8510383
202531600000900479,37.48972383,126.8400171
202531600000900360,37.49057125,126.8945883
202531600000900296,37.5071383,126.8534992
202531600000900493,37.5029697,126.845419
202531600000900097,37.48832193,126.8835924
202531600000900629,37.5076723,126.8494966
202531600000900525,37.4924081,126.8861218
202531600000900728,37.4882152,126.8368345
202531600000901272,37.4899455,126.8555983
202531600000900423,37.4954373,126.8172711
202531600000900844,37.49096921,126.8819034
202531600000900008,37.4966878,126.8852666
202531600000900187,37.51176565,126.883146
202531600000900471,37.49247618,126.841518
202531600000901212,37.48706,126.8478
202531600000900707,37.5082672,126.856845
202531600000901278,37.48650177,126.83123
202531600000900713,37.4928416,126.8436078
202531600000901430,37.505479,126.852328
202531600000900533,37.50422772,126.8575754
202531600000901159,37.48689824,126.8905569
202531600000901014,37.48162599,126.839992
202531600000900738,37.4923986,126.882877
202531600000901182,37.50325,126.842
202531600000900734,37.50383571,126.8651903
202531600000901220,37.49212,126.84905
202531600000901286,37.49828957,126.863815
202531600000901383,37.30919332,126.5017282
202531600000901038,37.494619,126.894231
202531600000900404,37.49549714,126.8182901
202531600000900825,37.49418611,126.8400528
202531600000900368,37.50332266,126.8656493
202531600000901442,37.50934701,126.8907899
202531600000901398,37.4828255,126.8339668
202531600000900369,37.50124538,126.8684044
202531600000900607,37.48550755,126.8819203
202531600000900655,37.49828892,126.8566
202531600000900640,37.50906126,126.8863425
202531600000900363,37.4977518,126.8884821
202531600000901240,37.50214767,126.8343671
202531600000900211,37.50345324,126.8616879
202531600000901149,37.49344825,126.8854757
202531600000900819,37.49868689,126.8758552
202531600000900352,37.48298984,126.8952293
202531600000901306,37.50194843,126.8368697
202531600000900992,37.49287378,126.8247928
202531600000900550,37.49209816,126.8242858
202531600000900560,37.488941,126.884363
202531600000901279,37.48686423,126.8358877
202531600000900366,37.48345554,126.8872661
202531600000901314,37.49867726,126.8379086
202531600000900972,37.49641811,126.8574517
202531600000900536,37.49115806,126.8516213
202531600000900246,37.4881886,126.8513338
202531600000900940,37.49643566,126.8627666
202531600000900058,37.4889918,126.8539606
202531600000900867,37.48987614,126.8532324
202531600000900113,37.4817641,126.8880639
202531600000900802,37.48513551,126.8892111
202531600000900986,37.50565,126.84665
202531600000900143,37.4900153,126.8573676
202531600000900724,37.50834158,126.8784265
202531600000900430,37.4860036,126.8765937
202531600000900643,37.49259033,126.8881287
202531600000900665,37.49465936,126.8487704
202531600000900714,37.4923229,126.845401
202531600000900718,37.4899432,126.8414448
202531600000900592,37.488393,126.8818846
202531600000901356,37.49025359,126.8895965
202531600000900039,37.49887796,126.8866718
202531600000901435,37.504893,126.851625
202531600000901221,37.48694,126.84315
202531600000901202,37.49971,126.84217
202531600000900820,37.48602568,126.8771143
202531600000900511,37.5059432,126.8452516
202531600000900169,37.50458239,126.8877885
202531600000900683,37.49931264,126.8866117
202531600000900298,37.481607,126.8420483
202531600000901277,37.4913371,126.8945816
202531600000900219,37.4938854,126.844022
202531600000901405,37.494168,126.824071
202531600000900248,37.5021839,126.839786
202531600000900377,37.4856143,126.8506718
202531600000900293,37.4824646,126.8350395
202531600000900861,37.50742625,126.8798332
202531600000901205,37.47924,126.83046
202531600000900291,37.4800917,126.8370285
202531600000900085,37.50236737,126.8846167
202531600000900693,37.49170382,126.8521432
202531600000900277,37.4891206,126.8805495
202531600000900666,37.4962617,126.8463105
202531600000901056,37.499124,126.831916
202531600000900942,37.49991464,126.842014
202531600000900314,37.50463027,126.8462763
202531600000900048,37.50301016,126.8878078
202531600000901313,37.49902498,126.8373597
202531600000900663,37.5017624,126.8867273
202531600000900215,37.49500523,126.8394602
202531600000901439,37.50563925,126.8231454
202531600000900322,37.4992663,126.8423742
202531600000900382,37.49794745,126.8285524
202531600000901412,37.497689,126.837456
202531600000901131,37.48753274,126.8897984
202531600000900403,37.4951633,126.8179828
202531600000900434,37.48822619,126.8870723
202531600000900848,37.49120365,126.8416253
202531600000900490,37.48980019,126.8537498
202531600000900778,37.4957069,126.882388
202531600000900872,37.51047981,126.8905592
202531600000900103,37.4939911,126.8926668
202531600000901108,37.49711296,126.8641055
202531600000901054,37.4873,126.832757
202531600000900785,37.50144541,126.8499272
202531600000900441,37.4818889,126.8908525
202531600000900915,37.50477801,126.8600286
202531600000900093,37.4888681,126.8825967
202531600000900425,37.4913651,126.8430317
202531600000900765,37.50527837,126.8621963
202531600000900523,37.48604663,126.8833387
202531600000900373,37.50144761,126.8429551
202531600000900395,37.4999037,126.8875495
202531600000900696,37.4908929,126.8378608
202531600000900082,37.50085837,126.8848084
202531600000900478,37.49777734,126.8405823
202531600000900457,37.48890173,126.8868395
202531600000900309,37.49026007,126.8942071
202531600000900272,37.4974876,126.8801636
202531600000901168,37.48516,126.8863
202531600000901338,37.50239727,126.8888372
202531600000900237,37.50381126,126.8452403
202531600000900857,37.50143872,126.8794894
202531600000900920,37.50388191,126.8854965
202531600000900208,37.4977857,126.8737919
202531600000900793,37.4840122,126.8894949
202531600000900514,37.4872697,126.8868652
202531600000900283,37.48887284,126.8849117
202531600000901044,37.510334,126.891096
202531600000900653,37.48885224,126.8320021
202531600000900480,37.49252573,126.8432056
202531600000900021,37.48968456,126.8392964
202531600000900175,37.4999926,126.8572448
202531600000900436,37.501621,126.8427778
202531600000900459,37.4845091,126.8872667
202531600000901172,37.4933,126.8945
202531600000900769,37.50358702,126.8549104
202531600000900954,37.49364056,126.8447864
202531600000901385,37.30596736,126.5015035
202531600000900200,37.5000861,126.8910538
202531600000901104,37.49256574,126.8378032
202531600000900721,37.4917455,126.8438054
202531600000901244,37.49289,126.82136
202531600000900301,37.4947042,126.8176828
202531600000900807,37.48688287,126.8571787
202531600000900528,37.5048865,126.8646701
202531600000901029,37.4864476,126.8856588
202531600000900022,37.48879326,126.8381534
202531600000900002,37.50407325,126.852837
202531600000901359,37.48825644,126.8878797
202531600000900028,37.50475793,126.844
202531600000900784,37.50389682,126.8504623
202531600000901329,37.48834259,126.8308047
202531600000901384,37.30805248,126.5016641
202531600000900542,37.4944352,126.8730733
202531600000900578,37.4794489,126.8935603
202531600000901035,37.48907937,126.8963289
202531600000900744,37.4945139,126.8324829
202531600000900767,37.50257074,126.8640475
202531600000901195,37.49326,126.886
202531600000900591,37.49444977,126.8846091
202531600000900858,37.49352499,126.8530471
202531600000900716,37.49226116,126.8441334
202531600000900221,37.50490673,126.8661356
202531600000901209,37.4898,126.848
202531600000901030,37.48696553,126.8855082
202531600000901125,37.49895712,126.8541136
202531600000901307,37.50897604,126.8467962
202531600000900384,37.4922835,126.880382
202531600000900850,37.49913133,126.8310263
202531600000900349,37.49315983,126.8201896
202531600000900661,37.486962,126.8875394
202531600000901124,37.48059055,126.8898764
202531600000901333,37.50295421,126.8658558
202531600000900876,37.48348442,126.8868364
202531600000900224,37.4908115,126.8911235
202531600000900315,37.50155996,126.8645696
202531600000901051,37.507342,126.885468
202531600000900773,37.49590901,126.8381946
202531600000901005,37.49885881,126.8878507
202531600000901417,37.507619,126.855681
202531600000901235,37.47489,126.84094
202531600000900477,37.48667378,126.884296
202531600000901370,37.49616863,126.8908631
202531600000901186,37.49680853,126.892151
202531600000900379,37.4967272,126.8385773
202531600000900047,37.5015946,126.8872711
202531600000900345,37.4878992,126.8511497
202531600000901190,37.49150027,126.8859394
202531600000900961,37.50571304,126.8763893
202531600000900691,37.5015355,126.8442035
202531600000900481,37.49359994,126.8347676
202531600000901334,37.5048151,126.8702214
202531600000900325,37.49814264,126.8219336
202531600000900007,37.4976115,126.886097
202531600000900046,37.5007832,126.8867717
202531600000900834,37.47983671,126.8313327
202531600000901150,37.49908543,126.8418009
202531600000900735,37.49624089,126.8241825
202531600000901065,37.47645989,126.8234265
202531600000900222,37.49786354,126.8297146
202531600000900332,37.4901024,126.8584777
202531600000901214,37.49470951,126.8188336
202531600000900899,37.48645983,126.8445808
202531600000900826,37.48892137,126.8237901
202531600000900333,37.49050801,126.85787
202531600000901349,37.49978731,126.8267077
202531600000900449,37.50706392,126.8514117
202531600000900335,37.48902988,126.8574771
202531600000900639,37.5080045,126.8469449
202531600000901375,37.49310851,126.8945558
202531600000900994,37.49327906,126.8216681
202531600000900244,37.5026571,126.8491949
202531600000900475,37.50195899,126.8383383
202531600000900274,37.47553874,126.8426476
202531600000900934,37.49332691,126.8746768
202531600000901210,37.4852,126.8457
202531600000900342,37.4892573,126.8739876
202531600000901239,37.49207,126.86304
202531600000901111,37.49647405,126.8827175
202531600000900917,37.50427782,126.8618277
202531600000900146,37.4824324,126.8503125
202531600000900321,37.49931042,126.8415997
202531600000900760,37.50349848,126.8637942
202531600000900751,37.4845657,126.8401262
202531600000901208,37.50664104,126.8527839
202531600000900232,37.4976624,126.8894954
202531600000901388,37.304581,126.5074486
202531600000901321,37.48192765,126.8349459
202531600000900111,37.48248031,126.8873778
202531600000900076,37.49502533,126.8835028
202531600000900042,37.500198,126.8891523
202531600000900176,37.4823153,126.8519728
202531600000901026,37.48730748,126.8827657
202531600000901184,37.51137,126.8793
202531600000900921,37.506447,126.858545
202531600000900569,37.48094092,126.89121
202531600000900346,37.48802651,126.854802
202531600000900241,37.5050653,126.8874212
202531600000901042,37.503606,126.893031
202531600000900936,37.48385,126.89099
202531600000901158,37.4976957,126.8846663
202531600000900745,37.4935492,126.8873512
202531600000900636,37.48887708,126.8304643
202531600000901046,37.48931806,126.8962381
202531600000901440,37.49667799,126.8330708
202531600000901027,37.48787056,126.8827168
202531600000901189,37.49768,126.8616
202531600000900159,37.49102651,126.8422306
202531600000900053,37.50307133,126.8478628
202531600000900148,37.4868139,126.8546011
202531600000900885,37.48025822,126.8934807
202531600000900102,37.48668908,126.8861418
202531600000900183,37.49260307,126.8657646
202531600000901170,37.48354,126.8986
202531600000901322,37.49496369,126.8872996
202531600000901251,37.49359,126.84926
202531600000900456,37.4865606,126.883964
202531600000900520,37.4841255,126.8862914
202531600000900571,37.479588,126.8899365
202531600000901363,37.49489796,126.8917511
202531600000900179,37.4973152,126.8424422
202531600000900600,37.4921231,126.8479333
202531600000900843,37.49557673,126.8853311
202531600000900313,37.48197384,126.8510657
202531600000900841,37.48255493,126.8989044
202531600000901253,37.49616,126.82395
202531600000900070,37.4928356,126.8441718
202531600000900893,37.50538979,126.8900492
202531600000900308,37.4878486,126.8820644
202531600000900141,37.49134908,126.8530655
202531600000900302,37.5107625,126.888419
202531600000901401,37.4778107,126.8282129
202531600000900762,37.4873047,126.8822373
202531600000900949,37.4889072,126.8358437
202531600000900618,37.49272,126.8888
202531600000900712,37.4922299,126.8450456
202531600000900527,37.4981459,126.8888692
202531600000900077,37.4964291,126.8839322
202531600000901196,37.49285,126.8865
202531600000900052,37.50509654,126.8908046
202531600000900687,37.5056856,126.8538921
202531600000900375,37.49142,126.8576421
202531600000900907,37.49168653,126.88292
202531600000900338,37.4887415,126.8584893
202531600000901052,37.510824,126.884629
202531600000900984,37.50398,126.84564
202531600000901095,37.50205538,126.8250343
202531600000900674,37.4990875,126.8281535
202531600000900895,37.49184127,126.8822385
202531600000901193,37.50175,126.8396
202531600000900532,37.503668,126.8566717
202531600000900201,37.5017691,126.8896995
202531600000901377,37.49080174,126.8928975
202531600000900364,37.5021361,126.8874655
202531600000900421,37.49525857,126.830546
202531600000900468,37.49113554,126.8921253
202531600000900276,37.4894095,126.8806489
202531600000900695,37.49772413,126.8480659
202531600000901256,37.50708,126.82882
202531600000900216,37.4934029,126.8431722
202531600000901424,37.510248,126.852757
202531600000900875,37.48238021,126.8430685
202531600000900619,37.4960596,126.8869409
202531600000901326,37.49114691,126.8888764
202531600000900912,37.500811,126.845819
202531600000901140,37.4964975,126.8321546
202531600000900107,37.48317441,126.8853783
202531600000900406,37.49675579,126.8179619
202531600000901231,37.48466,126.84067
202531600000900203,37.49344438,126.8748969
202531600000900513,37.48457655,126.8537091
202531600000900981,37.49315493,126.8760623
202531600000900437,37.50428702,126.8421971
202531600000900444,37.4811905,126.8974732
202531600000901009,37.51290877,126.8797481
202531600000901175,37.50992534,126.8902046
202531600000900764,37.4848784,126.9015669
202531600000900101,37.48791216,126.8860947
202531600000901025,37.48729102,126.8843544
202531600000901246,37.48623,126.83
202531600000901340,37.49031485,126.8881861
202531600000900830,37.48220553,126.8999225
202531600000901018,37.49581291,126.8677661
202531600000900925,37.50312953,126.8901995
202531600000901094,37.49980874,126.8676488
202531600000901426,37.509148,126.849227
202531600000901311,37.49344011,126.8193937
202531600000900446,37.50206091,126.8351448
202531600000900694,37.4936781,126.8553799
202531600000900035,37.489983,126.8530943
202531600000900947,37.50339041,126.8291648
202531600000901248,37.4849,126.82966
202531600000901139,37.50923321,126.8579165
202531600000900114,37.48560912,126.8851032
202531600000900810,37.48642944,126.8391253
202531600000900646,37.4989337,126.8647185
202531600000900419,37.49721766,126.8450948
202531600000901058,37.49358859,126.8330969
202531600000901218,37.50536,126.84394
202531600000900601,37.4923751,126.8478982
202531600000900747,37.4933107,126.8344087
202531600000901062,37.508143,126.846549
202531600000900641,37.5083888,126.8918078
202531600000900362,37.4855764,126.8865128
202531600000901364,37.49376896,126.8923064
202531600000900894,37.50562518,126.890046
202531600000901266,37.50186075,126.8515182
202531600000901281,37.49036555,126.8333217
202531600000901261,37.48540669,126.8301979
202531600000901093,37.48446052,126.824722
202531600000900162,37.4951852,126.8315024
202531600000901323,37.50764817,126.8867179
202531600000900251,37.5023191,126.8378423
202531600000900026,37.49424877,126.8269721
202531600000900090,37.49809599,126.8817226
202531600000900198,37.48303903,126.852655
202531600000901101,37.49787111,126.8416338
202531600000900868,37.48917354,126.8533807
202531600000900606,37.48697551,126.8819154
202531600000901021,37.49703425,126.8603484
202531600000901031,37.48745228,126.8857166
202531600000901438,37.50622952,126.8230447
202531600000900555,37.506592,126.845347
202531600000900470,37.5057118,126.8749024
202531600000900605,37.4941108,126.848336
202531600000901206,37.5065,126.8527
202531600000900147,37.4879115,126.8529119
202531600000901017,37.49716248,126.8357097
202531600000900489,37.47982,126.8920949
202531600000900888,37.48471381,126.8863314
202531600000900144,37.4899029,126.8528043
202531600000900030,37.48995368,126.8257495
202531600000900194,37.50736238,126.8790529
202531600000900634,37.495509,126.8395732
202531600000900356,37.50158007,126.8296354
202531600000901107,37.49239894,126.8606623
202531600000901127,37.49474873,126.8413464
202531600000900388,37.4885328,126.8516363
202531600000900706,37.5095488,126.8546842
202531600000900512,37.49303459,126.8535711
202531600000901265,37.50724228,126.8535461
202531600000900507,37.4915849,126.8760366
202531600000900539,37.4927472,126.894558
202531600000900230,37.5067149,126.8560896
202531600000901117,37.49377689,126.8720837
202531600000901353,37.49202785,126.8926744
202531600000900624,37.5062361,126.8496523
202531600000900498,37.49749629,126.8811864
202531600000900711,37.49278108,126.8455317
202531600000900261,37.5034053,126.852492
202531600000900063,37.4934395,126.8542296
202531600000900568,37.4846831,126.8877912
202531600000900115,37.4845071,126.8854886
202531600000901292,37.49758857,126.8451458
202531600000900273,37.5102776,126.8887703
202531600000900580,37.48386168,126.8856288
202531600000900504,37.4962185,126.8421633
202531600000900184,37.49171851,126.864381
202531600000900083,37.50259714,126.8869574
202531600000901142,37.50207164,126.8381936
202531600000901413,37.498361,126.83788
202531600000900598,37.4822901,126.8886436
202531600000901163,37.481558,126.824474
202531600000901379,37.48817895,126.8847996
202531600000900682,37.4791823,126.8987612
202531600000900236,37.5042019,126.8441219
202531600000900805,37.49890737,126.8485922
202531600000900427,37.49080737,126.8521818
202531600000900845,37.49835387,126.8874529
202531600000900079,37.50423017,126.8917247
202531600000900870,37.49706699,126.8890974
202531600000900270,37.5068706,126.8542373
202531600000901147,37.48730486,126.8779602
202531600000900297,37.49168947,126.8551002
202531600000901374,37.49502673,126.8938765
202531600000901341,37.50338698,126.8909708
202531600000900756,37.4962666,126.8649648
202531600000901395,37.4852654,126.8469956
202531600000901241,37.50212,126.83545
202531600000901136,37.48272632,126.8342489
202531600000900310,37.4908394,126.8873709
202531600000900509,37.4853264,126.8231488
202531600000901351,37.49342168,126.891874
202531600000900226,37.488446,126.8522399
202531600000900950,37.49313413,126.8318992
202531600000901097,37.49412206,126.8409915
202531600000901070,37.4783495,126.8232524
202531600000900228,37.4849166,126.8884963
202531600000900040,37.4992968,126.8874457
202531600000901197,37.49382268,126.8883728
202531600000900993,37.49250201,126.8217151
202531600000901236,37.49737,126.88962
202531600000900628,37.5041619,126.8555421
202531600000901327,37.49641748,126.8888345
202531600000900603,37.49233016,126.8469404
202531600000901109,37.49676915,126.8396091
202531600000900742,37.48770944,126.8570867
202531600000900627,37.5022818,126.8520465
202531600000901354,37.48953885,126.8912767
202531600000900197,37.482335,126.8509603
202531600000901145,37.48794493,126.8947192
202531600000900032,37.48472815,126.8895792
202531600000901325,37.49281398,126.8946904
202531600000900524,37.5114865,126.8803341
202531600000900692,37.5022051,126.8489086
202531600000900367,37.4859186,126.8810001
202531600000901003,37.4989608,126.8299128
202531600000900229,37.48499041,126.8981832
202531600000901434,37.505357,126.851433
202531600000900334,37.48905176,126.8569399
202531600000901020,37.4976007,126.8595542
202531600000900792,37.4850383,126.8290359
202531600000900287,37.49045316,126.8553627
202531600000900177,37.48784033,126.8518003
202531600000901090,37.49775043,126.8711411
202531600000900278,37.5101366,126.8893825
202531600000900779,37.48971731,126.8824058
202531600000900496,37.49947409,126.881285
202531600000901258,37.48634277,126.8264335
202531600000900264,37.4897076,126.8505572
202531600000900679,37.507931,126.8788946
202531600000901315,37.49865152,126.8370237
202531600000901007,37.49113064,126.8929309
202531600000900284,37.49796643,126.8850984
202531600000900055,37.49535894,126.8814725
202531600000900464,37.5077171,126.8487073
202531600000900004,37.4829713,126.8516142
202531600000900602,37.4925644,126.847441
202531600000900192,37.5019985,126.8589699
202531600000900664,37.483837,126.8849473
202531600000901255,37.5025,126.85437
202531600000901164,37.479169,126.823034
202531600000901191,37.49621803,126.8304675
202531600000900010,37.4996026,126.8899298
202531600000900752,37.49234662,126.86245
202531600000900561,37.482713,126.89058
202531600000900474,37.4980384,126.8213032
202531600000900341,37.4893948,126.875276
202531600000900495,37.49803185,126.887541
202531600000900970,37.49544566,126.8717698
202531600000900466,37.4853013,126.8499675
202531600000901309,37.49443995,126.8188646
202531600000900152,37.49690095,126.8371606
202531600000901187,37.49066167,126.8876029
202531600000900650,37.48981897,126.8507477
202531600000901028,37.48867966,126.8831735
202531600000900969,37.48818388,126.8806838
202531600000900018,37.4977948,126.8427717
202531600000901185,37.49548,126.8188
202531600000900256,37.5039796,126.8520175
202531600000901130,37.48415796,126.8916915
202531600000900869,37.49690823,126.8903444
202531600000900839,37.5002113,126.8537295
202531600000901049,37.506483,126.859075
202531600000900463,37.50508838,126.8504487
202531600000901245,37.49506,126.82102
202531600000900763,37.49581069,126.882727
202531600000901053,37.49927,126.851709
202531600000900095,37.4928552,126.887168
202531600000901366,37.48734676,126.8873547
202531600000900988,37.51515813,126.8810877
202531600000900073,37.49191826,126.8561542
202531600000900803,37.50332555,126.862296
202531600000900209,37.4926377,126.8812732
202531600000900633,37.49676771,126.8305115
202531600000901324,37.47903475,126.8968854
202531600000900590,37.4894907,126.8815136
202531600000900044,37.50050162,126.8886173
202531600000900473,37.504244,126.8600198
202531600000900448,37.4978145,126.8390439
202531600000901144,37.5092618,126.8500699
202531600000901302,37.49862854,126.8350675
202531600000900253,37.4941798,126.8246221
202531600000900062,37.48532876,126.8535974
202531600000901367,37.49453701,126.8916625
202531600000900164,37.507265,126.8797241
202531600000901004,37.49881944,126.8821116
202531600000900239,37.5015434,126.8581535
202531600000901024,37.48777751,126.8842914
202531600000900080,37.49874031,126.8887754
202531600000900413,37.4862016,126.8427332
202531600000900651,37.49541444,126.8389109
202531600000900790,37.49156963,126.8547301
202531600000900579,37.48415722,126.8873507
202531600000900817,37.50707318,126.8792937
202531600000900554,37.49781253,126.8632674
202531600000900929,37.49255227,126.8907889
202531600000900866,37.49052482,126.8531972
202531600000901091,37.49510921,126.8710099
202531600000900918,37.49402947,126.8927544
202531600000900669,37.47939607,126.8941065
202531600000901032,37.48845074,126.8863398
202531600000900117,37.48638622,126.8827898
202531600000900783,37.5093573,126.8775917
202531600000900157,37.49333259,126.8452648
202531600000901274,37.50338551,126.8540739
202531600000901059,37.50318,126.888141
202531600000900300,37.4872333,126.8901028
202531600000900119,37.4857571,126.8887462
202531600000901151,37.50114847,126.8416015
202531600000901084,37.4768436,126.8224392
202531600000900220,37.5006338,126.8541745
202531600000900796,37.4839118,126.8392875
202531600000901011,37.49418262,126.8218695
202531600000900098,37.48946785,126.8829772
202531600000900009,37.49475979,126.8917994
202531600000900065,37.49036061,126.8415693
202531600000900723,37.4938762,126.8455487
202531600000900749,37.4836765,126.8399342
202531600000900710,37.4929802,126.8460544
202531600000901344,37.49659726,126.8565863
202531600000900545,37.49597577,126.8836113
202531600000901396,37.485037,126.8472342
202531600000900821,37.48710854,126.8776213
202531600000901381,37.4882869,126.8893308
202531600000901330,37.48071722,126.8244259
202531600000900016,37.48905645,126.8589696
202531600000900897,37.48077762,126.8389452
202531600000900862,37.50733889,126.8792057
202531600000901422,37.508266,126.855082
202531600000900725,37.48833684,126.8827245
202531600000900672,37.49900534,126.8512354
202531600000900529,37.50509912,126.8649732
202531600000900271,37.4978536,126.8803472
202531600000900023,37.49057191,126.8391899
202531600000901207,37.50736742,126.850572
202531600000901132,37.49015023,126.894815
202531600000901213,37.48702604,126.8476023
202531600000900837,37.50177776,126.8545124
202531600000901389,37.48517281,126.8485631
202531600000901198,37.4932,126.8893
202531600000900326,37.49104583,126.857428
202531600000900987,37.50605863,126.8456202
202531600000900865,37.49045721,126.8905488
202531600000901269,37.48650364,126.8808307
202531600000901250,37.48861,126.82735
202531600000901297,37.489405,126.8878423
202531600000900551,37.4916403,126.8231201
202531600000900959,37.48702599,126.880598
202531600000900252,37.4950116,126.8250637
202531600000900704,37.5100282,126.8508726
202531600000900294,37.4967126,126.8897101
202531600000900730,37.49538133,126.8747977
202531600000900755,37.48666395,126.8834678
202531600000900263,37.4851541,126.8477914
202531600000900671,37.5036207,126.8425151
202531600000901146,37.50934811,126.8848293
202531600000900732,37.4902763,126.8872893
202531600000901177,37.50019332,126.8270856
202531600000900648,37.500666,126.841283
202531600000900681,37.49698658,126.8719566
202531600000900995,37.49129733,126.8193735
202531600000901048,37.497074,126.875319
202531600000900351,37.4930185,126.8198441
202531600000901319,37.50447993,126.8432881
202531600000900570,37.4827657,126.8865322
202531600000900616,37.486258,126.883769
202531600000900562,37.50291518,126.8922525
202531600000900924,37.5017455,126.8915672
202531600000900576,37.4827928,126.8882874
202531600000900609,37.4856372,126.8826267
202531600000900586,37.4828801,126.8898192
202531600000901138,37.47870793,126.8295743
202531600000900905,37.51026752,126.8784658
202531600000900084,37.504714,126.8848614
202531600000900581,37.48001451,126.8917601
202531600000900105,37.4917559,126.8907255
202531600000900455,37.4987994,126.8497046
202531600000900956,37.49290092,126.8241115
202531600000900223,37.4904757,126.8915504
202531600000900794,37.48226439,126.8877201
202531600000901013,37.49652051,126.8546046
202531600000900234,37.4862392,126.8251483
202531600000901423,37.508545,126.854952
202531600000900919,37.48185868,126.8973366
202531600000900029,37.4898092,126.8268299
202531600000900439,37.4931145,126.8529711
202531600000900913,37.48709696,126.8961055
202531600000900652,37.49051556,126.8425087
202531600000900985,37.50539,126.84594
202531600000900088,37.4944081,126.8811941
202531600000900217,37.4950999,126.8339546
202531600000901217,37.48964268,126.843336
202531600000900172,37.49754421,126.8649896
202531600000900635,37.4974936,126.8401847
202531600000900889,37.48237202,126.8872055
202531600000900702,37.48395119,126.842107
202531600000900941,37.50089047,126.8449354
202531600000900385,37.48811735,126.8517743
202531600000900997,37.50218206,126.8629654
202531600000900304,37.4817829,126.8394871
202531600000900766,37.4985197,126.88677
202531600000900703,37.50810065,126.8491957
202531600000900958,37.49041448,126.8812937
202531600000901428,37.50491,126.853076
202531600000900903,37.4923617,126.8869502
202531600000901282,37.49209238,126.8833265
202531600000901215,37.48330346,126.8378637
202531600000900188,37.51263763,126.8833991
202531600000900408,37.49267358,126.8189238
202531600000901429,37.505023,126.852588
202531600000900896,37.49180934,126.8818399
202531600000900565,37.5103377,126.8899352
202531600000900163,37.494211,126.8321615
202531600000901335,37.49915506,126.863296
202531600000900909,37.49243476,126.872428
202531600000900673,37.48806567,126.8555115
202531600000900926,37.50475909,126.8888428
202531600000900205,37.50913917,126.8536111
202531600000900557,37.493587,126.856328
202531600000900719,37.4901629,126.841058
202531600000900883,37.47916679,126.8921397
202531600000900112,37.4802318,126.889241
202531600000900670,37.50200834,126.8683507
202531600000900824,37.49871248,126.8359014
202531600000900863,37.49146313,126.8917913
202531600000901273,37.48539665,126.8890524
202531600000900553,37.499992,126.862708
202531600000900534,37.5035327,126.8601504
202531600000901226,37.50683,126.85631
202531600000900517,37.4860089,126.8879501
202531600000900736,37.4923735,126.8508896
202531600000900953,37.49557463,126.840768
202531600000900878,37.48410709,126.8878643
202531600000900847,37.48375619,126.8515455
202531600000900540,37.5051467,126.854802
202531600000900859,37.48821014,126.8576171
202531600000900249,37.5020107,126.8399097
202531600000900740,37.4954756,126.8831355
202531600000901008,37.50584739,126.8624271
202531600000900329,37.4901723,126.85889
202531600000901016,37.4969966,126.8379237
202531600000900124,37.50368163,126.8643933
202531600000901317,37.49850811,126.8706403
202531600000900281,37.48746649,126.8796193
202531600000900132,37.5015021,126.8522482
202531600000901224,37.50787,126.89094
202531600000900225,37.4909825,126.8919535
202531600000900697,37.48508486,126.8376046
202531600000900644,37.49478064,126.8939491
202531600000901369,37.49495955,126.8888771
202531600000900210,37.49262113,126.8921825
202531600000900853,37.48448493,126.9024408
202531600000900204,37.49490384,126.8748353
202531600000900891,37.48804306,126.8397296
202531600000900962,37.48355403,126.9017015
202531600000900781,37.485136,126.8883729
202531600000900966,37.50024189,126.8832318
202531600000900774,37.49972218,126.8429502
202531600000900797,37.4978513,126.8257626
202531600000901397,37.4870078,126.8481669
202531600000900426,37.4924554,126.8421624
202531600000900064,37.49369983,126.8523626
202531600000901162,37.496574,126.883673
202531600000900328,37.49054236,126.8583421
202531600000901096,37.49641216,126.826102
202531600000901105,37.49978229,126.8493255
202531600000900757,37.486886,126.8902103
202531600000901409,37.498179,126.837617
202531600000900900,37.50225287,126.8379434
202531600000900393,37.4895648,126.8516217
202531600000900392,37.48951027,126.8524613
202531600000900122,37.5044806,126.8475758
202531600000900611,37.4860319,126.8821091
202531600000901043,37.506977,126.893234
202531600000900104,37.492112,126.8930223
202531600000900086,37.49495195,126.8844698
202531600000901166,37.50720556,126.8915366
202531600000901287,37.49977663,126.8271007
202531600000900024,37.4931901,126.8254508
202531600000900811,37.48730416,126.8300014
202531600000900290,37.4774945,126.8408346
202531600000900916,37.494317,126.861552
202531600000900153,37.4956247,126.8402601
202531600000900531,37.49869663,126.8566105
202531600000901012,37.49715675,126.8536167
202531600000900383,37.49422414,126.8593189
202531600000900422,37.49633327,126.8291554
202531600000900604,37.4934842,126.8472314
202531600000900882,37.48286178,126.8858621
202531600000900733,37.50461289,126.8652483
202531600000900303,37.4856384,126.8384329
202531600000901295,37.49435237,126.8518129
202531600000900150,37.50109308,126.8491928
202531600000900975,37.49468293,126.8606072
202531600000900265,37.5070383,126.8558945
202531600000900454,37.4984943,126.8502831
202531600000900372,37.50494135,126.8464538
202531600000900402,37.4939829,126.8182629
202531600000900770,37.49937587,126.8521281
202531600000900193,37.50446221,126.8893296
202531600000901078,37.4793177,126.8207993
202531600000900186,37.5122239,126.8843166
202531600000901129,37.48545798,126.8920288
202531600000900549,37.4976924,126.8891953
202531600000901304,37.50165032,126.8371248
202531600000900632,37.4882009,126.8507283
202531600000900923,37.49762511,126.8628719
202531600000900410,37.49952392,126.8498491
202531600000900158,37.4929003,126.8468169
202531600000901152,37.497929,126.859072
202531600000901201,37.4966,126.83244
202531600000901259,37.50155053,126.8538259
202531600000900142,37.48862824,126.8568983
202531600000901216,37.48316204,126.8386206
202531600000900960,37.48426339,126.8988202
202531600000900348,37.4927526,126.8206214
202531600000900242,37.5047162,126.887028
202531600000901362,37.49360096,126.8933522
202531600000900359,37.4973269,126.8830271
202531600000900813,37.49181931,126.8246002
202531600000900688,37.5056444,126.8602525
202531600000900038,37.49666492,126.8247333
202531600000900501,37.4955614,126.8653882
202531600000900552,37.4874366,126.838434
202531600000900472,37.5048173,126.8652081
202531600000900036,37.48498371,126.8882729
202531600000901347,37.49898524,126.8845541
202531600000900324,37.49704362,126.8220691
202531600000900386,37.4880731,126.852466
202531600000900852,37.49315163,126.8223073
202531600000900656,37.50487659,126.875664
202531600000901425,37.510011,126.85197
202531600000900795,37.483096,126.8886882
202531600000900488,37.48757935,126.8866832
202531600000900182,37.49309157,126.8664931
202531600000900013,37.50556927,126.8567897
202531600000901086,37.47428,126.8160114
202531600000900957,37.48946766,126.8245831
202531600000900890,37.49702271,126.8216479
202531600000900417,37.5067384,126.8772868
202531600000900432,37.4860707,126.8521948
202531600000901077,37.48015531,126.8197999
202531600000901157,37.49789022,126.8854887
202531600000900630,37.5030375,126.8524435
202531600000900068,37.48918841,126.8563178
202531600000900596,37.4819908,126.8912265
202531600000901113,37.495354,126.87361
202531600000900979,37.49058773,126.8833571
202531600000900815,37.49720338,126.846006
202531600000901290,37.48655924,126.8296837
202531600000900017,37.49729225,126.8416605
202531600000900698,37.48908912,126.840386
202531600000901441,37.49760431,126.8256135
202531600000901234,37.47551,126.84097
202531600000900898,37.48105686,126.8388909
202531600000900374,37.49854993,126.8527121
202531600000900416,37.4999907,126.884821
202531600000900668,37.5000076,126.8855081
202531600000901247,37.4833,126.82749
202531600000900295,37.4969163,126.8890093
202531600000900786,37.50595445,126.8477835
202531600000901345,37.49619968,126.8593887
202531600000901393,37.4861761,126.846136
202531600000900109,37.4845686,126.8883012
202531600000900877,37.48371694,126.8873787
202531600000901143,37.50216516,126.8383677
202531600000900483,37.5018553,126.8476292
202231700000900399,37.471734,126.903845
202231700000900283,37.479316,126.904602
202231700000900049,37.477215,126.893179
202231700000900465,37.45167,126.903195
202231700000900071,37.482306,126.884713
202231700000900581,37.458659,126.907389
202231700000900292,37.472235,126.89915
202231700000900325,37.476602,126.908272
202231700000900423,37.452249,126.903568
202231700000900180,37.46361,126.901528
202231700000900047,37.466432,126.88877
202231700000900139,37.477755,126.896057
202231700000900281,37.479941,126.908202
202231700000900618,37.462613,126.905073
202231700000900261,37.478798,126.90843
202231700000900697,37.446876,126.9056
202231700000900345,37.467954,126.898728
202231700000900132,37.464086,126.893615
202231700000900293,37.476178,126.907751
202231700000900238,37.465905,126.907096
202231700000900487,37.450842,126.905848
202231700000900098,37.453412,126.891799
202231700000900693,37.455209,126.909921
202231700000900510,37.449905,126.914925
202231700000900597,37.45642,126.907473
202231700000900702,37.450634,126.909732
202231700000900034,37.47418,126.886153
202231700000900102,37.465191,126.895846
202231700000900268,37.477487,126.909469
202231700000900076,37.477031,126.896235
202231700000900316,37.473327,126.906397
202231700000900660,37.449546,126.907135
202231700000900503,37.453293,126.91726
202231700000900483,37.449694,126.899762
202231700000900267,37.472321,126.903276
202231700000900706,37.447451,126.906016
202231700000900569,37.444223,126.905683
202231700000900015,37.477397,126.895788
202231700000900447,37.455921,126.903629
202231700000900133,37.475944,126.897918
202231700000900209,37.463777,126.900548
202231700000900566,37.440883,126.905983
202231700000900661,37.449363,126.909561
202231700000900242,37.46485,126.902567
202231700000900317,37.479507,126.905796
202231700000900400,37.471603,126.904882
202231700000900623,37.461037,126.906027
202231700000900609,37.460869,126.908635
202231700000900280,37.478915,126.905143
202231700000900470,37.457698,126.901681
202231700000900439,37.454479,126.905891
202231700000900240,37.466634,126.905819
202231700000900005,37.477021,126.880368
202231700000900665,37.447196,126.908253
202231700000900402,37.471538,126.905472
202231700000900019,37.484772,126.882233
202231700000900113,37.476978,126.897813
202231700000900070,37.474541,126.890729
202231700000900427,37.458035,126.904322
202231700000900138,37.467848,126.892719
202231700000900117,37.454344,126.890141
202231700000900576,37.461401,126.908381
202231700000900468,37.451111,126.903637
202231700000900637,37.452189,126.908131
202231700000900017,37.476689,126.894627
202231700000900092,37.46422,126.897235
202231700000900391,37.46707,126.902689
202231700000900424,37.455546,126.902797
202231700000900231,37.463082,126.901069
202231700000900692,37.447004,126.911411
202231700000900279,37.477724,126.902898
202231700000900016,37.478748,126.877227
202231700000900169,37.46513,126.891944
202231700000900312,37.477301,126.907445
202231700000900513,37.451093,126.913651
202231700000900065,37.478165,126.887836
202231700000900168,37.472554,126.901557
202231700000900624,37.456239,126.906681
202231700000900164,37.466505,126.89616
202231700000900202,37.463991,126.905015
202231700000900088,37.465788,126.894447
202231700000900358,37.469235,126.905536
202231700000900675,37.454392,126.909611
202231700000900276,37.475383,126.900501
202231700000900559,37.443149,126.904589
202231700000900517,37.450333,126.91518
202231700000900668,37.452003,126.912598
202231700000900376,37.47083,126.903852
202231700000900111,37.469178,126.893674
202231700000900204,37.465301,126.903839
202231700000900454,37.451443,126.904802
202231700000900382,37.469374,126.901476
202231700000900305,37.47639,126.909317
202231700000900327,37.476881,126.90906
202231700000900430,37.455857,126.900988
202231700000900136,37.471072,126.890928
202231700000900554,37.437484,126.904853
202231700000900336,37.468291,126.899938
202231700000900103,37.476556,126.89645
202231700000900143,37.473515,126.895712
202231700000900458,37.458361,126.9011
202231700000900165,37.469974,126.896224
202231700000900397,37.469575,126.905235
202231700000900370,37.470868,126.907506
202231700000900095,37.466546,126.896493
202231700000900246,37.465378,126.90511
202231700000900310,37.47926,126.907232
202231700000900677,37.450164,126.905847
202231700000900284,37.473445,126.902496
202231700000900176,37.464826,126.90426
202231700000900403,37.471493,126.905932
202231700000900230,37.464531,126.904499
202231700000900414,37.452614,126.905247
202231700000900154,37.473002,126.894263
202231700000900578,37.460219,126.907247
202231700000900178,37.466058,126.90278
202231700000900175,37.465161,126.905339
202231700000900607,37.463949,126.911442
202231700000900460,37.459518,126.902386
202231700000900373,37.466602,126.90282
202231700000900689,37.450316,126.906354
202231700000900604,37.460393,126.906114
202231700000900431,37.461012,126.902937
202231700000900166,37.458374,126.895001
202231700000900687,37.446937,126.905879
202231700000900006,37.484093,126.883324
202231700000900500,37.452309,126.916245
202231700000900688,37.453068,126.911824
202231700000900694,37.454759,126.910065
202231700000900062,37.475792,126.892987
202231700000900195,37.462994,126.899336
202231700000900592,37.460604,126.909257
202231700000900155,37.465797,126.893037
202231700000900120,37.452387,126.891019
202231700000900526,37.435124,126.906613
202231700000900412,37.446697,126.900435
202231700000900332,37.473451,126.906059
202231700000900667,37.451434,126.910599
202231700000900695,37.452146,126.908691
202231700000900366,37.467364,126.903277
202231700000900405,37.459855,126.90418
202231700000900289,37.478703,126.899204
202231700000900207,37.463748,126.903694
202231700000900365,37.469712,126.900805
202231700000900638,37.452034,126.910699
202231700000900121,37.453228,126.889732
202231700000900558,37.443657,126.904652
202231700000900027,37.48222,126.883981
202231700000900673,37.453042,126.912235
202231700000900410,37.452867,126.903952
202231700000900346,37.469185,126.900112
202231700000900628,37.463011,126.90714
202231700000900579,37.460938,126.910652
202231700000900306,37.473931,126.899627
202231700000900084,37.464658,126.895312
202231700000900438,37.451278,126.896606
202231700000900640,37.452797,126.910577
202231700000900096,37.475782,126.896682
202231700000900669,37.450761,126.910601
202231700000900377,37.467683,126.907425
202231700000900252,37.474985,126.902689
202231700000900046,37.47541,126.878626
202231700000900368,37.467953,126.908357
202231700000900241,37.466434,126.899108
202231700000900188,37.462292,126.899091
202231700000900090,37.467298,126.893868
202231700000900129,37.472224,126.89169
202231700000900228,37.460497,126.901576
202231700000900298,37.473399,126.903357
202231700000900545,37.434245,126.906744
202231700000900225,37.462838,126.904896
202231700000900218,37.462223,126.902802
202231700000900575,37.462139,126.911859
202231700000900381,37.468618,126.908609
202231700000900058,37.482477,126.884602
202231700000900398,37.47036,126.906609
202231700000900375,37.467753,126.908542
202231700000900331,37.47674,126.903585
202231700000900642,37.450139,126.907943
202231700000900137,37.474765,126.896257
202231700000900416,37.453667,126.905421
202231700000900493,37.454222,126.905912
202231700000900212,37.46601,126.904962
202231700000900407,37.455354,126.902248
202231700000900614,37.460407,126.908287
202231700000900291,37.47803,126.902969
202231700000900313,37.476312,126.901875
202231700000900253,37.478029,126.902677
202231700000900437,37.452596,126.902827
202231700000900524,37.447242,126.919503
202231700000900211,37.460941,126.9005
202231700000900387,37.470492,126.904379
202231700000900119,37.454333,126.891014
202231700000900659,37.448069,126.906895
202231700000900489,37.456867,126.90549
202231700000900477,37.45468,126.897157
202231700000900322,37.477389,126.908856
202231700000900191,37.462254,126.902498
202231700000900679,37.452269,126.910843
202231700000900515,37.448246,126.916186
202231700000900699,37.453461,126.909462
202231700000900013,37.473846,126.890442
202231700000900658,37.449462,126.906259
202231700000900020,37.47802,126.89507
202231700000900248,37.472162,126.900565
202231700000900504,37.452257,126.915631
202231700000900344,37.46777,126.903908
202231700000900645,37.448573,126.907396
202231700000900359,37.468555,126.907013
202231700000900259,37.472648,126.906168
202231700000900275,37.477965,126.904466
202231700000900226,37.465867,126.900615
202231700000900505,37.449771,126.917948
202231700000900462,37.449503,126.903434
202231700000900445,37.450373,126.90372
202231700000900066,37.477093,126.884853
202231700000900626,37.454561,126.909001
202231700000900620,37.455674,126.906864
202231700000900459,37.454209,126.897149
202231700000900194,37.465891,126.899304
202231700000900411,37.450746,126.90533
202231700000900662,37.452716,126.90686
202231700000900686,37.454144,126.91248
202231700000900652,37.451249,126.912428
202231700000900239,37.464402,126.898291
202231700000900091,37.452292,126.892447
202231700000900603,37.464079,126.909114
202231700000900464,37.452481,126.902888
202231700000900224,37.459664,126.901293
202231700000900429,37.45485,126.899665
202231700000900455,37.454536,126.90281
202231700000900012,37.478008,126.890183
202231700000900482,37.455435,126.901968
202231700000900329,37.478375,126.903742
202231700000900549,37.441383,126.90627
202231700000900052,37.472867,126.891798
202231700000900051,37.475335,126.895639
202231700000900126,37.455416,126.891652
202231700000900114,37.464705,126.895694
202231700000900210,37.464064,126.906379
202231700000900647,37.452204,126.906873
202231700000900206,37.463615,126.905128
202231700000900118,37.45427,126.889805
202231700000900041,37.476357,126.892904
202231700000900511,37.450534,126.915399
202231700000900339,37.468915,126.906224
202231700000900696,37.450096,126.907332
202231700000900560,37.442306,126.904484
202231700000900146,37.462808,126.885338
202231700000900221,37.462037,126.900593
202231700000900082,37.47227,126.894958
202231700000900343,37.467793,126.902579
202231700000900501,37.453013,126.915868
202231700000900601,37.454086,126.907142
202231700000900028,37.482748,126.882435
202231700000900570,37.443239,126.906555
202231700000900583,37.455079,126.906697
202231700000900615,37.459936,126.908428
202231700000900574,37.442661,126.905418
202231700000900450,37.459067,126.902662
202231700000900044,37.477968,126.888086
202231700000900522,37.448527,126.916368
202231700000900634,37.458198,126.907619
202231700000900371,37.470755,126.908163
202231700000900388,37.46816,126.902123
202231700000900633,37.455894,126.906227
202231700000900436,37.451261,126.904171
202231700000900134,37.476106,126.898376
202231700000900571,37.442425,126.907056
202231700000900356,37.470066,126.901985
202231700000900691,37.454742,126.909773
202231700000900446,37.451319,126.897768
202231700000900701,37.447667,126.902094
202231700000900216,37.458423,126.899887
202231700000900057,37.476586,126.890553
202231700000900270,37.476474,126.906005
202231700000900089,37.453724,126.890514
202231700000900151,37.459374,126.896418
202231700000900007,37.482931,126.883547
202231700000900032,37.480358,126.879989
202231700000900625,37.461526,126.912235
202231700000900227,37.463903,126.902251
202231700000900385,37.46782,126.909298
202231700000900167,37.467868,126.895096
202231700000900158,37.467797,126.890077
202231700000900367,37.471642,126.90637
202231700000900531,37.444148,126.904331
202231700000900208,37.462619,126.903282
202231700000900449,37.455915,126.895163
202231700000900536,37.440095,126.901464
202231700000900563,37.43904,126.904086
202231700000900342,37.470204,126.900267
202231700000900063,37.465974,126.887996
202231700000900497,37.446008,126.918248
202231700000900418,37.460378,126.903336
202231700000900496,37.450432,126.913577
202231700000900532,37.443604,126.905602
202231700000900038,37.476793,126.892126
202231700000900541,37.442328,126.905989
202231700000900582,37.456286,126.906486
202231700000900525,37.434695,126.905279
202231700000900269,37.475778,126.904216
202231700000900152,37.459834,126.896182
202231700000900333,37.466978,126.904855
202231700000900219,37.46061,126.899432
202231700000900463,37.447532,126.899278
202231700000900205,37.465175,126.899543
202231700000900610,37.454778,126.908829
202231700000900685,37.453254,126.913446
202231700000900602,37.453708,126.906967
202231700000900539,37.434837,126.905743
202231700000900357,37.468124,126.906471
202231700000900042,37.485069,126.881651
202231700000900073,37.472982,126.884732
202231700000900105,37.464953,126.8963
202231700000900309,37.472678,126.903898
202231700000900040,37.473724,126.887339
202231700000900266,37.47173,126.900585
202231700000900295,37.478565,126.904433
202231700000900380,37.467775,126.9087
202231700000900050,37.482899,126.882979
202231700000900097,37.453241,126.891155
202231700000900002,37.473598,126.892272
202231700000900580,37.45825,126.906397
202231700000900396,37.468617,126.903537
202231700000900488,37.450124,126.903819
202231700000900348,37.468188,126.904776
202231700000900386,37.467347,126.90734
202231700000900217,37.464164,126.904422
202231700000900663,37.451244,126.908531
202231700000900140,37.466641,126.890551
202231700000900453,37.449906,126.902667
202231700000900520,37.450047,126.916103
202231700000900543,37.442807,126.90643
202231700000900466,37.457241,126.901484
202231700000900557,37.446395,126.904594
202231700000900109,37.471286,126.893771
202231700000900156,37.464651,126.893737
202231700000900606,37.462579,126.905743
202231700000900363,37.470609,126.905795
202231700000900360,37.469362,126.898808
202231700000900364,37.4708,126.9042
202231700000900352,37.470734,126.900377
202231700000900551,37.443231,126.905979
202231700000900553,37.434817,126.904699
202231700000900184,37.461197,126.898963
202231700000900093,37.465187,126.89667
202231700000900190,37.4658,126.903501
202231700000900690,37.44818,126.908682
202231700000900340,37.46767,126.904763
202231700000900236,37.4599,126.900388
202231700000900130,37.462596,126.889037
202231700000900457,37.454851,126.903469
202231700000900341,37.469561,126.901821
202231700000900035,37.469286,126.888242
202231700000900469,37.45897,126.903991
202231700000900573,37.439441,126.905211
202231700000900142,37.464388,126.896353
202231700000900078,37.46649,126.88893
202231700000900177,37.463823,126.904416
202231700000900440,37.452503,126.90232
202231700000900048,37.477922,126.894398
202231700000900149,37.458642,126.89571
202231700000900613,37.456957,126.90744
202231700000900347,37.468449,126.904499
202231700000900502,37.450799,126.913362
202231700000900199,37.466465,126.903986
202231700000900456,37.450288,126.901249
202231700000900374,37.46861,126.901528
202231700000900632,37.462526,126.907659
202231700000900572,37.443624,126.905253
202231700000900616,37.462161,126.907846
202231700000900287,37.477031,126.905791
202231700000900243,37.466429,126.90171
202231700000900384,37.469641,126.907645
202231700000900595,37.461543,126.91146
202231700000900055,37.482862,126.884737
202231700000900674,37.448091,126.905223
202231700000900157,37.472208,126.892767
202231700000900666,37.453755,126.910905
202231700000900222,37.466106,126.89861
202231700000900067,37.480473,126.883438
202231700000900650,37.450839,126.912598
202231700000900523,37.450028,126.912839
202231700000900409,37.44727,126.900593
202231700000900682,37.448841,126.909142
202231700000900490,37.455928,126.900367
202231700000900335,37.46779,126.905888
202231700000900680,37.451742,126.908966
202231700000900528,37.439947,126.907158
202231700000900639,37.451651,126.910138
202231700000900235,37.463793,126.899721
202231700000900672,37.454073,126.912478
202231700000900548,37.43738,126.904692
202231700000900311,37.471797,126.89946
202231700000900353,37.466717,126.903685
202231700000900401,37.471675,126.904262
202231700000900593,37.453883,126.906631
202231700000900664,37.451205,126.906353
202231700000900419,37.456748,126.903454
202231700000900273,37.471861,126.902795
202231700000900421,37.455242,126.901404
202231700000900334,37.470383,126.904945
202231700000900355,37.467475,126.89981
202231700000900567,37.439952,126.905962
202231700000900260,37.479729,126.906995
202231700000900594,37.456946,126.90694
202231700000900299,37.475734,126.8999
202231700000900187,37.464649,126.898429
202231700000900588,37.460949,126.905422
202231700000900542,37.442602,126.904078
202231700000900611,37.45779,126.908329
202231700000900144,37.454799,126.888734
202231700000900428,37.458573,126.903496
202231700000900039,37.483217,126.882502
202231700000900324,37.475066,126.90001
202231700000900474,37.446452,126.901577
202231700000900420,37.450013,126.90456
202231700000900555,37.437583,126.904846
202231700000900256,37.471338,126.902382
202231700000900406,37.456137,126.905029
202231700000900320,37.476837,126.901092
202231700000900481,37.458208,126.897028
202231700000900361,37.469058,126.901161
202231700000900646,37.44746,126.909117
202231700000900670,37.451344,126.907133
202231700000900417,37.45784,126.902151
202231700000900001,37.484602,126.88255
202231700000900383,37.467448,126.90916
202231700000900629,37.4609,126.912571
202231700000900472,37.447751,126.902029
202231700000900181,37.46411,126.899426
202231700000900064,37.480058,126.88172
202231700000900297,37.478536,126.907864
202231700000900285,37.478279,126.901847
202231700000900328,37.472855,126.903202
202231700000900186,37.459398,126.901805
202231700000900053,37.473541,126.893311
202231700000900589,37.454032,126.908549
202231700000900148,37.457833,126.89498
202231700000900059,37.476434,126.892442
202231700000900512,37.449096,126.916043
202231700000900630,37.458865,126.90584
202231700000900655,37.447718,126.911281
202231700000900125,37.465236,126.895395
202231700000900104,37.464521,126.89633
202231700000900527,37.436172,126.905213
202231700000900182,37.460593,126.901082
202231700000900330,37.476384,126.905205
202231700000900108,37.468845,126.89373
202231700000900255,37.473924,126.902497
202231700000900564,37.443043,126.90599
202231700000900596,37.461824,126.910515
202231700000900605,37.462615,126.910547
202231700000900128,37.465357,126.893958
202231700000900198,37.46313,126.904384
202231700000900392,37.466961,126.903092
202231700000900201,37.464471,126.904827
202231700000900271,37.472717,126.899219
202231700000900538,37.446514,126.90385
202231700000900478,37.449735,126.901487
202231700000900684,37.451549,126.912257
202231700000900086,37.452874,126.8899
202231700000900516,37.451324,126.912934
202231700000900390,37.466529,126.902432
202231700000900509,37.452229,126.920598
202231700000900026,37.482724,126.884252
202231700000900599,37.459403,126.906486
202231700000900533,37.445551,126.902908
202231700000900451,37.459275,126.904251
202231700000900635,37.453056,126.907869
202231700000900075,37.483683,126.879932
202231700000900435,37.451965,126.905247
202231700000900619,37.460538,126.911296
202231700000900278,37.474961,126.905009
202231700000900643,37.450107,126.909091
202231700000900372,37.469775,126.900152
202231700000900568,37.440392,126.906038
202231700000900171,37.456377,126.893505
202231700000900519,37.452338,126.920369
202231700000900021,37.477935,126.892776
202231700000900264,37.472616,126.900638
202231700000900163,37.466482,126.894324
202231700000900286,37.474158,126.905342
202231700000900514,37.453793,126.920026
202231700000900600,37.461608,126.907546
202231700000900434,37.450154,126.900583
202231700000900069,37.475933,126.889538
202231700000900101,37.473631,126.895645
202231700000900173,37.465061,126.906891
202231700000900061,37.479354,126.879245
202231700000900037,37.474756,126.887317
202231700000900495,37.45578,126.894896
202231700000900274,37.47806,126.906905
202231700000900641,37.450526,126.906642
202231700000900010,37.477941,126.892147
202231700000900254,37.476199,126.901704
202231700000900556,37.440409,126.907304
202231700000900425,37.451346,126.902709
202231700000900323,37.477236,126.907555
202231700000900550,37.446943,126.903925
202231700000900318,37.472645,126.906182
202231700000900018,37.473509,126.887114
202231700000900700,37.452037,126.911032
202231700000900263,37.477763,126.901704
202231700000900475,37.460543,126.902467
202231700000900124,37.452372,126.891843
202231700000900546,37.44183,126.907372
202231700000900011,37.481645,126.882996
202231700000900590,37.461039,126.909582
202231700000900521,37.450309,126.916031
202231700000900547,37.441375,126.905891
202231700000900189,37.459551,126.90045
202231700000900131,37.474285,126.897042
202231700000900350,37.469527,126.903828
202231700000900141,37.457877,126.888034
202231700000900471,37.453094,126.904343
202231700000900584,37.455331,126.90879
202231700000900621,37.461454,126.913003
202231700000900351,37.467791,126.901255
202231700000900072,37.472153,126.882542
202231700000900185,37.461139,126.901935
202231700000900258,37.473845,126.904038
202231700000900499,37.452856,126.916792
202231700000900100,37.467798,126.895029
202231700000900480,37.456581,126.901579
202231700000900030,37.472301,126.89054
202231700000900644,37.449082,126.908329
202231700000900683,37.447818,126.910295
202231700000900530,37.446032,126.90314
202231700000900029,37.473019,126.889238
202231700000900159,37.477093,126.896275
202231700000900612,37.462298,126.910084
202231700000900671,37.452746,126.910234
202231700000900272,37.472103,126.904899
202231700000900492,37.446599,126.901655
202231700000900003,37.477566,126.893327
202231700000900023,37.484793,126.881433
202231700000900321,37.477265,126.902589
202231700000900192,37.458121,126.900108
202231700000900506,37.45109,126.914485
202231700000900608,37.462456,126.911159
202231700000900304,37.476312,126.900126
202231700000900200,37.464383,126.906116
202231700000900056,37.474778,126.891141
202231700000900529,37.439314,126.906031
202231700000900681,37.451563,126.91148
202231700000900112,37.466634,126.889505
202231700000900484,37.459667,126.904914
202231700000900617,37.462131,126.906361
202231700000900441,37.454269,126.898803
202231700000900145,37.456878,126.88705
202231700000900247,37.465596,126.904904
202231700000900245,37.467653,126.907151
202231700000900467,37.454137,126.905335
202231700000900338,37.471126,126.903803
202231700000900408,37.449665,126.90406
202231700000900676,37.452284,126.913224
202231700000900135,37.463448,126.891807
202231700000900362,37.470338,126.899038
202231700000900565,37.441798,126.905946
202231700000900704,37.451659,126.907241
202231700000900307,37.474283,126.902504
202231700000900025,37.483403,126.883241
202231700000900116,37.464321,126.896813
202231700000900183,37.461572,126.900183
202231700000900349,37.470924,126.904671
202231700000900486,37.45474,126.901792
202231700000900518,37.451661,126.92546
202231700000900631,37.459925,126.905481
202231700000900561,37.441333,126.90436
202231700000900337,37.46704,126.899748
202231700000900288,37.474208,126.905083
202231700000900369,37.467324,126.907734
202231700000900232,37.46016,126.900682
202231700000900153,37.459945,126.896525
202231700000900244,37.463119,126.903923
202231700000900393,37.469036,126.904255
202231700000900087,37.468486,126.892472
202231700000900147,37.453092,126.889795
202231700000900586,37.46079,126.912246
202231700000900077,37.472755,126.891242
202231700000900068,37.481246,126.885475
202231700000900004,37.483804,126.882515
202231700000900485,37.453483,126.903905
202231700000900122,37.452387,126.890894
202231700000900080,37.471927,126.889195
202231700000900123,37.452735,126.89209
202231700000900150,37.459553,126.89615
202231700000900587,37.457397,126.906301
202231700000900707,37.4463,126.908595
202231700000900301,37.473472,126.901303
202231700000900160,37.468211,126.8886
202231700000900229,37.464473,126.903189
202231700000900534,37.445228,126.904108
202231700000900473,37.448265,126.902125
202231700000900422,37.46141,126.903888
202231700000900022,37.482575,126.883169
202231700000900033,37.482921,126.877662
202231700000900585,37.454253,126.907573
202231700000900378,37.467649,126.904475
202231700000900657,37.453558,126.9101
202231700000900060,37.478164,126.890928
202231700000900249,37.475929,126.900941
202231700000900508,37.453868,126.918106
202231700000900627,37.460661,126.910458
202231700000900479,37.457316,126.900462
202231700000900257,37.477907,126.905687
202231700000900654,37.452196,126.911493
202231700000900379,37.468995,126.908592
202231700000900703,37.44893,126.904735
202231700000900544,37.434047,126.905432
202231700000900636,37.453222,126.908855
202231700000900174,37.466612,126.905941
202231700000900389,37.470909,126.902008
202231700000900085,37.466499,126.891831
202231700000900448,37.450888,126.900375
202231700000900294,37.466089,126.898602
202231700000900237,37.462839,126.900711
202231700000900476,37.448652,126.903779
202231700000900562,37.440351,126.904216
202231700000900197,37.463401,126.898293
202231700000900162,37.473103,126.895142
202231700000900215,37.464297,126.903977
202231700000900494,37.454291,126.904423
202231700000900443,37.456693,126.900653
202231700000900161,37.456484,126.885855
202231700000900223,37.459597,126.899721
202231700000900110,37.464158,126.896133
202231700000900656,37.449799,126.908864
202231700000900094,37.476138,126.897738
202231700000900127,37.455699,126.890485
202231700000900214,37.461574,126.901799
202231700000900045,37.472439,126.892577
202231700000900220,37.465865,126.906527
202231700000900079,37.466447,126.88882
202231700000900083,37.474601,126.897582
202231700000900326,37.471238,126.900617
202231700000900106,37.46154,126.889968
202231700000900265,37.474539,126.900858
202231700000900234,37.465657,126.906517
202231700000900698,37.452708,126.913476
202231700000900302,37.473541,126.900299
202231700000900262,37.476514,126.902818
202231700000900081,37.46576,126.892827
202231700000900115,37.46485,126.896799
202231700000900193,37.465515,126.901683
202231700000900179,37.464831,126.901375
202231700000900036,37.477762,126.891942
202231700000900315,37.47227,126.900205
202231700000900415,37.454678,126.90246
202231700000900043,37.472696,126.889302
202231700000900426,37.457103,126.903371
202231700000900074,37.482797,126.87761
202231700000900054,37.475669,126.895778
202231700000900540,37.444866,126.90471
202231700000900024,37.48341,126.88296
202231700000900433,37.456491,126.904207
202231700000900708,37.447218,126.907628
202231700000900308,37.474296,126.902421
202231700000900444,37.452477,126.90357
202231700000900196,37.46289,126.903188
202231700000900413,37.456471,126.896649
202231700000900251,37.476824,126.904343
202231700000900591,37.459942,126.905621
202231700000900598,37.456522,126.908051
202231700000900213,37.467082,126.906918
202231700000900170,37.465454,126.892511
202231700000900507,37.450873,126.914044
202231700000900303,37.474657,126.901855
202231700000900300,37.471151,126.901249
202231700000900099,37.454622,126.891201
202231700000900552,37.439757,126.904854
202231700000900535,37.434354,126.904018
202231700000900203,37.466738,126.905626
202231700000900622,37.463592,126.90713
202231700000900404,37.46918,126.903162
202231700000900277,37.475282,126.902281
202231700000900537,37.444438,126.905075
202231700000900653,37.450192,126.910854
202231700000900705,37.446707,126.910185
202231700000900314,37.47426,126.902457
202231700000900008,37.472769,126.88884
202231700000900354,37.469435,126.905859
202231700000900319,37.474709,126.904256
202231700000900498,37.45188,126.914446
202231700000900394,37.469998,126.905979
202231700000900709,37.451067,126.908533
202231700000900290,37.476084,126.903659
202231700000900250,37.478839,126.902197
202231700000900577,37.461587,126.906498
202231700000900031,37.48228,126.875473
202231700000900107,37.470691,126.896697
202231700000900432,37.458798,126.903116
202231700000900648,37.448763,126.905786
202231700000900461,37.450948,126.899619
202231700000900009,37.47481,126.89471
202231700000900282,37.473823,126.905891
202231700000900296,37.476837,126.899665
202231700000900491,37.455074,126.905803
202231700000900649,37.448074,126.904602
202231700000900678,37.44629,126.909543
202231700000900395,37.468414,126.902935
202231700000900452,37.454061,126.903772
202231700000900014,37.4729,126.888233
202231700000900172,37.455814,126.893762
202231700000900233,37.466436,126.903247
202231700000900651,37.446669,126.908511
202231700000900442,37.457629,126.902496
202531800000901237,37.5169,126.91486
202531800000900010,37.52696,126.8978
202531800000901258,37.51349,126.91669
202531800000901019,37.53724,126.89636
202531800000900528,37.5154,126.89145
202531800000900677,37.50633,126.90572
202531800000900735,37.50095,126.90665
202531800000900302,37.49816,126.89979
202531800000900589,37.51518,126.91934
202531800000900248,37.49097,126.89655
202531800000900160,37.48892,126.90602
202531800000900690,37.5037,126.90161
202531800000900895,37.50325,126.91853
202531800000900250,37.49245,126.89672
202531800000900462,37.51064,126.89851
202531800000900279,37.49185,126.90129
202531800000900113,37.4972,126.90588
202531800000900574,37.51462,126.92133
202531800000901131,37.52228,126.91062
202531800000900380,37.49678,126.89507
202531800000901116,37.52106,126.90425
202531800000900828,37.49862,126.90932
202531800000900372,37.49411,126.89854
202531800000900429,37.50862,126.90164
202531800000900396,37.50337,126.89539
202531800000900299,37.49093,126.90175
202531800000900060,37.53072,126.90346
202531800000900689,37.5039,126.90133
202531800000901149,37.51624,126.90651
202531800000901004,37.53613,126.89955
202531800000900392,37.49844,126.89465
202531800000900427,37.51063,126.90985
202531800000900335,37.5038,126.89706
202531800000900281,37.49009,126.90085
202531800000900086,37.5349,126.90014
202531800000900998,37.54147,126.88894
202531800000900310,37.49694,126.89764
202531800000901061,37.51862,126.92311
202531800000900887,37.51349,126.9252
202531800000900965,37.54834,126.88253
202531800000900313,37.49776,126.90123
202531800000900480,37.51786,126.89904
202531800000900957,37.54402,126.88998
202531800000901060,37.5183,126.92384
202531800000900408,37.50869,126.90458
202531800000900017,37.52415,126.8985
202531800000900090,37.52897,126.89823
202531800000900653,37.50974,126.90854
202531800000900311,37.49724,126.89692
202531800000900575,37.51398,126.92155
202531800000900948,37.52664,126.89044
202531800000900239,37.48848,126.89734
202531800000900169,37.49461,126.90577
202531800000900154,37.4912,126.90451
202531800000901165,37.51619,126.90555
202531800000901148,37.51828,126.91043
202531800000901256,37.51484,126.90773
202531800000900367,37.4997,126.8997
202531800000900473,37.51995,126.88704
202531800000900914,37.52464,126.8894
202531800000900065,37.53557,126.9023
202531800000900297,37.49412,126.90029
202531800000900645,37.50977,126.90964
202531800000900018,37.52328,126.89826
202531800000900682,37.50825,126.91086
202531800000901098,37.52149,126.93524
202531800000900903,37.52598,126.8838
202531800000900628,37.50693,126.91664
202531800000900821,37.49939,126.91854
202531800000901040,37.51728,126.9313
202531800000900497,37.51707,126.90122
202531800000900587,37.50926,126.9202
202531800000900812,37.49836,126.91814
202531800000900835,37.49886,126.91166
202531800000900220,37.48845,126.90073
202531800000900374,37.50195,126.9013
202531800000900370,37.49978,126.89549
202531800000900148,37.49688,126.90535
202531800000900989,37.53808,126.89762
202531800000900386,37.4987,126.9018
202531800000900746,37.50002,126.90238
202531800000900491,37.51164,126.89568
202531800000900202,37.48997,126.89939
202531800000900760,37.4991,126.90561
202531800000900976,37.54395,126.88864
202531800000900792,37.49761,126.90582
202531800000900342,37.49672,126.90174
202531800000900409,37.50949,126.90395
202531800000900206,37.49036,126.89925
202531800000901236,37.51514,126.90846
202531800000900879,37.51278,126.92573
202531800000900343,37.50285,126.89386
202531800000900464,37.50761,126.90091
202531800000900185,37.48776,126.90008
202531800000900935,37.52434,126.89119
202531800000900921,37.52319,126.89156
202531800000901091,37.51843,126.92492
202531800000901111,37.52481,126.9076
202531800000900032,37.52531,126.89874
202531800000900862,37.50765,126.92124
202531800000900442,37.51136,126.90858
202531800000901260,37.5263,126.90643
202531800000900153,37.49195,126.90328
202531800000900096,37.52821,126.89981
202531800000900130,37.49542,126.90674
202531800000901052,37.51936,126.92045
202531800000900889,37.5047,126.92197
202531800000901005,37.53033,126.89421
202531800000900226,37.4904,126.90167
202531800000900876,37.51242,126.92337
202531800000901167,37.52562,126.90701
202531800000900833,37.5013,126.91896
202531800000900474,37.51941,126.89001
202531800000900489,37.51893,126.88331
202531800000900849,37.49888,126.91275
202531800000900960,37.53693,126.9001
202531800000900578,37.51111,126.92042
202531800000900365,37.49661,126.89776
202531800000900195,37.48884,126.89815
202531800000900556,37.51631,126.88509
202531800000900505,37.51546,126.90223
202531800000900339,37.49333,126.8965
202531800000900393,37.50068,126.8986
202531800000900532,37.51449,126.89564
202531800000900811,37.49785,126.90843
202531800000900526,37.51819,126.88789
202531800000900359,37.50152,126.89508
202531800000900555,37.51193,126.89772
202531800000900524,37.5141,126.89796
202531800000900280,37.48856,126.89957
202531800000900168,37.49073,126.90347
202531800000901177,37.51802,126.9141
202531800000900189,37.49264,126.90112
202531800000900939,37.52334,126.89175
202531800000900454,37.50982,126.908
202531800000901085,37.52054,126.92861
202531800000900222,37.4885,126.90127
202531800000900354,37.50336,126.89729
202531800000901270,37.52306,126.90313
202531800000900008,37.52251,126.89639
202531800000900978,37.54351,126.88951
202531800000900657,37.50651,126.90188
202531800000901068,37.51968,126.92966
202531800000900208,37.49131,126.89876
202531800000900778,37.50427,126.90807
202531800000900896,37.52277,126.88125
202531800000901104,37.51971,126.91171
202531800000900382,37.49837,126.89641
202531800000900523,37.51378,126.90202
202531800000901152,37.519,126.90355
202531800000901020,37.54099,126.88973
202531800000900165,37.49113,126.90786
202531800000900672,37.50542,126.91009
202531800000901142,37.51886,126.90781
202531800000901050,37.52208,126.93091
202531800000900869,37.50211,126.92047
202531800000900063,37.53301,126.90498
202531800000900951,37.52554,126.88622
202531800000900066,37.5296,126.89911
202531800000900030,37.52161,126.90015
202531800000901247,37.51399,126.91467
202531800000900074,37.53328,126.90569
202531800000900414,37.50673,126.89804
202531800000900847,37.49753,126.91839
202531800000900740,37.5022,126.90277
202531800000900254,37.49124,126.89965
202531800000900554,37.51829,126.89367
202531800000900902,37.52758,126.88918
202531800000900184,37.48795,126.90198
202531800000900868,37.50648,126.92167
202531800000901293,37.51362,126.8906
202531800000900296,37.49326,126.9011
202531800000901217,37.51378,126.90745
202531800000901125,37.52884,126.9041
202531800000900762,37.4987,126.90385
202531800000900402,37.51144,126.90701
202531800000901300,37.50316,126.92025
202531800000901133,37.51717,126.91382
202531800000900125,37.49224,126.90367
202531800000901059,37.5175,126.93477
202531800000900111,37.49476,126.90826
202531800000901120,37.52131,126.90264
202531800000900334,37.49676,126.89542
202531800000900684,37.50566,126.90483
202531800000901192,37.51524,126.91176
202531800000900877,37.50887,126.9221
202531800000900288,37.49294,126.89714
202531800000901055,37.52159,126.92451
202531800000900543,37.51791,126.88436
202531800000900928,37.52076,126.88376
202531800000901176,37.52193,126.90436
202531800000900067,37.52865,126.89967
202531800000900099,37.52784,126.90896
202531800000900003,37.52234,126.89926
202531800000900911,37.52262,126.88297
202531800000900394,37.49905,126.89639
202531800000900852,37.49988,126.91824
202531800000901109,37.52185,126.9096
202531800000900229,37.49249,126.89872
202531800000901224,37.51205,126.9121
202531800000900161,37.49642,126.90698
202531800000901095,37.52044,126.93079
202531800000900262,37.49062,126.90116
202531800000901092,37.52381,126.9336
202531800000901204,37.51331,126.91236
202531800000901112,37.5253,126.90373
202531800000901002,37.53919,126.88937
202531800000900992,37.54046,126.89594
202531800000900482,37.51498,126.89119
202531800000900535,37.51822,126.88258
202531800000900481,37.51985,126.88708
202531800000900996,37.54187,126.8935
202531800000900988,37.53807,126.89229
202531800000900126,37.4951,126.90488
202531800000900706,37.50604,126.91581
202531800000900314,37.49841,126.90028
202531800000900918,37.5258,126.88498
202531800000900841,37.49817,126.9172
202531800000900718,37.50616,126.91293
202531800000900606,37.51165,126.92307
202531800000901046,37.52055,126.93615
202531800000900854,37.50017,126.9106
202531800000901208,37.51015,126.90248
202531800000900766,37.49897,126.90614
202531800000901263,37.52291,126.90383
202531800000900834,37.49938,126.91958
202531800000900548,37.51626,126.8815
202531800000900089,37.53324,126.90098
202531800000900420,37.51052,126.90859
202531800000900428,37.50777,126.90138
202531800000900294,37.48675,126.90272
202531800000901169,37.52485,126.90884
202531800000901057,37.52077,126.92856
202531800000901054,37.52404,126.9277
202531800000900082,37.53096,126.9084
202531800000900885,37.51449,126.92649
202531800000901295,37.50745,126.9154
202531800000900471,37.51708,126.88529
202531800000901178,37.51915,126.91158
202531800000900016,37.52708,126.8985
202531800000900509,37.51967,126.88479
202531800000901006,37.54194,126.89188
202531800000900052,37.52879,126.90381
202531800000901161,37.5163,126.90232
202531800000900533,37.51264,126.89054
202531800000900328,37.49582,126.89514
202531800000900702,37.50664,126.91303
202531800000900095,37.53438,126.9047
202531800000900331,37.50311,126.89687
202531800000900307,37.49536,126.89744
202531800000901154,37.51671,126.90526
202531800000900337,37.49488,126.89679
202531800000900440,37.51014,126.90629
202531800000900433,37.50916,126.90321
202531800000901289,37.51896,126.89681
202531800000900612,37.51312,126.9196
202531800000901272,37.51824,126.90141
202531800000900751,37.49788,126.90633
202531800000900926,37.53005,126.88896
202531800000900851,37.4978,126.91279
202531800000900227,37.48907,126.90468
202531800000900210,37.49182,126.89905
202531800000900266,37.48965,126.89764
202531800000900465,37.50919,126.89949
202531800000901226,37.51625,126.91634
202531800000901045,37.52059,126.93686
202531800000900977,37.54372,126.88848
202531800000900570,37.50769,126.91522
202531800000901076,37.52503,126.92976
202531800000900445,37.51155,126.90779
202531800000900964,37.5488,126.88188
202531800000901291,37.51693,126.8937
202531800000900271,37.48989,126.90254
202531800000901118,37.52513,126.90473
202531800000901266,37.52418,126.90461
202531800000901305,37.51759,126.93038
202531800000900773,37.50215,126.90511
202531800000900747,37.49985,126.90304
202531800000901234,37.51261,126.90642
202531800000901257,37.51443,126.91709
202531800000900092,37.5295,126.89994
202531800000901164,37.51595,126.90484
202531800000900158,37.49311,126.90673
202531800000900933,37.52087,126.89165
202531800000900604,37.51662,126.91959
202531800000901058,37.52251,126.93425
202531800000900014,37.52072,126.89243
202531800000900863,37.50995,126.92294
202531800000900243,37.49201,126.90171
202531800000900947,37.52599,126.89081
202531800000900176,37.49165,126.90521
202531800000900673,37.50631,126.9093
202531800000901240,37.51236,126.90664
202531800000901203,37.51212,126.9151
202531800000901093,37.52593,126.92971
202531800000901283,37.49369,126.90485
202531800000900438,37.51204,126.90869
202531800000900196,37.48889,126.90226
202531800000900134,37.49124,126.90671
202531800000900592,37.51041,126.91731
202531800000900080,37.53369,126.90592
202531800000900579,37.51079,126.91955
202531800000900707,37.50752,126.91142
202531800000900138,37.495,126.90362
202531800000900119,37.49149,126.90402
202531800000900488,37.51447,126.90363
202531800000900683,37.50729,126.90849
202531800000900693,37.50743,126.91139
202531800000900569,37.50689,126.91534
202531800000900103,37.53192,126.90019
202531800000900974,37.54871,126.88301
202531800000900884,37.5017,126.91865
202531800000900272,37.49194,126.89609
202531800000900913,37.52139,126.88747
202531800000900104,37.53186,126.90049
202531800000900484,37.51675,126.88408
202531800000900180,37.49125,126.90582
202531800000901193,37.51648,126.91177
202531800000900622,37.51581,126.92176
202531800000900177,37.49687,126.90815
202531800000900701,37.50687,126.91218
202531800000900907,37.52744,126.89064
202531800000900789,37.50136,126.906
202531800000901096,37.51947,126.93794
202531800000900508,37.51481,126.89465
202531800000901017,37.53866,126.89441
202531800000900035,37.52731,126.89555
202531800000900824,37.49956,126.91072
202531800000900140,37.49335,126.90207
202531800000900455,37.50929,126.90551
202531800000900038,37.52467,126.89768
202531800000900425,37.51026,126.90678
202531800000900399,37.50947,126.90193
202531800000900641,37.50629,126.90335
202531800000900576,37.50989,126.92213
202531800000900665,37.50569,126.90526
202531800000900648,37.50692,126.91056
202531800000900856,37.51456,126.92602
202531800000900361,37.49739,126.90064
202531800000900618,37.51585,126.91914
202531800000900501,37.51167,126.89141
202531800000901195,37.5153,126.90954
202531800000900901,37.52856,126.88931
202531800000900415,37.50672,126.89927
202531800000901144,37.51716,126.90838
202531800000900967,37.5481,126.8832
202531800000901228,37.51574,126.9163
202531800000901162,37.51528,126.90286
202531800000900258,37.49075,126.9008
202531800000901297,37.50083,126.90705
202531800000901094,37.52918,126.92361
202531800000900698,37.50582,126.91264
202531800000900129,37.49457,126.90154
202531800000901015,37.53614,126.89429
202531800000900845,37.49889,126.90886
202531800000901000,37.53993,126.89018
202531800000901175,37.52026,126.90381
202531800000900387,37.49833,126.89988
202531800000900920,37.52629,126.88749
202531800000900061,37.53258,126.90659
202531800000900437,37.5072,126.90112
202531800000900252,37.48936,126.89872
202531800000901121,37.5262,126.90592
202531800000900583,37.51055,126.91828
202531800000900194,37.48958,126.9011
202531800000900098,37.52983,126.90737
202531800000900019,37.52179,126.89667
202531800000900816,37.49836,126.91506
202531800000900709,37.50536,126.91224
202531800000900249,37.49168,126.89674
202531800000900848,37.49819,126.9102
202531800000901009,37.54258,126.89238
202531800000900301,37.49815,126.89932
202531800000900106,37.52641,126.90875
202531800000900152,37.49033,126.90502
202531800000900078,37.52614,126.90813
202531800000900607,37.51456,126.92321
202531800000900581,37.51005,126.92086
202531800000901023,37.53683,126.89297
202531800000900585,37.51048,126.915
202531800000900315,37.5004,126.90082
202531800000900434,37.50864,126.9013
202531800000901066,37.52436,126.93435
202531800000901223,37.51143,126.91111
202531800000900300,37.49314,126.89746
202531800000900991,37.5374,126.89707
202531800000900756,37.49766,126.90523
202531800000900178,37.49253,126.9035
202531800000901264,37.52411,126.90517
202531800000900975,37.54311,126.88918
202531800000900652,37.50665,126.90426
202531800000900562,37.51712,126.89465
202531800000901145,37.51843,126.90864
202531800000900859,37.5062,126.92142
202531800000900411,37.50701,126.90037
202531800000900083,37.53633,126.90112
202531800000900940,37.52167,126.89095
202531800000900316,37.49948,126.90064
202531800000901037,37.54124,126.89472
202531800000900278,37.48542,126.90317
202531800000900287,37.49269,126.89785
202531800000901267,37.5232,126.90197
202531800000900478,37.51701,126.88365
202531800000900873,37.51419,126.92559
202531800000901274,37.52343,126.90845
202531800000901038,37.51741,126.92967
202531800000900968,37.54848,126.88297
202531800000900938,37.52365,126.88446
202531800000900015,37.5256,126.89717
202531800000900931,37.52256,126.88889
202531800000901103,37.52137,126.90361
202531800000900775,37.49796,126.90555
202531800000900397,37.50257,126.89581
202531800000900678,37.50832,126.90879
202531800000900088,37.53548,126.89896
202531800000900897,37.52911,126.89043
202531800000900132,37.49713,126.90463
202531800000900289,37.49292,126.90066
202531800000900378,37.49617,126.90009
202531800000901296,37.50471,126.90664
202531800000900047,37.52556,126.89224
202531800000900729,37.50741,126.91289
202531800000900282,37.49348,126.89917
202531800000900077,37.53431,126.90279
202531800000900685,37.50782,126.90599
202531800000900467,37.51539,126.89382
202531800000900136,37.49724,126.90703
202531800000900973,37.54902,126.88123
202531800000900547,37.51242,126.89357
202531800000901110,37.52015,126.90863
202531800000900412,37.51009,126.8958
202531800000901241,37.51664,126.91445
202531800000901239,37.51379,126.91132
202531800000900039,37.52611,126.8937
202531800000900829,37.49964,126.91729
202531800000900295,37.48776,126.90262
202531800000900660,37.50879,126.90744
202531800000900588,37.50893,126.91584
202531800000900696,37.51046,126.9123
202531800000900511,37.51077,126.89492
202531800000900959,37.53796,126.89817
202531800000900114,37.49443,126.90286
202531800000900624,37.51134,126.91992
202531800000900769,37.49982,126.90427
202531800000900694,37.50846,126.91103
202531800000900557,37.51322,126.89959
202531800000900750,37.50125,126.90322
202531800000900198,37.49056,126.89992
202531800000901276,37.52401,126.90579
202531800000901160,37.52169,126.90562
202531800000901261,37.52281,126.90446
202531800000900770,37.49845,126.90272
202531800000900804,37.50278,126.91164
202531800000900837,37.49897,126.91682
202531800000900963,37.54888,126.88161
202531800000900661,37.50673,126.9077
202531800000900290,37.49172,126.90239
202531800000900390,37.49792,126.89518
202531800000900831,37.50032,126.91696
202531800000901220,37.51286,126.91151
202531800000900936,37.52416,126.88985
202531800000900340,37.49274,126.89566
202531800000901254,37.51007,126.90454
202531800000901249,37.51403,126.91217
202531800000900666,37.50539,126.90816
202531800000900806,37.50087,126.91858
202531800000900774,37.50175,126.90755
202531800000900357,37.50403,126.89766
202531800000900713,37.50604,126.91464
202531800000900190,37.49049,126.89643
202531800000900506,37.51901,126.89956
202531800000900298,37.48982,126.90461
202531800000900616,37.50962,126.92125
202531800000900001,37.52562,126.89519
202531800000900034,37.52103,126.89888
202531800000900790,37.50325,126.90836
202531800000901063,37.52399,126.93607
202531800000900507,37.51452,126.90272
202531800000900416,37.51065,126.90856
202531800000900475,37.51967,126.89016
202531800000900303,37.49871,126.89707
202531800000900469,37.51835,126.89374
202531800000900171,37.49693,126.90342
202531800000900929,37.52408,126.88545
202531800000900744,37.5012,126.90357
202531800000901242,37.51187,126.91114
202531800000900381,37.49524,126.89992
202531800000901108,37.52136,126.90222
202531800000900670,37.50632,126.90419
202531800000901146,37.51853,126.90935
202531800000900798,37.50092,126.90296
202531800000901117,37.52029,126.91033
202531800000900552,37.51411,126.90051
202531800000900734,37.50135,126.90632
202531800000900022,37.52142,126.89903
202531800000901043,37.52081,126.9384
202531800000900825,37.49916,126.91759
202531800000900640,37.50515,126.90435
202531800000900584,37.51544,126.92255
202531800000900712,37.5059,126.91387
202531800000900251,37.49101,126.89743
202531800000901080,37.51876,126.92233
202531800000900329,37.4999,126.89383
202531800000900075,37.53571,126.90308
202531800000900808,37.49694,126.91035
202531800000900419,37.51026,126.90826
202531800000900544,37.51871,126.89693
202531800000901246,37.51265,126.91461
202531800000900247,37.49217,126.89826
202531800000900805,37.50299,126.91087
202531800000901268,37.52587,126.90426
202531800000900457,37.50577,126.89893
202531800000900681,37.50452,126.90596
202531800000900079,37.52797,126.90642
202531800000900403,37.51122,126.8985
202531800000900110,37.49154,126.90294
202531800000900204,37.48999,126.8982
202531800000901225,37.51484,126.91354
202531800000900257,37.48958,126.89997
202531800000900127,37.49655,126.90663
202531800000900059,37.53175,126.89765
202531800000900590,37.51318,126.91897
202531800000900353,37.50445,126.89797
202531800000900183,37.49292,126.89942
202531800000900755,37.49984,126.90205
202531800000900768,37.5033,126.90666
202531800000900710,37.50824,126.91291
202531800000900656,37.50737,126.90413
202531800000901294,37.51657,126.88684
202531800000900669,37.50915,126.91007
202531800000901229,37.51469,126.9159
202531800000900191,37.48947,126.89737
202531800000900608,37.51174,126.91914
202531800000900304,37.50492,126.89485
202531800000900225,37.48624,126.9004
202531800000901163,37.51532,126.90398
202531800000900757,37.49816,126.90272
202531800000900668,37.50637,126.90727
202531800000900646,37.50775,126.90506
202531800000900028,37.52434,126.89411
202531800000901302,37.51772,126.93027
202531800000901069,37.52226,126.9364
202531800000900431,37.50894,126.90228
202531800000900011,37.52281,126.9005
202531800000900221,37.49294,126.89827
202531800000900639,37.50328,126.90051
202531800000900577,37.51231,126.9203
202531800000901107,37.52573,126.90599
202531800000900260,37.49146,126.89999
202531800000900883,37.50752,126.92052
202531800000900611,37.51026,126.91595
202531800000900961,37.53015,126.89247
202531800000900784,37.50196,126.90378
202531800000900446,37.50914,126.90375
202531800000900780,37.49858,126.90753
202531800000901013,37.54361,126.88693
202531800000900159,37.4952,126.90214
202531800000900212,37.48902,126.90086
202531800000900708,37.50693,126.91183
202531800000900857,37.50282,126.92024
202531800000900336,37.4955,126.89595
202531800000900531,37.52091,126.88616
202531800000900617,37.51248,126.92152
202531800000901034,37.53861,126.89097
202531800000900069,37.53278,126.9055
202531800000900559,37.51227,126.89855
202531800000900275,37.48774,126.8978
202531800000900794,37.50268,126.90677
202531800000901210,37.51633,126.91251
202531800000900980,37.53763,126.89557
202531800000900364,37.50431,126.89397
202531800000900517,37.51325,126.8959
202531800000900036,37.52223,126.90035
202531800000901079,37.52116,126.93131
202531800000900150,37.4926,126.90575
202531800000900209,37.49179,126.89844
202531800000900215,37.4875,126.90088
202531800000900175,37.49195,126.90655
202531800000900916,37.52116,126.89111
202531800000900801,37.50414,126.91463
202531800000900561,37.51946,126.89197
202531800000900228,37.48807,126.89853
202531800000900042,37.52551,126.89777
202531800000900325,37.4956,126.89704
202531800000901181,37.52161,126.90721
202531800000900107,37.52815,126.89855
202531800000900742,37.50297,126.90284
202531800000900004,37.52321,126.89722
202531800000900832,37.50104,126.91645
202531800000901088,37.53188,126.91151
202531800000900123,37.49457,126.90103
202531800000900719,37.50904,126.91449
202531800000900122,37.49574,126.90246
202531800000900463,37.51073,126.89881
202531800000900234,37.48863,126.90335
202531800000900882,37.50016,126.91389
202531800000901304,37.51772,126.93121
202531800000900087,37.53327,126.90348
202531800000900322,37.50154,126.90165
202531800000901139,37.51668,126.90636
202531800000900733,37.50977,126.91275
202531800000900997,37.53832,126.89417
202531800000900594,37.51482,126.91988
202531800000901089,37.52644,126.92127
202531800000900638,37.50707,126.90805
202531800000900101,37.53105,126.89942
202531800000901251,37.51297,126.91592
202531800000901286,37.4979,126.89967
202531800000901259,37.51316,126.91084
202531800000900538,37.51876,126.88453
202531800000900496,37.51553,126.89006
202531800000900233,37.4901,126.90057
202531800000900173,37.49614,126.90733
202531800000900324,37.49685,126.90286
202531800000900802,37.50449,126.91424
202531800000900318,37.49347,126.89599
202531800000901166,37.52105,126.90507
202531800000900984,37.53078,126.89535
202531800000901101,37.52485,126.91865
202531800000900021,37.52205,126.89719
202531800000900844,37.50121,126.91138
202531800000900954,37.52425,126.88595
202531800000900565,37.51447,126.88929
202531800000901062,37.51824,126.93292
202531800000900270,37.48815,126.89964
202531800000900435,37.51163,126.90946
202531800000901307,37.51614,126.91127
202531800000900389,37.49989,126.89625
202531800000901053,37.52597,126.9297
202531800000900055,37.52847,126.90722
202531800000901039,37.51743,126.93023
202531800000901197,37.51383,126.90986
202531800000901231,37.51405,126.90869
202531800000900174,37.49487,126.9086
202531800000900188,37.49219,126.90045
202531800000900277,37.488,126.90028
202531800000900752,37.49811,126.90763
202531800000900632,37.50956,126.91746
202531800000900164,37.49497,126.90766
202531800000901150,37.5159,126.90564
202531800000900679,37.50474,126.90409
202531800000900441,37.51037,126.9074
202531800000900276,37.48877,126.90024
202531800000900823,37.49842,126.91685
202531800000900145,37.49361,126.90425
202531800000900777,37.50324,126.90438
202531800000900550,37.5148,126.88955
202531800000900269,37.4924,126.90128
202531800000901012,37.53293,126.89516
202531800000901137,37.51933,126.91079
202531800000900242,37.49163,126.90015
202531800000900100,37.5288,126.89727
202531800000900167,37.49476,126.90005
202531800000901151,37.51548,126.90507
202531800000900819,37.50004,126.90916
202531800000900273,37.48804,126.8982
202531800000900207,37.49142,126.8983
202531800000900263,37.49211,126.89578
202531800000900057,37.52911,126.90079
202531800000901298,37.50374,126.90666
202531800000901235,37.51417,126.90653
202531800000900658,37.50951,126.90801
202531800000900686,37.50616,126.90033
202531800000900560,37.52005,126.88828
202531800000900793,37.50208,126.90999
202531800000900124,37.49471,126.90213
202531800000900487,37.51587,126.88611
202531800000900516,37.51407,126.89451
202531800000900703,37.50778,126.91316
202531800000900864,37.50501,126.9212
202531800000900377,37.4958,126.89874
202531800000900131,37.49428,126.90875
202531800000900892,37.50617,126.92213
202531800000900240,37.48775,126.89918
202531800000901140,37.51845,126.9067
202531800000901171,37.52505,126.90814
202531800000901071,37.52331,126.91593
202531800000900822,37.50045,126.91038
202531800000900292,37.48821,126.90098
202531800000901288,37.51158,126.90717
202531800000901190,37.51577,126.91034
202531800000900430,37.50857,126.90216
202531800000900201,37.48979,126.90009
202531800000900141,37.49167,126.90794
202531800000900041,37.52283,126.89838
202531800000901201,37.51653,126.91118
202531800000900410,37.5092,126.90605
202531800000900871,37.50775,126.92085
202531800000901123,37.5174,126.91242
202531800000901179,37.51983,126.90235
202531800000900783,37.50126,126.90487
202531800000901105,37.5199,126.91144
202531800000900005,37.52043,126.89382
202531800000900580,37.51072,126.92077
202531800000900492,37.51221,126.89284
202531800000900452,37.50828,126.90047
202531800000900563,37.51383,126.89272
202531800000900376,37.49514,126.89899
202531800000900407,37.50728,126.90169
202531800000900149,37.4968,126.9041
202531800000900306,37.49707,126.90255
202531800000900321,37.49845,126.89914
202531800000900349,37.49782,126.89786
202531800000900615,37.50795,126.92162
202531800000900046,37.52717,126.89873
202531800000901168,37.51709,126.90609
202531800000900572,37.51549,126.91994
202531800000900962,37.53079,126.89094
202531800000900112,37.4956,126.90539
202531800000900853,37.49451,126.90896
202531800000901250,37.51427,126.9139
202531800000900662,37.50618,126.90255
202531800000900401,37.51168,126.90869
202531800000900759,37.49933,126.90753
202531800000900654,37.50655,126.90236
202531800000900619,37.5132,126.91846
202531800000900181,37.49256,126.89945
202531800000900073,37.52899,126.90915
202531800000900739,37.50154,126.90252
202531800000900878,37.51069,126.92323
202531800000900944,37.52509,126.88941
202531800000900704,37.50891,126.91274
202531800000901114,37.52269,126.91271
202531800000900133,37.49264,126.90466
202531800000901073,37.52814,126.91832
202531800000900942,37.52593,126.88971
202531800000900512,37.51707,126.89089
202531800000900630,37.51677,126.91969
202531800000900245,37.49031,126.90251
202531800000901205,37.51424,126.91533
202531800000900858,37.50418,126.92131
202531800000901199,37.515,126.91132
202531800000901196,37.51455,126.91089
202531800000900350,37.50178,126.89841
202531800000901248,37.51234,126.91343
202531800000901031,37.53786,126.8961
202531800000901099,37.52598,126.93377
202531800000900609,37.51097,126.9183
202531800000900224,37.48942,126.90299
202531800000900108,37.53077,126.89925
202531800000901211,37.51421,126.90947
202531800000900026,37.52513,126.89499
202531800000900002,37.52509,126.89564
202531800000901032,37.54125,126.89124
202531800000900217,37.49073,126.90021
202531800000901126,37.52228,126.90289
202531800000900379,37.50162,126.89424
202531800000900319,37.50275,126.89937
202531800000900781,37.50324,126.90181
202531800000900155,37.49061,126.90436
202531800000900362,37.4938,126.89641
202531800000901285,37.4984,126.89718
202531800000900987,37.53616,126.89613
202531800000900659,37.50953,126.91059
202531800000900156,37.49125,126.90387
202531800000900675,37.50581,126.90438
202531800000900687,37.50767,126.90757
202531800000900930,37.52649,126.88515
202531800000900779,37.50007,126.90772
202531800000900836,37.49925,126.91256
202531800000901047,37.52658,126.93315
202531800000900741,37.50213,126.90341
202531800000901212,37.51378,126.90789
202531800000900826,37.50002,126.91078
202531800000900330,37.502,126.89605
202531800000901127,37.52078,126.90544
202531800000900371,37.50146,126.90079
202531800000900525,37.51343,126.89152
202531800000901290,37.51695,126.89436
202531800000900040,37.52451,126.89622
202531800000900025,37.52248,126.89827
202531800000901134,37.52005,126.9121
202531800000900406,37.51051,126.89735
202531800000900642,37.50677,126.9054
202531800000901301,37.53448,126.89201
202531800000901081,37.52183,126.93591
202531800000900949,37.52486,126.89072
202531800000900527,37.51859,126.8902
202531800000900840,37.49818,126.91529
202531800000900391,37.49565,126.90106
202531800000900499,37.5139,126.89037
202531800000900398,37.51189,126.90733
202531800000901155,37.52663,126.90943
202531800000900636,37.5069,126.90939
202531800000901186,37.51736,126.91157
202531800000900223,37.489,126.9018
202531800000900312,37.49665,126.8966
202531800000900633,37.50813,126.90879
202531800000900736,37.50333,126.90865
202531800000900094,37.53307,126.90546
202531800000901202,37.51131,126.91262
202531800000900502,37.51568,126.8888
202531800000901070,37.52661,126.91858
202531800000900566,37.5184,126.88674
202531800000900906,37.52644,126.88643
202531800000900765,37.49908,126.90373
202531800000900597,37.51111,126.91668
202531800000901051,37.52298,126.93743
202531800000901075,37.52289,126.93201
202531800000900782,37.50057,126.90779
202531800000900439,37.50892,126.89787
202531800000901206,37.51687,126.91654
202531800000900842,37.49348,126.90962
202531800000900985,37.53044,126.89166
202531800000900602,37.51751,126.91681
202531800000900051,37.52778,126.90851
202531800000901135,37.52102,126.91031
202531800000900758,37.50013,126.90456
202531800000900725,37.50459,126.91528
202531800000900598,37.51469,126.92428
202531800000900179,37.49587,126.90725
202531800000900166,37.49329,126.90128
202531800000900796,37.50296,126.90071
202531800000900898,37.52349,126.88814
202531800000900787,37.49775,126.90804
202531800000900647,37.504,126.90599
202531800000900514,37.51162,126.89438
202531800000900346,37.50246,126.89735
202531800000901156,37.5259,126.90984
202531800000900388,37.50067,126.8966
202531800000900745,37.50262,126.90125
202531800000900453,37.50653,126.89984
202531800000900476,37.52029,126.89386
202531800000900422,37.50967,126.89616
202531800000900946,37.52272,126.88559
202531800000900814,37.49962,126.91167
202531800000900116,37.49395,126.90119
202531800000900360,37.49489,126.8948
202531800000901180,37.52227,126.90164
202531800000900621,37.51299,126.92059
202531800000900135,37.49097,126.90399
202531800000900013,37.51996,126.89979
202531800000900193,37.4903,126.89976
202531800000901188,37.51488,126.91142
202531800000900236,37.48836,126.90202
202531800000901143,37.51827,126.90793
202531800000900922,37.52504,126.88541
202531800000900534,37.51231,126.89642
202531800000900651,37.50515,126.90347
202531800000900285,37.49074,126.90151
202531800000900423,37.50925,126.89304
202531800000900937,37.52195,126.89128
202531800000900128,37.49638,126.90384
202531800000901243,37.51294,126.90565
202531800000900436,37.50864,126.89931
202531800000900982,37.53719,126.89844
202531800000901282,37.49124,126.90357
202531800000900981,37.54318,126.89115
202531800000901035,37.53722,126.89523
202531800000901183,37.52082,126.90718
202531800000900772,37.49928,126.90452
202531800000900259,37.49147,126.90055
202531800000900905,37.5233,126.8824
202531800000900163,37.49442,126.90513
202531800000901021,37.538,126.89651
202531800000900029,37.52007,126.90083
202531800000901086,37.527,126.92872
202531800000900143,37.49625,126.90553
202531800000900797,37.50008,126.9072
202531800000900093,37.52799,126.90698
202531800000901106,37.52015,126.91111
202531800000900062,37.53506,126.90407
202531800000900573,37.51455,126.9197
202531800000900522,37.51812,126.89199
202531800000901028,37.53946,126.89699
202531800000900097,37.53255,126.90496
202531800000900317,37.49754,126.90131
202531800000900635,37.50461,126.89892
202531800000900472,37.51969,126.88674
202531800000900461,37.50869,126.90073
202531800000900170,37.49064,126.90686
202531800000900358,37.49545,126.89778
202531800000900634,37.50784,126.90832
202531800000900006,37.52317,126.89304
202531800000900915,37.52894,126.8923
202531800000901011,37.5312,126.89232
202531800000900327,37.49386,126.89528
202531800000900614,37.5115,126.91467
202531800000900688,37.50709,126.90707
202531800000900142,37.49636,126.90462
202531800000901016,37.5342,126.89787
202531800000900995,37.54369,126.88779
202531800000901001,37.53676,126.89191
202531800000901147,37.51792,126.90963
202531800000900695,37.50888,126.91349
202531800000900567,37.51285,126.89979
202531800000900983,37.53678,126.89489
202531800000900994,37.54,126.89376
202531800000900536,37.51693,126.89932
202531800000900253,37.48922,126.89957
202531800000900818,37.50043,126.9198
202531800000900934,37.52173,126.88866
202531800000900120,37.49092,126.905
202531800000900115,37.49395,126.90214
202531800000900748,37.50241,126.90321
202531800000900865,37.5135,126.92578
202531800000901277,37.52271,126.90482
202531800000900368,37.50076,126.89371
202531800000901067,37.52261,126.93786
202531800000901153,37.52616,126.90485
202531800000900498,37.51308,126.88976
202531800000900593,37.50985,126.92051
202531800000900723,37.5111,126.91295
202531800000900791,37.50205,126.90174
202531800000901275,37.52226,126.90859
202531800000900924,37.52698,126.88549
202531800000900418,37.50809,126.89964
202531800000900909,37.52314,126.88789
202531800000900231,37.49053,126.89749
202531800000901024,37.53078,126.89396
202531800000900743,37.50268,126.90304
202531800000900625,37.51361,126.92046
202531800000901122,37.52884,126.90674
202531800000900610,37.5113,126.91552
202531800000900053,37.53005,126.90189
202531800000900890,37.508,126.91757
202531800000901025,37.54002,126.89464
202531800000900667,37.50594,126.90589
202531800000900232,37.49023,126.89828
202531800000901083,37.52763,126.91776
202531800000901130,37.51879,126.90206
202531800000900383,37.50233,126.90007
202531800000900788,37.49938,126.90661
202531800000900347,37.50327,126.89347
202531800000901172,37.51948,126.9079
202531800000901284,37.48542,126.90253
202531800000900753,37.49954,126.90197
202531800000900121,37.49603,126.90346
202531800000900203,37.48988,126.89909
202531800000900671,37.50838,126.90642
202531800000900048,37.53172,126.90058
202531800000900020,37.52482,126.90238
202531800000900749,37.49914,126.90254
202531800000900486,37.52017,126.88211
202531800000900850,37.49929,126.913
202531800000901222,37.51045,126.90531
202531800000900629,37.51634,126.92051
202531800000901230,37.5128,126.91286
202531800000900071,37.53477,126.90358
202531800000900261,37.49027,126.89852
202531800000900546,37.51768,126.90071
202531800000901170,37.51764,126.90216
202531800000901100,37.52763,126.93157
202531800000900264,37.48756,126.90149
202531800000900564,37.51723,126.88878
202531800000901128,37.52206,126.90623
202531800000900839,37.49849,126.91417
202531800000900024,37.5193,126.90057
202531800000900091,37.52919,126.90587
202531800000900421,37.50811,126.89865
202531800000901215,37.51007,126.90394
202531800000901158,37.52308,126.91012
202531800000900286,37.48887,126.89923
202531800000900045,37.52651,126.89698
202531800000901271,37.52694,126.90331
202531800000900872,37.51483,126.92509
202531800000900732,37.50853,126.9117
202531800000900950,37.524,126.88809
202531800000900817,37.50271,126.91127
202531800000900664,37.50444,126.90655
202531800000900601,37.50887,126.91651
202531800000900691,37.50723,126.90642
202531800000900323,37.49975,126.90102
202531800000900674,37.50514,126.90564
202531800000900904,37.52732,126.88889
202531800000900838,37.49966,126.91407
202531800000900910,37.52469,126.88347
202531800000900213,37.49066,126.90236
202531800000901010,37.54218,126.89034
202531800000900255,37.49118,126.90074
202531800000901185,37.53049,126.90506
202531800000901078,37.52201,126.92449
202531800000901136,37.51892,126.90467
202531800000900274,37.48928,126.89685
202531800000900880,37.50425,126.91852
202531800000900187,37.4885,126.90174
202531800000901221,37.51275,126.90804
202531800000900993,37.53869,126.89638
202531800000900450,37.50913,126.90444
202531800000901033,37.53944,126.895
202531800000900485,37.51935,126.88696
202531800000901049,37.51984,126.93309
202531800000901262,37.53071,126.90481
202531800000901077,37.52323,126.92979
202531800000900139,37.49413,126.90434
202531800000900109,37.49093,126.90345
202531800000900714,37.5074,126.91229
202531800000901184,37.51757,126.91596
202531800000901265,37.52437,126.90339
202531800000901191,37.5163,126.91178
202531800000900230,37.49165,126.90084
202531800000901087,37.51877,126.93371
202531800000900384,37.50634,126.89631
202531800000900867,37.5144,126.92495
202531800000900363,37.50055,126.89507
202531800000900680,37.50772,126.9094
202531800000900623,37.51232,126.91808
202531800000901008,37.53541,126.89555
202531800000900649,37.50865,126.909
202531800000900326,37.49297,126.89677
202531800000900908,37.52381,126.88919
202531800000900348,37.50378,126.89821
202531800000900417,37.50967,126.90682
202531800000900603,37.51017,126.91916
202531800000901115,37.51526,126.90523
202531800000900886,37.50148,126.91479
202531800000901292,37.51598,126.89343
202531800000900956,37.54334,126.89118
202531800000901187,37.5147,126.9117
202531800000900717,37.51078,126.91301
202531800000900219,37.48903,126.90367
202531800000901174,37.53004,126.90681
202531800000900345,37.49506,126.89585
202531800000900341,37.49457,126.89811
202531800000900200,37.49061,126.8992
202531800000900444,37.51123,126.90653
202531800000900449,37.51081,126.90635
202531800000901244,37.51226,126.91691
202531800000900990,37.53646,126.89794
202531800000900786,37.50204,126.90649
202531800000900426,37.50739,126.89961
202531800000900400,37.51042,126.90608
202531800000901082,37.52171,126.93602
202531800000901238,37.51514,126.91661
202531800000900085,37.5343,126.90176
202531800000901029,37.53201,126.89288
202531800000900855,37.51293,126.92615
202531800000900413,37.5107,126.90716
202531800000901214,37.51375,126.90708
202531800000900986,37.53275,126.89346
202531800000900923,37.52101,126.88199
202531800000900385,37.49734,126.89962
202531800000900283,37.49315,126.89941
202531800000900966,37.54829,126.88225
202531800000900731,37.50914,126.9109
202531800000900846,37.50213,126.91274
202531800000900971,37.54751,126.88247
202531800000900549,37.51989,126.89152
202531800000900764,37.49865,126.90665
202531800000900344,37.50089,126.8996
202531800000900728,37.50625,126.91248
202531800000900468,37.51803,126.89423
202531800000900147,37.49301,126.90214
202531800000900541,37.51477,126.89396
202531800000901281,37.53283,126.90078
202531800000900540,37.517,126.8921
202531800000900246,37.49035,126.90314
202531800000900012,37.52026,126.89701
202531800000900813,37.49754,126.91631
202531800000900256,37.48939,126.89977
202531800000900054,37.52852,126.89907
202531800000900395,37.49842,126.89819
202531800000900037,37.52232,126.89279
202531800000900424,37.50965,126.89387
202531800000900605,37.50877,126.92147
202531800000900490,37.51238,126.89782
202531800000901141,37.51795,126.9074
202531800000900162,37.49379,126.90188
202531800000901198,37.51486,126.91232
202531800000900470,37.51987,126.88356
202531800000900519,37.51412,126.89212
202531800000901303,37.51784,126.93097
202531800000900072,37.53439,126.90507
202531800000900537,37.51881,126.89527
202531800000900571,37.51007,126.92228
202531800000900033,37.52323,126.89589
202531800000900459,37.51036,126.90719
202531800000900586,37.51376,126.92407
202531800000900044,37.52834,126.89355
202531800000900216,37.48724,126.90036
202531800000901216,37.51203,126.91402
202531800000900309,37.50312,126.89914
202531800000900888,37.51288,126.92351
202531800000900716,37.50795,126.91233
202531800000900320,37.50002,126.89885
202531800000901287,37.49561,126.89736
202531800000900737,37.50421,126.90685
202531800000900117,37.49313,126.9027
202531800000900432,37.5089,126.90305
202531800000901072,37.51834,126.93074
202531800000900900,37.52868,126.88987
202531800000900722,37.50803,126.91436
202531800000900007,37.52783,126.89457
202531800000900860,37.50327,126.92053
202531800000900503,37.51103,126.89307
202531800000901269,37.52444,126.91079
202531800000901014,37.54306,126.88882
202531800000900927,37.52244,126.88417
202531800000901097,37.5208,126.93452
202531800000900291,37.48769,126.9052
202531800000901113,37.52384,126.91193
202531800000901219,37.51342,126.90786
202531800000900404,37.5082,126.89773
202531800000900803,37.50416,126.914
202531800000900595,37.50979,126.91919
202531800000901074,37.52909,126.92986
202531800000900050,37.53283,126.90689
202531800000900493,37.51336,126.90099
202531800000901182,37.52077,126.90647
202531800000900881,37.51279,126.9221
202531800000900972,37.54762,126.88206
202531800000900809,37.5013,126.91743
202531800000900267,37.49156,126.90148
202531800000900102,37.52735,126.90763
202531800000900332,37.50311,126.89828
202531800000901044,37.52129,126.9385
202531800000900726,37.50388,126.91381
202531800000900663,37.50572,126.90308
202531800000900070,37.5338,126.90387
202531800000900830,37.5015,126.91719
202531800000901218,37.51357,126.90399
202531800000900049,37.53103,126.89997
202531800000901245,37.51105,126.90564
202531800000900235,37.48794,126.90376
202531800000900084,37.5349,126.90456
202531800000900151,37.49684,126.90745
202531800000901253,37.51069,126.90407
202531800000900081,37.52763,126.89962
202531800000900293,37.48599,126.90188
202531800000901090,37.51956,126.92382
202531800000900375,37.49938,126.89375
202531800000900800,37.50264,126.91219
202531800000901041,37.52067,126.93639
202531800000900899,37.52385,126.88192
202531800000901065,37.51999,126.93855
202531800000900999,37.53354,126.89405
202531800000900724,37.50509,126.91212
202531800000900521,37.51009,126.89279
202531800000901027,37.53934,126.89509
202531800000901119,37.52151,126.91276
202531800000900518,37.51486,126.89056
202531800000901189,37.51387,126.91025
202531800000901273,37.5274,126.90466
202531800000900893,37.50927,126.92362
202531800000900520,37.51563,126.88545
202531800000900545,37.51637,126.88728
202531800000900237,37.4893,126.90209
202531800000900456,37.51093,126.90134
202531800000900186,37.48963,126.90074
202531800000900730,37.50408,126.91032
202531800000900211,37.49248,126.89943
202531800000900627,37.50949,126.91612
202531800000900515,37.51463,126.89676
202531800000900405,37.51117,126.90937
202531800000900539,37.51107,126.89168
202531800000900599,37.51124,126.91859
202531800000900529,37.5155,126.88458
202531800000901036,37.5446,126.88852
202531800000900866,37.50734,126.91975
202531800000900727,37.50563,126.913
202531800000900843,37.49973,126.91775
202531800000900218,37.4879,126.90048
202531800000900197,37.49095,126.89976
202531800000900458,37.51177,126.89996
202531800000901255,37.51348,126.90505
202531800000900268,37.48981,126.90349
202531800000900720,37.5113,126.91378
202531800000900352,37.49473,126.89749
202531800000900620,37.51192,126.9181
202531800000900955,37.54105,126.89519
202531800000900199,37.49086,126.89943
202531800000900460,37.50768,126.89779
202531800000900447,37.50874,126.89662
202531800000900157,37.49241,126.90891
202531800000901200,37.51544,126.91082
202531800000900118,37.49229,126.90426
202531800000900105,37.52722,126.90649
202531800000900820,37.4963,126.90887
202531800000900192,37.4897,126.8989
202531800000900056,37.52786,126.90962
202531800000901026,37.54416,126.88991
202531800000900068,37.53407,126.9044
202531800000901138,37.52002,126.90994
202531800000900553,37.51923,126.89364
202531800000900043,37.52512,126.89349
202531800000900338,37.49735,126.90193
202531800000900919,37.52279,126.88187
202531800000900144,37.49026,126.9063
202531800000900355,37.49984,126.89827
202531800000900700,37.5052,126.91433
202531800000900265,37.48941,126.89815
202531800000900369,37.49948,126.89405
202531800000901252,37.51173,126.90339
202531800000901007,37.53892,126.89298
202531800000901056,37.52061,126.9228
202531800000900076,37.52938,126.89817
202531800000900870,37.50771,126.92275
202531800000900558,37.5131,126.89749
202531800000900443,37.50857,126.89993
202531800000901194,37.51634,126.9113
202531800000901227,37.51354,126.91409
202531800000900448,37.51114,126.89758
202531800000900031,37.52302,126.89682
202531800000901022,37.53964,126.89176
202531800000900351,37.50104,126.90139
202531800000900763,37.49915,126.90422
202531800000901084,37.52958,126.91817
202531800000900874,37.51209,126.92469
202531800000900705,37.51032,126.91312
202531800000900861,37.50317,126.9209
202531800000900810,37.49919,126.91491
202531800000900009,37.52175,126.89954
202531800000900795,37.50184,126.90527
202531800000900738,37.50169,126.90565
202531800000900477,37.51709,126.88316
202531800000900715,37.50993,126.9139
202531800000901213,37.5132,126.90652
202531800000900953,37.52825,126.89327
202531800000900451,37.50756,126.89868
202531800000900500,37.51646,126.88916
202531800000900568,37.50626,126.9156
202531800000900697,37.50915,126.9131
202531800000900146,37.49581,126.90482
202531800000900699,37.51092,126.91183
202531800000900676,37.50637,126.90629
202531800000900932,37.52832,126.89111
202531800000900172,37.49216,126.90542
202531800000900767,37.5011,126.90604
202531800000900650,37.50786,126.90997
202531800000900356,37.50585,126.89442
202531800000901048,37.51913,126.93203
202531800000900761,37.50061,126.90454
202531800000901306,37.5225,126.90743
202531800000900891,37.50176,126.91989
202531800000900952,37.52606,126.88863
202531800000900626,37.51144,126.92158
202531800000901207,37.51618,126.91489
202531800000901233,37.51642,126.91526
202531800000901232,37.515,126.90425
202531800000900495,37.51314,126.89411
202531800000900373,37.50542,126.89418
202531800000900591,37.51226,126.91872
202531800000900979,37.54287,126.89092
202531800000900613,37.51129,126.916
202531800000900721,37.50454,126.91586
202531800000900945,37.52711,126.88754
202531800000900582,37.51195,126.92184
202531800000900970,37.54707,126.88322
202531800000901278,37.52565,126.89589
202531800000900064,37.53397,126.90245
202531800000900925,37.52254,126.88775
202531800000900182,37.48884,126.90453
202531800000900466,37.51104,126.90036
202531800000900027,37.5217,126.89795
202531800000900058,37.52902,126.89683
202531800000901003,37.54098,126.8928
202531800000900943,37.5235,126.88841
202531800000900917,37.52345,126.89094
202531800000900643,37.50651,126.90818
202531800000901129,37.52538,126.91082
202531800000900894,37.50148,126.92075
202531800000900305,37.50471,126.8943
202531800000900785,37.49988,126.90506
202531800000900238,37.48793,126.90168
202531800000900366,37.50096,126.90045
202531800000900513,37.5147,126.88626
202531800000900969,37.54901,126.88252
202531800000900137,37.49564,126.9014
202531800000900827,37.50305,126.91042
202531800000901042,37.52031,126.93586
202531800000900600,37.51091,126.91429
202531800000900807,37.50061,126.91786
202531800000901159,37.51853,126.91429
202531800000900941,37.52912,126.89391
202531800000900815,37.49573,126.91045
202531800000901280,37.52737,126.90245
202531800000900754,37.50215,126.90179
202531800000900776,37.49785,126.90462
202531800000900504,37.51109,126.89107
202531800000900655,37.50855,126.90965
202531800000900530,37.51767,126.88184
202531800000901124,37.51924,126.90592
202531800000900494,37.51504,126.89698
202531800000900912,37.52173,126.88528
202531800000901064,37.5257,126.93381
202531800000900875,37.50693,126.92213
202531800000900241,37.48706,126.89862
202531800000900510,37.51371,126.89455
202531800000900308,37.50346,126.89905
202531800000900711,37.50634,126.91159
202531800000900023,37.5231,126.90043
202531800000900596,37.51471,126.92228
202531800000900692,37.50699,126.91165
202531800000901299,37.50136,126.91643
202531800000901173,37.52213,126.90527
202531800000900799,37.50023,126.90964
202531800000901018,37.54389,126.88986
202531800000901157,37.52091,126.91154
202531800000900479,37.51842,126.89856
202531800000900542,37.51363,126.88861
202531800000900771,37.49767,126.90354
202531800000900958,37.53826,126.89796
202531800000900284,37.49243,126.89995
202531800000900244,37.49187,126.89633
202531800000900483,37.51047,126.89354
202531800000901209,37.51468,126.90847
202531800000901102,37.52137,126.90376
202531800000900551,37.51473,126.89286
202531800000900631,37.50712,126.91506
202531800000901279,37.53146,126.89758
202531800000900205,37.49064,126.8978
202531800000900214,37.49157,126.89786
202531800000901030,37.5325,126.89188
202531800000900644,37.50824,126.90855
202531800000900637,37.50546,126.90355
202531800000901132,37.5173,126.90748
202531800000900333,37.50495,126.89716
202431900000900072,37.50111022,126.960075
202431900000900408,37.48548286,126.9681301
202431900000900051,37.49944223,126.9603781
202431900000900619,37.492122,126.955625
202431900000900606,37.480565,126.980006
202431900000900568,37.50456589,126.960551
202431900000900603,37.496979,126.933958
202431900000900454,37.48963495,126.9710263
202431900000900307,37.50216895,126.9333168
202431900000900334,37.48715768,126.9815769
202431900000900444,37.50835238,126.9403603
202431900000900251,37.48648688,126.9791526
202431900000900115,37.50690617,126.9583577
202431900000900301,37.50631769,126.9341002
202431900000900565,37.4793214,126.9696383
202431900000900070,37.48189233,126.9665907
202431900000900421,37.48861689,126.9118514
202431900000900487,37.49893847,126.9446055
202431900000900385,37.49535455,126.9351545
202431900000900007,37.49843555,126.9243047
202431900000900019,37.508131,126.948243
202431900000900346,37.49016548,126.9708673
202431900000900369,37.50063041,126.92934
202431900000900199,37.489893,126.979508
202431900000900197,37.490214,126.91194
202431900000900377,37.4948929,126.9386166
202431900000900142,37.47978199,126.9800668
202431900000900555,37.51124702,126.9452754
202431900000900332,37.51352644,126.9270841
202431900000900288,37.50658135,126.9496497
202431900000900433,37.50806984,126.9392277
202431900000900509,37.48735835,126.9798985
202431900000900485,37.50480392,126.9712068
202431900000900484,37.508022,126.96365
202431900000900393,37.51278399,126.9359177
202431900000900456,37.49577802,126.9299682
202431900000900250,37.48224064,126.9728301
202431900000900247,37.49620703,126.9341527
202431900000900260,37.49340495,126.9323617
202431900000900401,37.51164649,126.944541
202431900000900451,37.47775538,126.9782209
202431900000900055,37.493205,126.935794
202431900000900221,37.49920434,126.9237155
202431900000900472,37.49201013,126.9145537
202431900000900463,37.48962933,126.9629107
202431900000900192,37.50562771,126.9552973
202431900000900507,37.47879865,126.9755504
202431900000900185,37.47703612,126.977645
202431900000900258,37.50800769,126.9580639
202431900000900101,37.51058006,126.9402393
202431900000900374,37.4973194,126.9346049
202431900000900156,37.49700274,126.9220977
202431900000900010,37.48045477,126.9729192
202431900000900042,37.511863,126.94026
202431900000900496,37.4826294,126.9709891
202431900000900584,37.506493,126.937574
202431900000900182,37.50275405,126.9267478
202431900000900530,37.50424385,126.9628966
202431900000900041,37.508744,126.925275
202431900000900512,37.488753,126.9814911
202431900000900294,37.494671,126.925682
202431900000900210,37.49659,126.94704
202431900000900095,37.50060028,126.9367337
202431900000900622,37.510694,126.954264
202431900000900519,37.488202,126.913845
202431900000900446,37.49006973,126.9096997
202431900000900609,37.501598,126.951054
202431900000900457,37.49342273,126.9313311
202431900000900495,37.48269893,126.9734362
202431900000900576,37.51243503,126.9574628
202431900000900120,37.48444335,126.9710617
202431900000900018,37.50702269,126.9322101
202431900000900418,37.5084214,126.9358496
202431900000900048,37.504338,126.965251
202431900000900416,37.50495026,126.9347608
202431900000900605,37.485543,126.97493
202431900000900067,37.495769,126.953014
202431900000900079,37.49430989,126.9163103
202431900000900283,37.50333937,126.9641399
202431900000900158,37.49595101,126.9293562
202431900000900183,37.483996,126.969299
202431900000900124,37.49072461,126.9705734
202431900000900225,37.50766818,126.9616728
202431900000900423,37.48768454,126.9645686
202431900000900481,37.48625942,126.9714774
202431900000900450,37.48200072,126.9696098
202431900000900116,37.49503422,126.9577504
202431900000900552,37.51124264,126.9420282
202431900000900430,37.49386971,126.9310324
202431900000900539,37.502696,126.927738
202431900000900231,37.50605637,126.940494
202431900000900023,37.497209,126.943953
202431900000900497,37.48699085,126.9659296
202431900000900400,37.51086078,126.9424142
202431900000900515,37.49710616,126.9284702
202431900000900318,37.50434977,126.9704765
202431900000900160,37.51167693,126.9275729
202431900000900024,37.500276,126.9277248
202431900000900076,37.49972,126.942926
202431900000900290,37.50260004,126.9529458
202431900000900217,37.50014391,126.9351528
202431900000900275,37.49062331,126.9812392
202431900000900313,37.50772104,126.9359602
202431900000900373,37.49680262,126.9377742
202431900000900081,37.49514995,126.9522406
202431900000900554,37.50858842,126.9415516
202431900000900588,37.486202,126.965725
202431900000900027,37.49810461,126.9372755
202431900000900570,37.4930691,126.9691244
202431900000900005,37.50433012,126.9468002
202431900000900140,37.47945047,126.9719273
202431900000900084,37.50476831,126.9233313
202431900000900209,37.501938,126.941086
202431900000900488,37.501462,126.933041
202431900000900218,37.50056734,126.9349314
202431900000900620,37.496589,126.978767
202431900000900391,37.50488467,126.9368302
202431900000900259,37.49782026,126.9360649
202431900000900126,37.49876024,126.939438
202431900000900517,37.48985008,126.9133239
202431900000900287,37.50048486,126.9311709
202431900000900341,37.484575,126.969349
202431900000900522,37.49846566,126.9224069
202431900000900329,37.50953498,126.9580231
202431900000900008,37.51029911,126.9321287
202431900000900527,37.50126526,126.9253602
202431900000900166,37.47878182,126.9739481
202431900000900254,37.47779392,126.9775551
202431900000900409,37.478304,126.971561
202431900000900586,37.487415,126.965383
202431900000900157,37.4981409,126.9287627
202431900000900312,37.510858,126.937069
202431900000900277,37.47755852,126.9761031
202431900000900040,37.511181,126.928356
202431900000900226,37.49543643,126.9373642
202431900000900514,37.49495449,126.9264509
202431900000900031,37.507805,126.930239
202431900000900240,37.507259,126.962844
202431900000900184,37.477844,126.969411
202431900000900548,37.49454518,126.9564644
202431900000900351,37.47706178,126.9715551
202431900000900232,37.48802424,126.9107336
202431900000900550,37.51196753,126.9510639
202431900000900112,37.505822,126.961112
202431900000900178,37.50834536,126.9368513
202431900000900143,37.47909813,126.9768488
202431900000900535,37.49924968,126.9350243
202431900000900108,37.50078622,126.9449311
202431900000900123,37.49779936,126.9591654
202431900000900235,37.48432635,126.9684855
202431900000900521,37.48888446,126.912814
202431900000900028,37.48885102,126.9123302
202431900000900549,37.492257,126.954596
202431900000900616,37.481829,126.973922
202431900000900077,37.507113,126.948158
202431900000900195,37.51201229,126.9448981
202431900000900103,37.48587637,126.9751693
202431900000900326,37.50899439,126.9578313
202431900000900311,37.48015754,126.9707468
202431900000900246,37.49747866,126.9368397
202431900000900470,37.49554483,126.9262484
202431900000900414,37.50029527,126.9335116
202431900000900577,37.51194907,126.9584552
202431900000900165,37.47874308,126.9733283
202431900000900348,37.48906886,126.980518
202431900000900085,37.49369049,126.9362468
202431900000900039,37.49929119,126.9440672
202431900000900309,37.5034027,126.9449058
202431900000900623,37.498835,126.944981
202431900000900546,37.50255507,126.9518062
202431900000900173,37.4942859,126.9376698
202431900000900284,37.508202,126.962202
202431900000900269,37.47813729,126.9724516
202431900000900026,37.495509,126.982475
202431900000900220,37.48864136,126.9096498
202431900000900105,37.4954976,126.9164156
202431900000900034,37.49996483,126.9619621
202431900000900020,37.50591,126.9412
202431900000900611,37.493161,126.935217
202431900000900145,37.51226793,126.9284316
202431900000900227,37.50284643,126.9344736
202431900000900331,37.49678397,126.921225
202431900000900214,37.496874,126.940733
202431900000900621,37.500643,126.930222
202431900000900245,37.51303517,126.9420166
202431900000900574,37.50690436,126.9444773
202431900000900614,37.503902,126.932515
202431900000900200,37.47931532,126.978023
202431900000900087,37.4977874,126.9270619
202431900000900060,37.495507,126.912822
202431900000900366,37.49843247,126.9209402
202431900000900419,37.51058257,126.9483395
202431900000900257,37.50449215,126.9673657
202431900000900449,37.48406613,126.9688499
202431900000900233,37.49967209,126.9337395
202431900000900270,37.48270331,126.9745647
202431900000900073,37.49461348,126.9782502
202431900000900436,37.48779122,126.9115663
202431900000900536,37.49776,126.930216
202431900000900359,37.49730164,126.9268247
202431900000900080,37.49926591,126.9208423
202431900000900296,37.49003501,126.9128382
202431900000900551,37.50969572,126.955474
202431900000900242,37.50361977,126.9372348
202431900000900424,37.47974335,126.9693692
202431900000900563,37.48692961,126.9060031
202431900000900127,37.48633482,126.9763775
202431900000900396,37.50700622,126.9361064
202431900000900153,37.4963432,126.9604336
202431900000900411,37.49079265,126.9819093
202431900000900122,37.50749802,126.9558725
202431900000900119,37.48488184,126.9676262
202431900000900558,37.51013477,126.9394286
202431900000900378,37.49680179,126.9458355
202431900000900464,37.50974522,126.9343664
202431900000900045,37.49666,126.935263
202431900000900335,37.48943506,126.979902
202431900000900179,37.50963638,126.9455875
202431900000900238,37.48547788,126.9810524
202431900000900445,37.49687109,126.924228
202431900000900500,37.48610458,126.9702804
202431900000900089,37.508955,126.941132
202431900000900524,37.51394802,126.9279326
202431900000900117,37.48687635,126.9687952
202431900000900098,37.488003,126.913163
202431900000900211,37.499455,126.939855
202431900000900580,37.48735,126.907999
202431900000900315,37.50931921,126.9448028
202431900000900317,37.51300218,126.9437192
202431900000900292,37.50371598,126.9535842
202431900000900300,37.49901057,126.925216
202431900000900013,37.49560918,126.9417761
202431900000900371,37.51035787,126.9340696
202431900000900528,37.50328188,126.9618306
202431900000900086,37.48993743,126.9723298
202431900000900148,37.50671454,126.9409264
202431900000900015,37.48813722,126.9756558
202431900000900201,37.50775389,126.9574408
202431900000900613,37.508747,126.943188
202431900000900544,37.49604806,126.9526201
202431900000900467,37.50923559,126.9349527
202431900000900083,37.49897089,126.959642
202431900000900207,37.491031,126.908983
202431900000900562,37.4988512,126.9598229
202431900000900074,37.48686792,126.9740272
202431900000900545,37.50157536,126.9531276
202431900000900304,37.49916669,126.9389523
202431900000900159,37.49661829,126.916684
202431900000900557,37.51237906,126.9375528
202431900000900064,37.497511,126.944096
202431900000900601,37.494121,126.91305
202431900000900368,37.50406132,126.9225579
202431900000900172,37.49524644,126.933794
202431900000900066,37.5084,126.943794
202431900000900624,37.498183,126.921951
202431900000900297,37.48999798,126.9087625
202431900000900248,37.49714695,126.9267929
202431900000900022,37.495468,126.951937
202431900000900314,37.50766412,126.9430489
202431900000900491,37.510953,126.956854
202431900000900537,37.49705035,126.9332908
202431900000900337,37.50519145,126.9681632
202431900000900367,37.50396527,126.9241363
202431900000900347,37.48683769,126.9769817
202431900000900459,37.50277757,126.9458325
202431900000900412,37.47772696,126.9757453
202431900000900208,37.50795,126.960205
202431900000900135,37.50199541,126.9512485
202431900000900626,37.51348,126.949172
202431900000900355,37.50402526,126.9680998
202431900000900188,37.51074755,126.9347319
202431900000900003,37.50001482,126.9309267
202431900000900014,37.50831466,126.9451731
202431900000900037,37.488387,126.966122
202431900000900582,37.487257,126.974419
202431900000900276,37.49579453,126.9819176
202431900000900029,37.485401,126.973145
202431900000900387,37.504774,126.940745
202431900000900610,37.485484,126.967198
202431900000900422,37.500313,126.925295
202431900000900130,37.50631303,126.947565
202431900000900230,37.51107777,126.9391427
202431900000900093,37.488495,126.963739
202431900000900193,37.501124,126.934185
202431900000900608,37.483475,126.967874
202431900000900186,37.503346,126.950672
202431900000900263,37.49628,126.923564
202431900000900161,37.51209245,126.9551634
202431900000900280,37.48150574,126.9756447
202431900000900492,37.51234724,126.9425213
202431900000900202,37.49994924,126.9305442
202431900000900092,37.509604,126.948831
202431900000900302,37.50496617,126.9248075
202431900000900181,37.50071,126.949216
202431900000900138,37.48216698,126.9740191
202431900000900069,37.4826639,126.9683272
202431900000900510,37.49131513,126.9787242
202431900000900490,37.49967286,126.9513313
202431900000900316,37.5103316,126.9510486
202431900000900044,37.493531,126.978086
202431900000900455,37.49910683,126.9424118
202431900000900137,37.4859452,126.9675366
202431900000900035,37.497595,126.935228
202431900000900187,37.49358186,126.913466
202431900000900357,37.4978894,126.9553013
202431900000900063,37.49876,126.937194
202431900000900088,37.49885003,126.9326538
202431900000900303,37.49709974,126.9348699
202431900000900573,37.4936988,126.93603
202431900000900516,37.49615444,126.9257732
202431900000900306,37.49917513,126.9311998
202431900000900480,37.47910552,126.972533
202431900000900380,37.49784879,126.9329396
202431900000900047,37.483954,126.968404
202431900000900370,37.49879,126.924367
202431900000900190,37.5078788,126.9649093
202431900000900229,37.5026816,126.9487871
202431900000900299,37.4895748,126.9094844
202431900000900595,37.478152,126.970144
202431900000900443,37.50805712,126.9375354
202431900000900388,37.50379332,126.9448211
202431900000900523,37.50211387,126.9264355
202431900000900305,37.50172422,126.9364773
202431900000900213,37.49889674,126.942331
202431900000900413,37.50435383,126.9641995
202431900000900071,37.50736062,126.9615784
202431900000900025,37.510918,126.926585
202431900000900180,37.51078602,126.941181
202431900000900021,37.499312,126.945516
202431900000900272,37.487375,126.968233
202431900000900096,37.487451,126.975048
202431900000900017,37.509188,126.950764
202431900000900591,37.488404,126.97428
202431900000900128,37.50847898,126.9595595
202431900000900194,37.49479469,126.9365174
202431900000900569,37.49022216,126.9633329
202431900000900264,37.49683528,126.9207462
202431900000900386,37.50552044,126.9467199
202431900000900006,37.50830864,126.964375
202431900000900339,37.51290168,126.9561843
202431900000900541,37.50360952,126.9382487
202431900000900204,37.50992798,126.9379861
202431900000900171,37.49429709,126.9339847
202431900000900001,37.49644202,126.9536775
202431900000900174,37.50411694,126.9475683
202431900000900432,37.50205271,126.9474959
202431900000900439,37.47988657,126.970196
202431900000900176,37.49455542,126.9586545
202431900000900273,37.49175978,126.970497
202431900000900219,37.501576,126.934462
202431900000900099,37.51184929,126.9414245
202431900000900615,37.506877,126.935259
202431900000900212,37.49551213,126.9433828
202431900000900511,37.49718342,126.980558
202431900000900146,37.51181473,126.9390988
202431900000900139,37.47713384,126.9700779
202431900000900434,37.51157688,126.9574181
202431900000900338,37.50403923,126.9459284
202431900000900525,37.50751719,126.9348571
202431900000900506,37.47639244,126.9724967
202431900000900222,37.48948162,126.9817156
202431900000900431,37.501368,126.938624
202431900000900078,37.50886097,126.9320923
202431900000900440,37.47844043,126.9772619
202431900000900438,37.493465,126.954259
202431900000900518,37.48965423,126.9111016
202431900000900340,37.51062627,126.9417941
202431900000900327,37.50905304,126.9586867
202431900000900453,37.49256369,126.9765809
202431900000900012,37.48933146,126.9716621
202431900000900243,37.50328437,126.9533311
202431900000900389,37.5038322,126.9353207
202431900000900036,37.497235,126.950306
202431900000900255,37.479539,126.977256
202431900000900324,37.50924246,126.9594935
202431900000900349,37.48633878,126.9811391
202431900000900049,37.497873,126.950281
202431900000900429,37.495272,126.94413
202431900000900004,37.48494872,126.9706595
202431900000900279,37.47913334,126.9748719
202431900000900032,37.482764,126.979523
202431900000900068,37.50889484,126.9616476
202431900000900365,37.48652,126.909988
202431900000900061,37.509309,126.928249
202431900000900478,37.48659203,126.967583
202431900000900363,37.48761531,126.9081555
202431900000900121,37.49212551,126.9780728
202431900000900149,37.5086099,126.9489352
202431900000900427,37.477385,126.972679
202431900000900435,37.50882195,126.9359525
202431900000900002,37.49772797,126.9277961
202431900000900575,37.51139049,126.9585104
202431900000900356,37.498075,126.9514449
202431900000900529,37.50851757,126.9559963
202431900000900599,37.492494,126.943075
202431900000900286,37.49901745,126.9364149
202431900000900420,37.49669453,126.9223317
202431900000900075,37.5049209,126.9536522
202431900000900206,37.4968717,126.9230987
202431900000900425,37.487183,126.970132
202431900000900215,37.50038023,126.9398047
202431900000900479,37.49017293,126.9646496
202431900000900473,37.49690495,126.9294714
202431900000900534,37.49589693,126.9363888
202431900000900381,37.49477681,126.9347045
202431900000900100,37.504804,126.95201
202431900000900308,37.493222,126.932943
202431900000900567,37.51392059,126.9496884
202431900000900602,37.486271,126.970197
202431900000900447,37.47731375,126.9800278
202431900000900465,37.5007038,126.9638234
202431900000900325,37.50859915,126.9567036
202431900000900097,37.51119131,126.9540798
202431900000900462,37.51124162,126.9548305
202431900000900458,37.5006892,126.9390014
202431900000900572,37.49999358,126.9353254
202431900000900503,37.48552938,126.9782178
202431900000900046,37.49711,126.9451
202431900000900350,37.49649603,126.9805602
202431900000900091,37.508026,126.96289
202431900000900566,37.50845067,126.9504967
202431900000900094,37.510839,126.925882
202431900000900150,37.50597414,126.9335349
202431900000900262,37.51194208,126.9474648
202431900000900594,37.480051,126.973159
202431900000900065,37.509811,126.942815
202431900000900598,37.485934,126.964387
202431900000900597,37.506651,126.964084
202431900000900249,37.48253772,126.9677834
202431900000900205,37.512963,126.945845
202431900000900038,37.50363,126.960918
202431900000900538,37.49527997,126.9310898
202431900000900405,37.49562057,126.9246128
202431900000900320,37.4832994,126.9699095
202431900000900361,37.48883762,126.9113516
202431900000900482,37.48434607,126.9735894
202431900000900107,37.501159,126.936917
202431900000900239,37.47822583,126.9766065
202431900000900553,37.50928713,126.9375247
202431900000900236,37.483839,126.970505
202431900000900390,37.50667508,126.94591
202431900000900106,37.500201,126.926682
202431900000900404,37.5090749,126.9468015
202431900000900274,37.48605957,126.9794705
202431900000900050,37.4849742,126.972331
202431900000900379,37.50033189,126.936376
202431900000900618,37.506938,126.951721
202431900000900600,37.495444,126.940759
202431900000900198,37.49891508,126.928336
202431900000900169,37.49920834,126.9450082
202431900000900460,37.50105725,126.9521635
202431900000900520,37.48587359,126.90782
202431900000900392,37.50974578,126.9365459
202431900000900561,37.49873542,126.9830348
202431900000900265,37.48777316,126.9658725
202431900000900224,37.50647163,126.9381456
202431900000900406,37.48951198,126.9127653
202431900000900163,37.49070513,126.9639739
202431900000900062,37.488586,126.907773
202431900000900384,37.50264241,126.929227
202431900000900604,37.504794,126.943821
202431900000900056,37.504064,126.950259
202431900000900164,37.48372476,126.9720991
202431900000900237,37.48415207,126.9731251
202431900000900489,37.50654498,126.9508132
202431900000900267,37.49145281,126.9633488
202431900000900118,37.50207051,126.927672
202431900000900442,37.508992,126.960979
202431900000900452,37.48985668,126.9807944
202431900000900147,37.50864261,126.9380952
202431900000900581,37.506002,126.951703
202431900000900375,37.50153248,126.9356713
202431900000900564,37.49424926,126.9527197
202431900000900592,37.476951,126.980634
202431900000900043,37.504021,126.951765
202431900000900571,37.493019,126.9689853
202431900000900505,37.480336,126.975619
202431900000900253,37.48859411,126.980162
202431900000900399,37.51025811,126.9462734
202431900000900542,37.50424082,126.9346173
202431900000900268,37.48098649,126.9685111
202431900000900053,37.50730496,126.9518114
202431900000900154,37.49517417,126.9554545
202431900000900426,37.49650413,126.9823508
202431900000900228,37.50284332,126.9302918
202431900000900162,37.50356449,126.924799
202431900000900382,37.50300185,126.9329419
202431900000900403,37.51238556,126.946939
202431900000900336,37.4799472,126.9764502
202431900000900129,37.49793718,126.9344893
202431900000900319,37.48840291,126.9126247
202431900000900362,37.48763317,126.9095779
202431900000900397,37.51163828,126.9360168
202431900000900241,37.499398,126.929952
202431900000900596,37.482204,126.969545
202431900000900475,37.48524676,126.9049556
202431900000900504,37.47713758,126.9746888
202431900000900285,37.50571451,126.9566485
202431900000900168,37.49183122,126.9766225
202431900000900114,37.51091975,126.9482774
202431900000900499,37.48308534,126.9672508
202431900000900090,37.49836022,126.9449246
202431900000900152,37.50017006,126.9410506
202431900000900057,37.50624391,126.9551349
202431900000900593,37.47972034,126.9739821
202431900000900113,37.509952,126.926098
202431900000900587,37.503298,126.954376
202431900000900486,37.50048809,126.9342635
202431900000900266,37.48217529,126.9674773
202431900000900293,37.49763034,126.9237914
202431900000900417,37.50120286,126.95064
202431900000900415,37.49862437,126.931435
202431900000900353,37.47879823,126.9789745
202431900000900547,37.502511,126.950148
202431900000900175,37.49390681,126.9601167
202431900000900125,37.47701353,126.9705028
202431900000900033,37.50558295,126.9663043
202431900000900167,37.48706369,126.9707447
202431900000900151,37.47974821,126.9737413
202431900000900583,37.506531,126.949769
202431900000900323,37.49615736,126.9267574
202431900000900502,37.49140936,126.9802612
202431900000900110,37.499495,126.935176
202431900000900494,37.47733579,126.9702991
202431900000900532,37.49806475,126.9466898
202431900000900177,37.4931741,126.9548403
202431900000900344,37.48432755,126.97276
202431900000900191,37.48811467,126.9819931
202431900000900082,37.502263,126.946542
202431900000900059,37.50132134,126.9401312
202431900000900102,37.481114,126.965854
202431900000900441,37.4851899,126.979869
202431900000900358,37.49337688,126.9609961
202431900000900203,37.49729,126.952246
202431900000900466,37.49769125,126.9471234
202431900000900448,37.4821682,126.9755463
202431900000900281,37.47947196,126.9793628
202431900000900223,37.47623083,126.9710893
202431900000900345,37.49234689,126.9695925
202431900000900394,37.50946683,126.9385292
202431900000900132,37.49355391,126.9617882
202431900000900256,37.48379873,126.9808861
202431900000900612,37.50828892,126.9542624
202431900000900468,37.49454256,126.9327549
202431900000900144,37.4988291,126.922491
202431900000900342,37.49895069,126.9519557
202431900000900216,37.49841284,126.9348856
202431900000900196,37.48706549,126.9113675
202431900000900579,37.498767,126.948273
202431900000900625,37.510139,126.962997
202431900000900407,37.50278766,126.9226918
202431900000900354,37.49616065,126.9385122
202431900000900383,37.50073461,126.9303162
202431900000900009,37.48281851,126.96677
202431900000900289,37.494666,126.957619
202431900000900252,37.49194309,126.9770297
202431900000900343,37.48403482,126.9676162
202431900000900133,37.49410959,126.9315214
202431900000900333,37.48304557,126.9719215
202431900000900578,37.493555,126.949069
202431900000900589,37.496645,126.932071
202431900000900513,37.49528796,126.923333
202431900000900471,37.48764518,126.9125014
202431900000900141,37.49203705,126.9785776
202431900000900477,37.502094,126.927893
202431900000900501,37.484973,126.978914
202431900000900437,37.49800294,126.9412472
202431900000900364,37.49340496,126.9148372
202431900000900155,37.49499993,126.9294927
202431900000900543,37.50335459,126.9335948
202431900000900052,37.48283451,126.9775146
202431900000900170,37.50351856,126.9358327
202431900000900395,37.51006696,126.9370927
202431900000900540,37.506361,126.946482
202431900000900016,37.501019,126.943881
202431900000900352,37.48269706,126.9761642
202431900000900556,37.50736459,126.9415996
202431900000900011,37.48827193,126.9742131
202431900000900295,37.49762071,126.9222121
202431900000900461,37.50675898,126.9570383
202431900000900508,37.48864646,126.9786205
202431900000900291,37.49362131,126.9553699
202431900000900476,37.50688306,126.9334945
202431900000900330,37.50927931,126.9569491
202431900000900560,37.4986495,126.9823437
202431900000900234,37.50098693,126.9274815
202431900000900321,37.51095841,126.9432391
202431900000900533,37.50022467,126.9387705
202431900000900322,37.50985759,126.9412694
202431900000900402,37.51129013,126.9559159
202431900000900360,37.49770175,126.9258276
202431900000900134,37.50344155,126.9468289
202431900000900398,37.5103421,126.9552881
202431900000900131,37.50396768,126.9334217
202431900000900278,37.47777796,126.9794924
202431900000900058,37.496117,126.940748
202431900000900136,37.4898698,126.9623339
202431900000900298,37.49031382,126.9107887
202431900000900310,37.50430186,126.9359659
202431900000900428,37.5077771,126.9588337
202431900000900559,37.49800042,126.9819264
202431900000900607,37.503954,126.967973
202431900000900372,37.4970611,126.9414557
202431900000900376,37.50165599,126.9376062
202431900000900104,37.481799,126.979529
202431900000900498,37.489331,126.964628
202431900000900189,37.50561264,126.9241846
202431900000900109,37.505953,126.952201
202431900000900328,37.50997704,126.9588344
202431900000900111,37.49297819,126.9757229
202431900000900054,37.499211,126.926572
202431900000900483,37.49248671,126.9791102
202431900000900271,37.49284912,126.9674754
202431900000900585,37.495177,126.929625
202431900000900469,37.50098735,126.9485545
202431900000900526,37.50160716,126.928449
202431900000900617,37.503157,126.942867
202431900000900030,37.506472,126.952123
202431900000900282,37.50674895,126.9600794
202431900000900244,37.5118097,126.937006
202431900000900590,37.49387,126.980199
202431900000900410,37.49149851,126.9695839
202431900000900493,37.48070649,126.9735251
202431900000900531,37.50584011,126.961782
202431900000900474,37.49389267,126.9257323
202431900000900261,37.50900014,126.9390406
202432000000901618,37.47544427,126.971624
202432000000902192,37.48825,126.9148
202432000000901379,37.47062478,126.9190903
202432000000901138,37.46833633,126.9259133
202432000000901725,37.48200739,126.944028
202432000000901774,37.48921485,126.958179
202432000000901460,37.48574948,126.9379769
202432000000901876,37.47931901,126.9598957
202432000000902221,37.4632893,126.9383929
202432000000901602,37.48896768,126.9530494
202432000000902156,37.46685615,126.9291203
202432000000901791,37.46455314,126.9301386
202432000000901399,37.46752973,126.9228264
202432000000901121,37.47351263,126.9126731
202432000000901910,37.47,126.936
202432000000901180,37.47312225,126.91242
202432000000901715,37.47854625,126.929376
202432000000901521,37.46011285,126.9328597
202432000000902334,37.478795,126.918359
202432000000901992,37.48846498,126.9342909
202432000000901671,37.46327738,126.9180206
202432000000901234,37.48512642,126.9622429
202432000000901775,37.47822611,126.9653133
202432000000901450,37.48378568,126.9147304
202432000000901230,37.49134873,126.9520835
202432000000902161,37.48767007,126.9358125
202432000000901470,37.48207624,126.912218
202432000000901616,37.47666743,126.9625619
202432000000901114,37.48046347,126.9491287
202432000000902210,37.466275,126.917306
202432000000902073,37.47981258,126.9412166
202432000000902207,37.466443,126.917202
202432000000901893,37.46963971,126.9111125
202432000000901670,37.45989999,126.9148689
202432000000901491,37.48977919,126.9421496
202432000000901645,37.48345045,126.9410354
202432000000901946,37.48667497,126.9305363
202432000000901574,37.47439062,126.9148323
202432000000902007,37.46928148,126.9112801
202432000000901330,37.47847037,126.9132323
202432000000901204,37.46195671,126.9303319
202432000000902321,37.4916301,126.9400445
202432000000901922,37.470849,126.921327
202432000000901817,37.46329161,126.9175252
202432000000901422,37.49311262,126.9313831
202432000000902196,37.49291,126.9529
202432000000901931,37.48499176,126.9124552
202432000000902169,37.4862993,126.9324971
202432000000901898,37.48679309,126.9403608
202432000000901124,37.47566349,126.91484
202432000000902036,37.48667672,126.9407095
202432000000901085,37.47250207,126.9404654
202432000000901084,37.47404095,126.9621846
202432000000901835,37.47056961,126.9299927
202432000000901348,37.49059124,126.9479677
202432000000901536,37.48837851,126.9275992
202432000000901473,37.48328685,126.9479671
202432000000901407,37.47253163,126.974772
202432000000901626,37.4758581,126.9209147
202432000000901390,37.47908211,126.9265092
202432000000901889,37.47716455,126.9172123
202432000000902013,37.48674085,126.9483033
202432000000902332,37.478978,126.93744
202432000000901527,37.47689355,126.9337842
202432000000901789,37.47835485,126.9365065
202432000000901739,37.48875248,126.9428329
202432000000902218,37.4650055,126.9380098
202432000000902131,37.48357505,126.9256676
202432000000901196,37.46797618,126.9399623
202432000000901334,37.49269505,126.926966
202432000000901848,37.47410965,126.9169388
202432000000901565,37.47652335,126.9676827
202432000000901323,37.47447202,126.9382182
202432000000902213,37.461412,126.914962
202432000000901194,37.4694056,126.9447193
202432000000901680,37.46560274,126.9309665
202432000000901231,37.48135937,126.9346588
202432000000901525,37.47383236,126.9422606
202432000000901831,37.49188232,126.9437866
202432000000901853,37.46454535,126.934389
202432000000901520,37.4693401,126.9307054
202432000000901100,37.48995297,126.9405815
202432000000901624,37.47971516,126.9023583
202432000000901896,37.46977239,126.9217643
202432000000901899,37.48729242,126.9407716
202432000000901490,37.49270307,126.929432
202432000000901845,37.48037338,126.9405289
202432000000901834,37.47318649,126.9794235
202432000000901283,37.46851493,126.9757958
202432000000902114,37.48869561,126.9416136
202432000000901461,37.48634056,126.9360757
202432000000902063,37.48011496,126.9014957
202432000000901773,37.48291906,126.9493309
202432000000901240,37.47567532,126.9707322
202432000000901081,37.47614016,126.9537496
202432000000902117,37.48129335,126.9600591
202432000000902171,37.47887492,126.9610551
202432000000902185,37.4742,126.9671
202432000000901740,37.48516808,126.9445929
202432000000901187,37.48869889,126.9335906
202432000000901367,37.49019114,126.9578807
202432000000901255,37.47843186,126.9186446
202432000000901869,37.49021533,126.9344204
202432000000902108,37.48572669,126.9435484
202432000000901337,37.48858059,126.9463223
202432000000902357,37.4722304,126.9588284
202432000000902340,37.463249,126.927511
202432000000901295,37.46794608,126.9254955
202432000000901533,37.48057483,126.9304739
202432000000902260,37.47391228,126.9593143
202432000000902123,37.48428562,126.9215462
202432000000902242,37.4737,126.9326
202432000000901974,37.47246013,126.9798048
202432000000901423,37.49210332,126.9295392
202432000000902088,37.46928876,126.931576
202432000000902157,37.48705423,126.941958
202432000000902279,37.46119099,126.9486118
202432000000901639,37.48802598,126.9372915
202432000000902215,37.460117,126.914405
202432000000901762,37.46513794,126.9196942
202432000000901482,37.49019989,126.9598053
202432000000901427,37.46469588,126.9315369
202432000000901248,37.48161001,126.9381183
202432000000901949,37.47647138,126.9210903
202432000000901464,37.47337155,126.969902
202432000000901780,37.48240386,126.9088464
202432000000902009,37.4819395,126.9290958
202432000000901116,37.47661507,126.9332997
202432000000901812,37.47295232,126.9775131
202432000000902300,37.4599,126.9154
202432000000901079,37.47599585,126.9410376
202432000000901356,37.47385487,126.9732169
202432000000901437,37.47743135,126.9312079
202432000000902015,37.46880341,126.9411774
202432000000901242,37.48025556,126.9649666
202432000000901415,37.47639628,126.9218834
202432000000901207,37.47573516,126.9561031
202432000000901129,37.46499971,126.938472
202432000000901382,37.46853617,126.9400508
202432000000901982,37.4806554,126.9337926
202432000000902102,37.47960326,126.9255832
202432000000901874,37.481683,126.9505878
202432000000901474,37.48226928,126.9401839
202432000000901530,37.48212703,126.9338576
202432000000901550,37.47285357,126.9647366
202432000000901908,37.4754,126.93
202432000000902135,37.47050397,126.934967
202432000000901244,37.45822172,126.9214658
202432000000901840,37.4732933,126.933075
202432000000901875,37.47833633,126.9599304
202432000000902282,37.468345,126.926118
202432000000901655,37.47207922,126.9693583
202432000000901968,37.48176644,126.9621511
202432000000901263,37.48623469,126.9113587
202432000000901322,37.48646711,126.9433624
202432000000901393,37.4742728,126.9604368
202432000000902043,37.48760439,126.9540347
202432000000902027,37.47574734,126.9627465
202432000000902181,37.46122913,126.9294463
202432000000901573,37.47134775,126.9191093
202432000000902273,37.47246,126.97102
202432000000901956,37.47322886,126.9319328
202432000000901659,37.48834406,126.9251323
202432000000901513,37.46524516,126.9382969
202432000000902041,37.49015489,126.9585363
202432000000901333,37.49073231,126.9289083
202432000000901582,37.47772266,126.9481233
202432000000902228,37.4668,126.9193
202432000000901761,37.46458489,126.9190155
202432000000902235,37.466655,126.914139
202432000000901428,37.46100702,126.9322949
202432000000901788,37.4756111,126.9227164
202432000000901742,37.48506674,126.9457037
202432000000901752,37.47542233,126.9783473
202432000000902189,37.4776,126.9449
202432000000902062,37.48274491,126.9057579
202432000000901965,37.48716389,126.9490801
202432000000901400,37.47275349,126.9181587
202432000000902017,37.4726758,126.978357
202432000000901504,37.46357766,126.914492
202432000000901436,37.47632048,126.9346501
202432000000901519,37.47131029,126.9302342
202432000000901994,37.47227814,126.9231125
202432000000901466,37.46988641,126.9666271
202432000000902298,37.4629,126.9197
202432000000901803,37.49063529,126.9310494
202432000000902205,37.46006297,126.927351
202432000000901807,37.48044815,126.960871
202432000000901984,37.47135583,126.9391082
202432000000901373,37.48146603,126.9124003
202432000000901619,37.47350064,126.9758826
202432000000902208,37.465777,126.917142
202432000000902177,37.47198574,126.9359064
202432000000901339,37.47943617,126.9635368
202432000000902341,37.464126,126.928026
202432000000901193,37.46968859,126.9125745
202432000000901764,37.47614171,126.9335463
202432000000901249,37.47081228,126.9592343
202432000000902122,37.47383093,126.9812555
202432000000901176,37.49027227,126.9429346
202432000000902060,37.48362268,126.9160926
202432000000901697,37.47559313,126.9750069
202432000000901250,37.46802993,126.945548
202432000000901418,37.47427194,126.9136535
202432000000901634,37.48048469,126.9287431
202432000000901198,37.47775617,126.9168432
202432000000902243,37.47562,126.9256
202432000000901557,37.48387005,126.9517028
202432000000901420,37.49129863,126.926533
202432000000901785,37.48870135,126.9190576
202432000000901741,37.48496408,126.9547409
202432000000901388,37.47642475,126.9157101
202432000000901681,37.47077046,126.9288564
202432000000902295,37.4611,126.9223
202432000000901296,37.46983423,126.9293247
202432000000901507,37.47444396,126.9761623
202432000000901371,37.48361585,126.9205629
202432000000902149,37.46867898,126.9407699
202432000000902303,37.45517457,126.9449514
202432000000901319,37.47427414,126.9727435
202432000000901270,37.47641345,126.980133
202432000000901328,37.46178249,126.916206
202432000000901107,37.48860748,126.925629
202432000000901820,37.47370342,126.9404569
202432000000902283,37.473096,126.930254
202432000000902074,37.48330736,126.9378348
202432000000902216,37.462641,126.914777
202432000000901526,37.47730215,126.9388219
202432000000901404,37.47219054,126.9720775
202432000000901991,37.48102087,126.9059574
202432000000902113,37.49131724,126.9289891
202432000000901750,37.47215615,126.9674995
202432000000902008,37.48092659,126.9433605
202432000000901127,37.45887887,126.947301
202432000000901867,37.45896631,126.9277582
202432000000901769,37.47030076,126.9367153
202432000000901547,37.47986142,126.930271
202432000000901398,37.46865733,126.9234215
202432000000901539,37.48613099,126.9210205
202432000000901457,37.4881223,126.9406328
202432000000901897,37.48776099,126.9419449
202432000000901311,37.47043803,126.9568856
202432000000901277,37.46405374,126.9275901
202432000000901989,37.47256876,126.9356051
202432000000901098,37.47575066,126.9257524
202432000000901411,37.46995749,126.9414749
202432000000901335,37.48799776,126.9318332
202432000000901433,37.47657627,126.9377913
202432000000901988,37.47452788,126.94302
202432000000901581,37.47804325,126.9497462
202432000000901294,37.47803572,126.9493378
202432000000901493,37.46611241,126.9211807
202432000000901346,37.48325145,126.9563985
202432000000901276,37.46473257,126.9275901
202432000000901303,37.46801904,126.9485682
202432000000901801,37.47616474,126.9748523
202432000000902180,37.46629149,126.9230126
202432000000902124,37.48171817,126.90748
202432000000901605,37.48341665,126.9466139
202432000000901926,37.48384221,126.9560703
202432000000901451,37.48277113,126.9160023
202432000000902162,37.47762777,126.9559032
202432000000902338,37.463717,126.927747
202432000000901495,37.48908686,126.9337414
202432000000901088,37.4650273,126.9272175
202432000000901559,37.48432104,126.9509634
202432000000902336,37.480313,126.916347
202432000000901950,37.47129643,126.9774811
202432000000901479,37.47987242,126.945987
202432000000901351,37.46627172,126.9312805
202432000000901500,37.47711289,126.9605956
202432000000901387,37.47474846,126.9402412
202432000000902049,37.48250623,126.956162
202432000000902059,37.48595557,126.9146921
202432000000902028,37.47773478,126.9552403
202432000000901976,37.48767296,126.9214828
202432000000901252,37.47959612,126.9375368
202432000000902159,37.48379345,126.9095901
202432000000902146,37.4823297,126.9584027
202432000000901935,37.48170334,126.9101792
202432000000901607,37.47637211,126.9658755
202432000000901269,37.46791457,126.942415
202432000000901836,37.47302628,126.9176254
202432000000902084,37.46155392,126.9302732
202432000000901852,37.48106395,126.9323571
202432000000901664,37.47802167,126.9211626
202432000000901633,37.4829039,126.9259394
202432000000901141,37.48890915,126.9381012
202432000000902163,37.47321152,126.967104
202432000000901452,37.48043463,126.9239334
202432000000901449,37.48520866,126.918771
202432000000901653,37.47405651,126.969409
202432000000902000,37.47884005,126.9469661
202432000000901130,37.46455265,126.9380981
202432000000902287,37.4761775,126.9276708
202432000000901925,37.48341808,126.9042735
202432000000901682,37.46883258,126.9346107
202432000000901414,37.47836946,126.9162268
202432000000902016,37.4618643,126.9273752
202432000000901656,37.47298849,126.9727392
202432000000901426,37.46556777,126.9331702
202432000000901786,37.46385926,126.9164909
202432000000901104,37.47474442,126.9768983
202432000000902348,37.46921,126.942
202432000000901455,37.47640721,126.9289281
202432000000901890,37.47263217,126.9416365
202432000000901552,37.46951804,126.9657739
202432000000902055,37.48592629,126.922622
202432000000901979,37.47566243,126.9196361
202432000000902051,37.47953917,126.9608251
202432000000901209,37.46575088,126.9172992
202432000000901275,37.46221454,126.9485194
202432000000901687,37.47447687,126.9600299
202432000000901424,37.49063061,126.9263124
202432000000901563,37.48085663,126.9607527
202432000000901850,37.46465302,126.9359512
202432000000901417,37.47486426,126.9131914
202432000000901241,37.48331417,126.9603182
202432000000901737,37.49040266,126.9263328
202432000000902031,37.48632503,126.9247404
202432000000901115,37.48063484,126.9401712
202432000000901555,37.47989215,126.900176
202432000000901430,37.47627005,126.9396876
202432000000902223,37.4668,126.9238
202432000000901505,37.46359063,126.916909
202432000000902106,37.47190297,126.9395016
202432000000901091,37.48645833,126.9329445
202432000000902044,37.48526411,126.9536554
202432000000902252,37.47130097,126.9594579
202432000000902137,37.48108548,126.94331
202432000000902349,37.488,126.9342
202432000000901273,37.46273998,126.9480346
202432000000901917,37.483,126.9407
202432000000901799,37.47819531,126.9585267
202432000000902254,37.47391228,126.9593143
202432000000901544,37.48130514,126.9228454
202432000000901467,37.47480181,126.9622059
202432000000902034,37.48963177,126.9338713
202432000000902244,37.48612,126.9152
202432000000902346,37.464469,126.938054
202432000000902025,37.47409226,126.9613847
202432000000901746,37.47953206,126.9407374
202432000000901921,37.4749,126.9635
202432000000902337,37.464166,126.927927
202432000000902203,37.48037841,126.9624468
202432000000902351,37.4749,126.9797
202432000000901691,37.46415312,126.9161259
202432000000901218,37.4888039,126.9376048
202432000000901894,37.46959516,126.9251051
202432000000901920,37.4749,126.9635
202432000000901086,37.47268706,126.940696
202432000000901396,37.47364015,126.9239698
202432000000902178,37.48543089,126.9474556
202432000000901095,37.48457844,126.949539
202432000000901105,37.47446087,126.9765527
202432000000901686,37.47524129,126.9612897
202432000000901748,37.47982772,126.9543768
202432000000901502,37.47858449,126.9555609
202432000000902191,37.48877,126.9618
202432000000902150,37.47794822,126.9273223
202432000000901541,37.47772581,126.9288786
202432000000901142,37.48935129,126.9379689
202432000000901929,37.48482855,126.9567121
202432000000901684,37.47047056,126.9389064
202432000000901685,37.46773242,126.9380883
202432000000901743,37.48865942,126.9581172
202432000000901222,37.46520229,126.9208191
202432000000902230,37.4772,126.9261
202432000000901870,37.47470451,126.936413
202432000000902026,37.4744039,126.9636904
202432000000901719,37.48472257,126.9132952
202432000000902329,37.480858,126.937473
202432000000901217,37.47322103,126.9597055
202432000000901871,37.47976412,126.9241588
202432000000901475,37.48108245,126.941804
202432000000901386,37.47460297,126.9391541
202432000000902268,37.46926,126.97012
202432000000901662,37.48349185,126.9074101
202432000000901609,37.48011236,126.9593625
202432000000901272,37.46230362,126.9477881
202432000000901666,37.47669067,126.9233491
202432000000901636,37.47517813,126.9349517
202432000000901958,37.48804329,126.9530985
202432000000901766,37.47609938,126.9293189
202432000000901364,37.48979825,126.9585229
202432000000902352,37.4742,126.9789
202432000000902160,37.4769267,126.9515591
202432000000901097,37.47777622,126.9447741
202432000000901103,37.47482758,126.9634234
202432000000901944,37.47130526,126.9677572
202432000000902056,37.48488788,126.923736
202432000000901842,37.48450851,126.9407043
202432000000901385,37.47207027,126.9367369
202432000000901747,37.47690077,126.9619385
202432000000901456,37.48941406,126.941028
202432000000901151,37.4798336,126.9363697
202432000000901673,37.48415145,126.9331925
202432000000902313,37.49226725,126.9357424
202432000000901906,37.4767,126.9548
202432000000901540,37.48545278,126.9237425
202432000000902350,37.4757,126.9791
202432000000902214,37.460832,126.914817
202432000000902172,37.46743515,126.9308405
202432000000902311,37.46826059,126.964401
202432000000901318,37.47029117,126.9174528
202432000000901915,37.4781,126.9377
202432000000901225,37.46800499,126.9769017
202432000000901342,37.48571725,126.947981
202432000000901549,37.46981871,126.9695299
202432000000902284,37.463868,126.934726
202432000000902199,37.4889393,126.9225406
202432000000901589,37.48144292,126.940716
202432000000901923,37.47397056,126.9336407
202432000000901554,37.48122479,126.9021577
202432000000901233,37.46813193,126.9701989
202432000000901144,37.48438674,126.9484749
202432000000901932,37.48647909,126.9149646
202432000000901344,37.48923401,126.9597499
202432000000901120,37.4798474,126.9598386
202432000000901158,37.4667325,126.9237165
202432000000901657,37.47332366,126.9809271
202432000000901389,37.47856822,126.9141232
202432000000901857,37.48759053,126.9221217
202432000000901907,37.4729,126.923
202432000000901953,37.46456947,126.9178741
202432000000901191,37.4754572,126.9625381
202432000000901548,37.4838444,126.9460176
202432000000902048,37.48435053,126.9526912
202432000000901223,37.47103675,126.9724201
202432000000902054,37.47603005,126.9674518
202432000000902194,37.48607,126.9108
202432000000902105,37.47333139,126.9412749
202432000000901133,37.47739069,126.922718
202432000000901806,37.49082049,126.9597871
202432000000901732,37.4715517,126.9111352
202432000000901629,37.46071529,126.9153562
202432000000901611,37.47953028,126.9495632
202432000000901159,37.46985456,126.9778824
202432000000901718,37.47161683,126.9660298
202432000000902050,37.48428584,126.9570473
202432000000901195,37.46896435,126.9442291
202432000000901381,37.4786946,126.9272898
202432000000901730,37.46552166,126.9323473
202432000000901200,37.47772853,126.9197603
202432000000901590,37.47364274,126.9218228
202432000000901884,37.47254948,126.9225645
202432000000901693,37.46301504,126.9189014
202432000000901469,37.48211292,126.9051494
202432000000902204,37.48453656,126.9141311
202432000000901093,37.47286864,126.9803893
202432000000901595,37.48715343,126.952126
202432000000901863,37.485206,126.9089988
202432000000901213,37.47774206,126.917656
202432000000901298,37.47220304,126.9822342
202432000000902070,37.48040938,126.9323174
202432000000901446,37.48433351,126.9242226
202432000000901184,37.46844625,126.9365586
202432000000901543,37.47830495,126.9258171
202432000000901809,37.47654129,126.9554785
202432000000902233,37.478045,126.921815
202432000000901954,37.47683779,126.9195178
202432000000901864,37.48102095,126.9110679
202432000000901480,37.48833424,126.9590835
202432000000901220,37.4664775,126.9353036
202432000000901528,37.48303503,126.9355946
202432000000901320,37.46214932,126.9190691
202432000000901336,37.48994163,126.9535431
202432000000901957,37.4649816,126.9323812
202432000000902092,37.47072819,126.9218607
202432000000901760,37.47253955,126.9187471
202432000000902263,37.4683,126.9764
202432000000901350,37.46383063,126.9257232
202432000000901856,37.47825119,126.9341594
202432000000902061,37.48815447,126.9163109
202432000000901090,37.47641056,126.9199238
202432000000901754,37.48856085,126.923742
202432000000901782,37.48940295,126.9439868
202432000000901792,37.48099088,126.9490396
202432000000901131,37.46569065,126.9171947
202432000000902307,37.4741802,126.947744
202432000000902286,37.464813,126.934157
202432000000901751,37.47645999,126.977628
202432000000901556,37.48467865,126.9076688
202432000000901759,37.47303447,126.9142803
202432000000901594,37.48095329,126.9060864
202432000000901168,37.47469864,126.9482464
202432000000901758,37.47719819,126.9233526
202432000000901575,37.47977566,126.9155638
202432000000902153,37.46175255,126.9319547
202432000000901132,37.46595976,126.91723
202432000000902103,37.4757652,126.9353727
202432000000901542,37.47776359,126.9303177
202432000000902237,37.469074,126.913113
202432000000902018,37.47222348,126.981596
202432000000902246,37.46284,126.9153
202432000000902101,37.48014667,126.9275528
202432000000901524,37.47157863,126.9414333
202432000000902278,37.46132988,126.9481114
202432000000901327,37.47172852,126.9363487
202432000000902296,37.4647,126.92
202432000000901638,37.46652936,126.9362983
202432000000901165,37.49202819,126.9402673
202432000000902064,37.48312137,126.912091
202432000000901481,37.4869323,126.9584175
202432000000901887,37.47356313,126.9629067
202432000000901933,37.48728421,126.9193614
202432000000901959,37.49102472,126.9417893
202432000000902066,37.48249671,126.9264912
202432000000901203,37.48509822,126.9395461
202432000000901601,37.48760995,126.9408446
202432000000901902,37.48729242,126.9407716
202432000000902120,37.48021459,126.9426657
202432000000902144,37.47734244,126.9118955
202432000000902147,37.49050375,126.9549091
202432000000901111,37.48483226,126.9207072
202432000000902052,37.47868981,126.9630543
202432000000901409,37.46902206,126.933227
202432000000901781,37.4837095,126.9437248
202432000000901117,37.47727121,126.9493785
202432000000901990,37.48745013,126.9232359
202432000000902097,37.47476342,126.9153497
202432000000901560,37.48072608,126.9517334
202432000000901357,37.4805268,126.9558718
202432000000901214,37.45766012,126.9185619
202432000000901644,37.48792491,126.9415759
202432000000901476,37.47874649,126.9464696
202432000000901291,37.47816573,126.9404607
202432000000901146,37.46185796,126.9479584
202432000000901300,37.47708129,126.9413958
202432000000901174,37.46829727,126.9452017
202432000000901083,37.48272379,126.93563
202432000000902141,37.46272711,126.9176716
202432000000901140,37.46331438,126.9272212
202432000000901472,37.48558297,126.9504055
202432000000902029,37.47583209,126.9537798
202432000000901942,37.46887788,126.9430525
202432000000901879,37.47359434,126.9357956
202432000000901999,37.49161741,126.932369
202432000000901568,37.47914921,126.9618488
202432000000901711,37.48299402,126.9329849
202432000000902325,37.4896978,126.9391066
202432000000901913,37.4724,126.9323
202432000000901266,37.46788994,126.9207614
202432000000901905,37.48729242,126.9407716
202432000000902184,37.4904,126.943
202432000000901290,37.45759712,126.9293858
202432000000901765,37.48419277,126.9305786
202432000000902301,37.4613,126.9245
202432000000902139,37.4696937,126.917373
202432000000902261,37.4704,126.9774
202432000000901175,37.49132073,126.9410883
202432000000901621,37.48487811,126.9255054
202432000000901847,37.48286819,126.9062271
202432000000902091,37.46306708,126.917195
202432000000902082,37.47378241,126.9320919
202432000000901101,37.49009773,126.9404468
202432000000901486,37.47982758,126.9630681
202432000000901828,37.48641586,126.9126129
202432000000902309,37.47118225,126.9599819
202432000000901082,37.47697373,126.9355708
202432000000901631,37.48360783,126.9595764
202432000000901755,37.48717561,126.9161855
202432000000902080,37.46604026,126.9375573
202432000000902335,37.480363,126.916852
202432000000901468,37.48269142,126.9047146
202432000000901830,37.48935699,126.9357452
202432000000901202,37.47922047,126.9623883
202432000000901962,37.48712185,126.9595164
202432000000901440,37.48698336,126.9560607
202432000000902226,37.4671,126.9187
202432000000902251,37.48179,126.9031
202432000000901606,37.48521398,126.9571702
202432000000901403,37.46374444,126.9178135
202432000000901632,37.48306111,126.9250294
202432000000902328,37.480367,126.937393
202432000000901215,37.45750048,126.9204326
202432000000901763,37.4762469,126.9314504
202432000000901510,37.46480204,126.9398709
202432000000901365,37.48441531,126.9146429
202432000000901783,37.47413033,126.9682117
202432000000901596,37.48985141,126.9431908
202432000000901262,37.48833012,126.9148808
202432000000901258,37.48947201,126.9390212
202432000000902292,37.4583301,126.9282477
202432000000902085,37.45892982,126.9223546
202432000000901208,37.46353082,126.948072
202432000000901147,37.4609092,126.9481996
202432000000901577,37.47676293,126.913509
202432000000901287,37.46209445,126.9387491
202432000000901851,37.47980881,126.9323022
202432000000901108,37.48864772,126.9259222
202432000000902094,37.47285369,126.9220058
202432000000901441,37.48821956,126.9551448
202432000000901439,37.49182,126.9469266
202432000000901497,37.49125069,126.946317
202432000000902047,37.4835528,126.9508676
202432000000901408,37.47310877,126.9739803
202432000000901299,37.47715261,126.9409799
202432000000901256,37.48006474,126.9188778
202432000000901701,37.47540714,126.9181218
202432000000901784,37.48176296,126.9398663
202432000000901316,37.47520347,126.9641471
202432000000902057,37.48402566,126.9227914
202432000000901613,37.47774356,126.9456403
202432000000901744,37.48130153,126.9580073
202432000000901359,37.47549427,126.9292398
202432000000901914,37.4832,126.9366
202432000000901692,37.46559862,126.9177242
202432000000901770,37.48463887,126.9038387
202432000000901805,37.48522216,126.9531088
202432000000901331,37.47698843,126.9169816
202432000000901361,37.47646173,126.9577853
202432000000902343,37.469835,126.911633
202432000000901824,37.46909364,126.9226663
202432000000901368,37.47558679,126.9518496
202432000000902127,37.46990515,126.9234031
202432000000901800,37.47774897,126.9186314
202432000000901161,37.46924978,126.9126727
202432000000901937,37.47262509,126.9402862
202432000000901238,37.48018588,126.9492618
202432000000901827,37.46702258,126.9235335
202432000000901279,37.47351238,126.9247269
202432000000902130,37.48189878,126.9241191
202432000000902164,37.48236686,126.9218958
202432000000901677,37.47485743,126.9373768
202432000000901663,37.48237553,126.9064016
202432000000901787,37.47707071,126.9212643
202432000000902342,37.464016,126.92837
202432000000901532,37.47795868,126.935413
202432000000901648,37.49065338,126.9587284
202432000000902065,37.48399908,126.9128313
202432000000901855,37.47214924,126.9332007
202432000000901860,37.48436165,126.9518158
202432000000901154,37.47177181,126.9790536
202432000000901535,37.48853594,126.9482386
202432000000902331,37.481464,126.936583
202432000000901735,37.47454506,126.9690151
202432000000902145,37.48314627,126.9570031
202432000000902168,37.47360782,126.9674297
202432000000901228,37.49249498,126.9349524
202432000000901665,37.47342469,126.9126695
202432000000901722,37.48471983,126.946777
202432000000902275,37.47514,126.95114
202432000000902086,37.46689773,126.9302687
202432000000901260,37.46121816,126.924875
202432000000901772,37.46682426,126.9347367
202432000000901362,37.46485744,126.9267517
202432000000902012,37.47505664,126.9432024
202432000000901155,37.48472219,126.9448623
202432000000901877,37.47211838,126.9770508
202432000000902330,37.48119,126.937508
202432000000901332,37.4770987,126.9183334
202432000000901637,37.47256491,126.9299614
202432000000902093,37.47255073,126.9205262
202432000000901503,37.47348195,126.960153
202432000000901179,37.4825213,126.9129966
202432000000901183,37.48189041,126.9240662
202432000000901128,37.46685449,126.9443101
202432000000902024,37.46914541,126.9647911
202432000000901826,37.46851971,126.9223869
202432000000901317,37.48611457,126.9495893
202432000000901419,37.48987118,126.93069
202432000000901134,37.47771547,126.9221625
202432000000901640,37.49348062,126.9300655
202432000000901453,37.47862396,126.9287992
202432000000901496,37.49084507,126.9455365
202432000000902240,37.47675,126.9357
202432000000901254,37.47865536,126.9202411
202432000000902039,37.49102286,126.9404089
202432000000901126,37.45853189,126.946999
202432000000901363,37.48552653,126.9496999
202432000000902354,37.46475,126.92802
202432000000901512,37.46524859,126.9350204
202432000000901458,37.48806084,126.9395179
202432000000902206,37.47030836,126.9188112
202432000000902068,37.4830932,126.9312036
202432000000902201,37.4671212,126.9202968
202432000000902267,37.46842,126.97035
202432000000901776,37.47398801,126.9758712
202432000000901936,37.48273091,126.923267
202432000000901353,37.46934289,126.918127
202432000000901278,37.46939186,126.9259963
202432000000901753,37.48647028,126.9255513
202432000000901326,37.47187468,126.9379657
202432000000902021,37.47569058,126.9735692
202432000000901872,37.47914753,126.9424076
202432000000902302,37.45517457,126.9449514
202432000000901901,37.48729242,126.9407716
202432000000901649,37.48118297,126.9534865
202432000000901122,37.48996775,126.9342732
202432000000901489,37.48204993,126.9553984
202432000000901587,37.47465313,126.9662178
202432000000901425,37.46429343,126.9328562
202432000000901710,37.47436088,126.9329671
202432000000901265,37.47649685,126.9509435
202432000000901349,37.49195831,126.9595138
202432000000901149,37.45560656,126.9453963
202432000000901343,37.46334496,126.9317162
202432000000901282,37.49205833,126.9517123
202432000000902148,37.47461026,126.9740161
202432000000901865,37.47103266,126.9112336
202432000000901723,37.48238221,126.9385023
202432000000901695,37.47154593,126.9786234
202432000000901646,37.48775035,126.9554489
202432000000901841,37.48939133,126.9324799
202432000000901192,37.46575933,126.9238244
202432000000901971,37.47801375,126.9575181
202432000000901731,37.4679931,126.9209594
202432000000902152,37.47110198,126.9369542
202432000000902355,37.4844957,126.9328802
202432000000902099,37.47604527,126.9191195
202432000000901696,37.47395617,126.9817714
202432000000901625,37.47778167,126.9165378
202432000000901246,37.46764592,126.913497
202432000000901757,37.48299775,126.9050314
202432000000901654,37.47175147,126.9688391
202432000000901873,37.4818306,126.9491653
202432000000902006,37.48678365,126.9173169
202432000000901148,37.45796926,126.9464133
202432000000901588,37.48636174,126.951468
202432000000902193,37.48644,126.9118
202432000000901716,37.48166741,126.9276096
202432000000901698,37.46437957,126.9367726
202432000000901924,37.48549066,126.9341825
202432000000902183,37.49,126.934
202432000000901185,37.47815974,126.9389661
202432000000901790,37.47451784,126.9351467
202432000000901810,37.47091501,126.9664885
202432000000902224,37.4664,126.9237
202432000000901995,37.47227814,126.9231125
202432000000902271,37.4725,126.97122
202432000000902225,37.4661,126.9239
202432000000901815,37.47578126,126.9131569
202432000000902290,37.4721202,126.9142879
202432000000902053,37.47764775,126.9641585
202432000000901169,37.47521741,126.9515644
202432000000901285,37.46522236,126.9337287
202432000000901375,37.47188111,126.9120785
202432000000901523,37.47342109,126.9387282
202432000000901553,37.48246613,126.9143682
202432000000901172,37.47648687,126.9701338
202432000000901927,37.48397658,126.9553621
202432000000902004,37.48306747,126.9044913
202432000000902257,37.4702,126.9726
202432000000902322,37.4889449,126.9380109
202432000000901571,37.47472364,126.9250742
202432000000902014,37.47044553,126.9397725
202432000000902129,37.48220044,126.9306096
202432000000901603,37.48735673,126.9476223
202432000000901498,37.4837519,126.9242301
202432000000901729,37.47612944,126.9413609
202432000000901561,37.49091282,126.9572385
202432000000902079,37.46842541,126.9388039
202432000000901967,37.48812447,126.9599988
202432000000902081,37.46563971,126.9366333
202432000000902132,37.47534913,126.9398316
202432000000901190,37.47678062,126.9438504
202432000000901804,37.4848395,126.9373103
202432000000901189,37.47479894,126.9133708
202432000000901676,37.48187031,126.9253906
202432000000901245,37.45926819,126.9222609
202432000000901882,37.48587773,126.9427249
202432000000901661,37.48193969,126.9144758
202432000000901983,37.48058817,126.9267649
202432000000902297,37.4643,126.9199
202432000000901891,37.48168063,126.9195727
202432000000901895,37.46715875,126.9240343
202432000000901706,37.46626893,126.9302078
202432000000902033,37.48915583,126.9297635
202432000000902234,37.472561,126.915551
202432000000901094,37.48438305,126.9497668
202432000000901352,37.48592529,126.9475354
202432000000901846,37.48636212,126.9143044
202432000000901401,37.46283034,126.9155849
202432000000902155,37.46637285,126.9272022
202432000000902142,37.48548985,126.9228995
202432000000902250,37.47054619,126.959763
202432000000901369,37.47489669,126.958998
202432000000901288,37.47891648,126.9371156
202432000000901707,37.47330476,126.9399173
202432000000901728,37.48033513,126.9573685
202432000000902272,37.473,126.97139
202432000000901702,37.47372413,126.9122366
202432000000901934,37.4846414,126.9069097
202432000000901808,37.48085306,126.9504558
202432000000902289,37.4727984,126.9142314
202432000000901818,37.48206268,126.9227412
202432000000901312,37.46862786,126.9119881
202432000000901139,37.46909557,126.969963
202432000000901152,37.48048489,126.9368633
202432000000901435,37.47749692,126.9328241
202432000000901212,37.47766896,126.9558175
202432000000901816,37.46838092,126.9249654
202432000000901598,37.48612428,126.9406455
202432000000902001,37.47538211,126.9771908
202432000000901305,37.47105745,126.9575392
202432000000902319,37.4911365,126.9395666
202432000000902032,37.49122287,126.9307173
202432000000901257,37.47625089,126.9254312
202432000000901819,37.4800378,126.9263656
202432000000901119,37.47984474,126.9593811
202432000000902115,37.48512708,126.9522508
202432000000901508,37.47497375,126.9789755
202432000000902003,37.48411545,126.9202078
202432000000901768,37.47284696,126.9377403
202432000000901463,37.47242289,126.9666387
202432000000901506,37.47365232,126.9787039
202432000000901610,37.47952843,126.9577852
202432000000902095,37.47373917,126.9206849
202432000000901714,37.48971383,126.922379
202432000000901516,37.49189724,126.9320285
202432000000901226,37.45652999,126.9471459
202432000000902158,37.47594138,126.9613883
202432000000901600,37.48292755,126.9435965
202432000000902229,37.467,126.9195
202432000000901672,37.4616289,126.915014
202432000000901537,37.48459044,126.93106
202432000000901844,37.4825325,126.9595642
202432000000901302,37.4683802,126.9482721
202432000000902318,37.4911335,126.9398473
202432000000901973,37.47277194,126.9680297
202432000000902256,37.4705,126.9725
202432000000901454,37.47576071,126.9300956
202432000000901688,37.47570052,126.9526763
202432000000901951,37.47606021,126.9228542
202432000000901584,37.47689571,126.9440933
202432000000901501,37.47552157,126.9550695
202432000000901839,37.47725296,126.9289322
202432000000902315,37.4910039,126.9403653
202432000000901374,37.476123,126.9187626
202432000000901137,37.46823737,126.9264493
202432000000901410,37.46905946,126.9364228
202432000000901650,37.47962648,126.9485454
202432000000901182,37.46269776,126.9153715
202432000000901511,37.4668267,126.9387097
202432000000902326,37.480616,126.936156
202432000000902175,37.4772377,126.9373627
202432000000902239,37.4758803,126.9408039
202432000000901239,37.47693819,126.9676934
202432000000901164,37.49183062,126.9362613
202432000000902200,37.4846158,126.9076765
202432000000901821,37.46910187,126.9307197
202432000000902187,37.472,126.9816
202432000000901289,37.47608538,126.9575092
202432000000901771,37.47526419,126.9536301
202432000000901087,37.46508382,126.9268657
202432000000901564,37.48325208,126.9597224
202432000000902090,37.46937626,126.9210797
202432000000901630,37.48466062,126.9356885
202432000000901171,37.47646946,126.9696306
202432000000901292,37.47852362,126.9410622
202432000000902227,37.4669,126.9192
202432000000901338,37.48946777,126.9585922
202432000000901627,37.46745294,126.9198252
202432000000901125,37.46667239,126.9470937
202432000000901675,37.47780202,126.9367622
202432000000901113,37.4696018,126.9236499
202432000000901157,37.47331235,126.9236363
202432000000901854,37.48817643,126.9360297
202432000000901509,37.46569529,126.9383986
202432000000901170,37.47535786,126.9510767
202432000000901562,37.48202629,126.9569749
202432000000901885,37.48252514,126.9349709
202432000000901880,37.48231047,126.9500715
202432000000902167,37.47802594,126.963186
202432000000902293,37.4615,126.9227
202432000000901156,37.49274898,126.9350922
202432000000901177,37.49017902,126.9433326
202432000000901492,37.46932755,126.9243267
202432000000901251,37.46832312,126.9454603
202432000000902306,37.45629826,126.931563
202432000000902134,37.46808742,126.9253067
202432000000901078,37.47589054,126.9406859
202432000000901274,37.4626973,126.948546
202432000000902069,37.48360938,126.9348773
202432000000901431,37.4769122,126.9355224
202432000000901118,37.47695176,126.9493817
202432000000902195,37.4857,126.9089
202432000000901518,37.49122474,126.9339517
202432000000901099,37.47545839,126.9256939
202432000000901522,37.4741242,126.9334793
202432000000901383,37.48407466,126.9480838
202432000000902067,37.48170927,126.924891
202432000000902121,37.47040599,126.9679281
202432000000901221,37.46644889,126.9218573
202432000000901143,37.48929225,126.938343
202432000000901080,37.47587787,126.9535853
202432000000901712,37.4922315,126.9462512
202432000000901551,37.4755418,126.9655951
202432000000901376,37.48268497,126.9245925
202432000000901167,37.47472773,126.9493561
202432000000902188,37.4732,126.964
202432000000901462,37.47241048,126.9710036
202432000000902232,37.477831,126.918129
202432000000901397,37.47207427,126.9224486
202432000000902202,37.48001419,126.9145619
202432000000901378,37.47000023,126.9200052
202432000000901916,37.4862,126.9321
202432000000901947,37.48692296,126.9148375
202432000000901998,37.46648006,126.9221184
202432000000901586,37.48415286,126.9415306
202432000000902288,37.4787661,126.9197917
202432000000901442,37.48837014,126.953886
202432000000901767,37.47298951,126.9341507
202432000000902023,37.4692441,126.9680895
202432000000902211,37.463545,126.914025
202432000000901592,37.46262094,126.9306214
202432000000902128,37.46675849,126.9215116
202432000000901928,37.48453717,126.9564715
202432000000901578,37.48078001,126.9393039
202432000000901293,37.47869066,126.9413912
202432000000901721,37.48399683,126.9102134
202432000000901384,37.46627057,126.9307058
202432000000901566,37.47725749,126.9636574
202432000000901892,37.48700469,126.9342989
202432000000901591,37.47967116,126.9143066
202432000000901572,37.4721608,126.9210641
202432000000901964,37.48989387,126.9401342
202432000000902339,37.464211,126.927897
202432000000902118,37.48435597,126.9593638
202432000000901210,37.46319264,126.9337484
202432000000902140,37.47617923,126.9178644
202432000000901546,37.47918293,126.9294893
202432000000901778,37.48827878,126.9337331
202432000000901726,37.47845481,126.9621065
202432000000901734,37.48841505,126.9568683
202432000000901576,37.47373174,126.9176596
202432000000902310,37.4720199,126.9610222
202432000000901301,37.4744072,126.970993
202432000000901243,37.45886082,126.917401
202432000000901236,37.48116875,126.9413438
202432000000901859,37.48305727,126.9034674
202432000000901623,37.48279819,126.9024238
202432000000902327,37.480965,126.935465
202432000000901614,37.47685179,126.9541832
202432000000902173,37.47611496,126.9629702
202432000000902176,37.47177607,126.935704
202432000000902245,37.48179,126.9031
202432000000902299,37.4613,126.9157
202432000000901904,37.48729242,126.9407716
202432000000901232,37.49195145,126.9414535
202432000000901689,37.46930488,126.9231039
202432000000901756,37.48330364,126.9090543
202432000000901796,37.47123534,126.9419141
202432000000901996,37.46992438,126.9291751
202432000000901447,37.48299627,126.9172314
202432000000901358,37.48090683,126.9405995
202432000000901724,37.47751689,126.948689
202432000000901909,37.4852,126.9323
202432000000901652,37.47912447,126.9536143
202432000000901794,37.4673888,126.9216688
202432000000901881,37.49137568,126.928019
202432000000901366,37.4838374,126.9497961
202432000000901205,37.48019649,126.9141403
202432000000902109,37.48874742,126.9362678
202432000000901477,37.47660905,126.9469109
202432000000901955,37.48840273,126.9377754
202432000000901402,37.46316475,126.9185246
202432000000901843,37.48727798,126.9582062
202432000000901795,37.47679293,126.939913
202432000000902219,37.4641444,126.9380857
202432000000901580,37.47895288,126.9443918
202432000000902046,37.48979871,126.9479145
202432000000901570,37.4756357,126.9253873
202432000000902170,37.48689557,126.9412434
202432000000901997,37.47609541,126.9192336
202432000000901092,37.4729871,126.9802197
202432000000901340,37.48125077,126.9553048
202432000000902209,37.465539,126.91694
202432000000901514,37.4752664,126.9166635
202432000000901802,37.49299991,126.9342896
202432000000901727,37.48226788,126.9546551
202432000000901720,37.48342517,126.9126677
202432000000901779,37.48229617,126.9080761
202432000000901315,37.48008749,126.9438852
202432000000901494,37.46893255,126.9289616
202432000000901445,37.48879234,126.9224192
202432000000901465,37.47486453,126.9700117
202432000000901360,37.46846593,126.939634
202432000000901837,37.47230148,126.9228058
202432000000902280,37.46809,126.926705
202432000000901658,37.47476961,126.9777135
202432000000901567,37.4829696,126.9588399
202432000000901538,37.4874237,126.9280141
202432000000901471,37.48233475,126.9525823
202432000000902262,37.4676,126.9772
202432000000901109,37.47348909,126.9641343
202432000000901310,37.46224215,126.918789
202432000000901599,37.48677427,126.9394212
202432000000901583,37.47512445,126.9430545
202432000000901529,37.48314958,126.9341861
202432000000901197,37.46786242,126.940353
202432000000901678,37.47259693,126.9374811
202432000000902266,37.46918,126.96458
202432000000902040,37.49146792,126.9591635
202432000000901421,37.49088397,126.9281331
202432000000901186,37.49119516,126.9535998
202432000000902096,37.47092483,126.9188324
202432000000902143,37.48996532,126.9293563
202432000000901145,37.48430156,126.9481866
202432000000901969,37.48247876,126.9370189
202432000000901517,37.48934417,126.9287941
202432000000901380,37.47923089,126.9270186
202432000000901699,37.46973925,126.9428953
202432000000901736,37.48676635,126.9619035
202432000000901102,37.47464617,126.9637102
202432000000901429,37.47144923,126.9312522
202432000000901838,37.47502136,126.9216614
202432000000901395,37.47570943,126.9242106
202432000000901347,37.48909092,126.9486234
202432000000902002,37.48303908,126.9250631
202432000000902078,37.4775993,126.9470613
202432000000902005,37.4798149,126.9138677
202432000000901096,37.47395933,126.9673659
202432000000902076,37.47976482,126.9473846
202432000000901545,37.47885657,126.9312889
202432000000902126,37.47812203,126.920264
202432000000902274,37.47514,126.95114
202432000000901986,37.46773672,126.9356497
202432000000901975,37.48541583,126.9303277
202432000000901444,37.48798077,126.9257294
202432000000901531,37.47816311,126.9360057
202432000000901211,37.47782433,126.9553575
202432000000902136,37.46046751,126.9297764
202432000000901432,37.47598183,126.9387483
202432000000902253,37.47324955,126.9596904
202432000000902083,37.46766502,126.9325107
202432000000901284,37.45731983,126.9332461
202432000000901972,37.47539062,126.9606594
202432000000901314,37.48773425,126.9301319
202432000000901448,37.48817468,126.9191053
202432000000901866,37.4740396,126.9177222
202432000000901201,37.48190677,126.9028852
202432000000902037,37.49052245,126.941394
202432000000902324,37.4933813,126.9469907
202432000000901608,37.48318082,126.9554146
202432000000901641,37.49262464,126.9337746
202432000000901370,37.47496388,126.9734786
202432000000901515,37.47205281,126.911027
202432000000901888,37.48146137,126.9192542
202432000000901345,37.48260267,126.9464869
202432000000901405,37.47450691,126.9723734
202432000000902075,37.47338766,126.9687789
202432000000901938,37.48683887,126.9540128
202432000000902220,37.4639638,126.938685
202432000000902197,37.46887,126.9515
202432000000901224,37.47521586,126.9708827
202432000000901900,37.48729242,126.9407716
202432000000901304,37.47116341,126.9574623
202432000000901948,37.48168211,126.9033374
202432000000901811,37.47153462,126.968299
202432000000902116,37.48844009,126.9581087
202432000000901286,37.46345765,126.9333903
202432000000902241,37.47682,126.9333
202432000000901089,37.47624854,126.9194839
202432000000901647,37.48339592,126.9494041
202432000000902182,37.46815615,126.9693536
202432000000901822,37.47013684,126.9216373
202432000000901635,37.47093024,126.9407689
202432000000901945,37.47631222,126.9324809
202432000000902077,37.47895228,126.9492513
202432000000901943,37.47722755,126.9572096
202432000000902281,37.467804,126.927123
202432000000902133,37.46947982,126.9294874
202432000000901620,37.48490452,126.9334707
202432000000901443,37.49221813,126.9489399
202432000000901227,37.45471388,126.948143
202432000000901308,37.48309304,126.9603431
202432000000901970,37.47888195,126.9473049
202432000000902089,37.47077467,126.9291841
202432000000902179,37.48503004,126.9483179
202432000000901793,37.48764276,126.916073
202432000000901313,37.46363072,126.947609
202432000000902186,37.4749,126.9633
202432000000902098,37.47653614,126.9167607
202432000000901814,37.48285192,126.911311
202432000000902308,37.474059,126.9491416
202432000000901749,37.47288435,126.9622768
202432000000901487,37.47844302,126.9645338
202432000000902264,37.47252,126.96323
202432000000902258,37.4718,126.9751
202432000000901617,37.46874607,126.96899
202432000000901406,37.4716712,126.9729274
202432000000901918,37.4836,126.9416
202432000000901833,37.47276688,126.967514
202432000000902314,37.4904306,126.9405803
202432000000901668,37.46963916,126.9247846
202432000000901593,37.47607086,126.9373497
202432000000901717,37.47079653,126.9688873
202432000000902020,37.47312202,126.9732912
202432000000901281,37.48495032,126.9069377
202432000000901667,37.47511671,126.9205265
202432000000901966,37.48375179,126.9485466
202432000000902304,37.4742741,126.9306542
202432000000902198,37.48274705,126.932607
202432000000901952,37.47414354,126.9240184
202432000000902042,37.48667149,126.9551732
202432000000901325,37.48465802,126.9473251
202432000000902151,37.48453311,126.9487292
202432000000901355,37.47404896,126.9645824
202432000000902071,37.47895601,126.9347933
202432000000901651,37.47807099,126.9534766
202432000000901829,37.48774719,126.9272308
202432000000902291,37.4677538,126.9253655
202432000000901705,37.47041421,126.9291216
202432000000902087,37.4679445,126.9296974
202432000000901849,37.46347427,126.919426
202432000000901237,37.47893843,126.9390237
202432000000901438,37.479091,126.9324208
202432000000901738,37.48943309,126.931042
202432000000902217,37.4675731,126.940132
202432000000901484,37.48192982,126.9590258
202432000000901306,37.47062206,126.9592582
202432000000902011,37.48970274,126.9252838
202432000000902270,37.47497,126.97103
202432000000902125,37.4814599,126.9014062
202432000000901643,37.48609363,126.9441028
202432000000901628,37.46731997,126.9224643
202432000000901259,37.4807547,126.9356599
202432000000901597,37.4708698,126.9700768
202432000000902247,37.47589277,126.9562422
202432000000902222,37.4613119,126.9374157
202432000000901622,37.48328623,126.9215248
202432000000902038,37.49087738,126.9425663
202432000000902259,37.4713,126.9757
202432000000901558,37.48349531,126.9541187
202432000000901166,37.49312281,126.9453076
202432000000901235,37.48147121,126.9366716
202432000000902119,37.48066722,126.947548
202432000000901642,37.48425361,126.9442456
202432000000901136,37.46663318,126.9140531
202432000000902356,37.4667286,126.9478205
202432000000901267,37.48624049,126.9152719
202432000000901960,37.48523353,126.9440941
202432000000902110,37.48940098,126.9223906
202432000000902294,37.457234,126.919545
202432000000901694,37.46118385,126.9222496
202432000000901253,37.47525139,126.9764479
202432000000902320,37.4915248,126.9399307
202432000000901173,37.4746172,126.9766191
202432000000901713,37.48773553,126.9294734
202432000000901704,37.48699122,126.9365724
202432000000901813,37.4866277,126.9238181
202432000000901903,37.48729242,126.9407716
202432000000901354,37.47780671,126.9511981
202432000000902231,37.4768,126.9264
202432000000901700,37.46995441,126.9337549
202432000000901683,37.46605637,126.9400399
202432000000901825,37.4683478,126.9240475
202432000000901977,37.48206603,126.9094089
202432000000902323,37.4912303,126.9344591
202432000000901987,37.48436298,126.9260259
202432000000901394,37.47492625,126.9228073
202432000000901861,37.48041111,126.9503931
202432000000901188,37.46414404,126.9353063
202432000000901324,37.47427683,126.9753763
202432000000902058,37.48446683,126.9201207
202432000000902249,37.4717291,126.9577466
202432000000901377,37.47087898,126.9199365
202432000000901797,37.47355374,126.9328141
202432000000902019,37.47089746,126.9735051
202432000000901939,37.48359202,126.9520502
202432000000902154,37.48084915,126.9570675
202432000000902312,37.49260775,126.9351218
202432000000901745,37.48019016,126.9602058
202432000000901919,37.4741,126.9701
202432000000901280,37.48481985,126.905947
202432000000902238,37.470986,126.911561
202432000000901604,37.48714659,126.9568845
202432000000901309,37.47196576,126.9594517
202432000000901674,37.47824964,126.9313979
202432000000902285,37.465469,126.933964
202432000000901261,37.46136106,126.924922
202432000000902174,37.48078635,126.9125927
202432000000901163,37.48021998,126.9158269
202432000000902112,37.48568238,126.9265036
202432000000901612,37.48126706,126.9462144
202432000000901268,37.47524952,126.9427937
202432000000902353,37.4735,126.9792
202432000000901878,37.47075688,126.9312121
202432000000902022,37.47244998,126.9706667
202432000000901229,37.49365953,126.9483376
202432000000902344,37.4679214,126.913988
202432000000902138,37.48890534,126.9474286
202432000000902166,37.48755627,126.9471583
202432000000901106,37.46921408,126.9646514
202432000000901478,37.48048661,126.944654
202432000000901868,37.47590821,126.9279411
202432000000901660,37.48646785,126.9228296
202432000000901978,37.47812298,126.9143411
202432000000902276,37.47523,126.95165
202432000000902333,37.479683,126.9183
202432000000901985,37.46526724,126.9300761
202432000000901615,37.48038786,126.9532771
202432000000901961,37.48180511,126.9385332
202432000000901216,37.47393166,126.9599771
202432000000902072,37.47830482,126.9385719
202432000000901372,37.48229224,126.9020237
202432000000901178,37.48232389,126.9133282
202432000000901488,37.4767182,126.9664007
202432000000901930,37.48879605,126.9206483
202432000000901883,37.47518045,126.9395858
202432000000901341,37.4817577,126.9564021
202432000000902255,37.471,126.9724
202432000000901162,37.48097851,126.916495
202432000000901941,37.47755847,126.9655886
202432000000901199,37.47768841,126.9188197
202432000000901911,37.4673,126.9363
202432000000902107,37.48552715,126.9421132
202432000000901993,37.48003634,126.9605708
202432000000902305,37.45629826,126.931563
202432000000902030,37.48709828,126.9234354
202432000000901708,37.47556172,126.9394283
202432000000901307,37.47048944,126.9256394
202432000000901483,37.48185647,126.9579698
202432000000901123,37.48838569,126.9429586
202432000000901413,37.46753497,126.9376382
202432000000902045,37.48633922,126.9485094
202432000000901912,37.4669,126.9336
202432000000901219,37.46749117,126.9342243
202432000000901459,37.48433922,126.9398056
202432000000901392,37.47638763,126.9561337
202432000000901886,37.49036939,126.9293089
202432000000901110,37.47447325,126.9611728
202432000000901160,37.45641695,126.9461288
202432000000901569,37.47614513,126.9691611
202432000000901703,37.48784268,126.93422
202432000000901963,37.49021815,126.9329143
202432000000901391,37.47841637,126.9543908
202432000000901690,37.47332862,126.9193595
202432000000902316,37.4912328,126.9400938
202432000000901798,37.4713587,126.9340415
202432000000901832,37.47838211,126.9639206
202432000000902165,37.48746765,126.936214
202432000000901585,37.47737694,126.953519
202432000000901862,37.47878803,126.9417374
202432000000901485,37.48070962,126.9594792
202432000000901321,37.46038014,126.9207484
202432000000902248,37.475955,126.958139
202432000000902269,37.46865,126.97018
202432000000901579,37.47922064,126.9392203
202432000000901940,37.467413,126.9342957
202432000000901981,37.46230408,126.9163331
202432000000901733,37.4722574,126.9355812
202432000000901709,37.47396367,126.9399905
202432000000901534,37.48243252,126.9321398
202432000000901858,37.481836,126.9108252
202432000000901135,37.46879472,126.9130441
202432000000901823,37.46950024,126.9224761
202432000000901271,37.47627275,126.9807871
202432000000902345,37.463779,126.933515
202432000000901150,37.47969721,126.9372032
202432000000902010,37.48391254,126.9255865
202432000000901980,37.47435415,126.9200951
202432000000901181,37.46302346,126.9151922
202432000000902347,37.464329,126.938518
202432000000901499,37.4785555,126.9351641
202432000000901679,37.47262239,126.9367627
202432000000901264,37.45685298,126.9295683
202432000000901297,37.48623304,126.9358387
202432000000902035,37.48801691,126.9350378
202432000000901434,37.47462974,126.9418547
202432000000902104,37.4748331,126.9407955
202432000000902190,37.47597,126.9595
202432000000901206,37.47403416,126.9152504
202432000000901247,37.46831315,126.9638012
202432000000902277,37.46773642,126.9468384
202432000000902317,37.4912328,126.9400066
202432000000901329,37.47501374,126.9751543
202432000000901412,37.46889528,126.9420767
202432000000902100,37.47633976,126.9279035
202432000000902212,37.463472,126.914021
202432000000901777,37.4893229,126.9365235
202432000000901153,37.47369949,126.9326583
202432000000901112,37.48507241,126.9204881
202432000000901416,37.47379633,126.9169141
202432000000902236,37.468198,126.913792
202432000000902265,37.47209,126.96445
202432000000902111,37.48886613,126.9254761
202432000000901669,37.46858182,126.9212556
202532100000900007,37.482122,126.996907
202532100000900006,37.476677,126.982532
202232100000900022,37.50435,127.02231
202532100000900002,37.477524,126.985384
202232100000900002,37.48201,126.98502
202532100000900013,37.500617,127.025553
202232100000900010,37.47492,127.04482
202532100000900014,37.50033,127.024653
202032100000900006,37.48242,126.98335
202232100000900009,37.50461,127.01962
202232100000900012,37.4696,127.0452
202232100000900008,37.4826,126.99557
202232100000900013,37.47366,127.04412
202532100000900012,37.501447,127.024539
202032100000900005,37.48399,126.9838
202532100000900016,37.499687,127.025932
202532100000900009,37.503597,127.022671
202232100000900003,37.47384,127.04157
202032100000900002,37.4899,127.01067
202232100000900020,37.48242,126.98335
202232100000900005,37.4696,127.0452
202532100000900010,37.502391,127.02366
202232100000900018,37.48287,127.00912
202232100000900015,37.48201,126.98502
202032100000900008,37.48287,127.00912
202532100000900015,37.499711,127.022893
202232100000900019,37.48168,127.00865
202532100000900001,37.477969,126.983771
202232100000900004,37.47366,127.04412
202032100000900003,37.47507,127.00067
202532100000900005,37.476677,126.983972
202232100000900001,37.46613,127.02024
202232100000900023,37.47507,127.00067
202232100000900024,37.4899,127.01067
202532100000900003,37.476911,126.985643
202232100000900011,37.48947,126.99529
202032100000900004,37.50435,127.02231
202032100000900001,37.51223,127.04867
202532100000900018,37.498036,127.026492
202532100000900004,37.47618,126.985144
202232100000900006,37.48947,126.99529
202232100000900021,37.48399,126.9838
202232100000900025,37.51223,127.04867
202532100000900017,37.499265,127.025677
202032100000900007,37.48168,127.00865
202032100000900009,37.48275,127.00854
202532100000900008,37.483115,126.995384
202232100000900007,37.47492,127.04482
202232100000900016,37.46613,127.02024
202232100000900017,37.48275,127.00854
202232100000900014,37.47384,127.04157
202532100000900011,37.501982,127.024457
202532200000900531,37.49417,127.063
202532200000900514,37.49677,127.0565
202532200000901207,37.52828,127.0331
202532200000901347,37.50575,127.0364
202532200000900407,37.51625,127.0315
202532200000901150,37.51911,127.0215
202532200000901493,37.49686,127.0429
202532200000901165,37.5199,127.0238
202532200000901707,37.5255,127.0515
202532200000901031,37.46736,127.1001
202532200000900220,37.47727,127.0509
202532200000901369,37.494,127.0356
202532200000901019,37.47288,127.1001
202532200000901519,37.49362,127.0862
202532200000900326,37.51481,127.027
202532200000901353,37.50218,127.027
202532200000901246,37.52694,127.0399
202532200000901175,37.51855,127.0201
202532200000900870,37.51565,127.0584
202532200000900877,37.50846,127.0582
202532200000901097,37.49252,127.0955
202532200000901530,37.4929,127.0867
202532200000900966,37.4677,127.1001
202532200000900201,37.4852,127.0754
202532200000901344,37.50453,127.0343
202532200000900355,37.5066,127.031
202532200000901539,37.49077,127.0837
202532200000900286,37.51401,127.0216
202532200000900803,37.51575,127.0524
202532200000900463,37.5193,127.0317
202532200000901607,37.51595,127.0365
202532200000901478,37.49772,127.0486
202532200000900023,37.48413,127.0683
202532200000901163,37.52076,127.0204
202532200000900436,37.51081,127.0346
202532200000900863,37.50783,127.0577
202532200000901094,37.48703,127.1029
202532200000900619,37.50226,127.0539
202532200000900034,37.48392,127.0592
202532200000900125,37.48083,127.048
202532200000900965,37.46445,127.1064
202532200000901636,37.52165,127.0505
202532200000901363,37.5008,127.0289
202532200000900923,37.5166,127.0459
202532200000901644,37.52488,127.0459
202532200000900992,37.47207,127.1048
202532200000900662,37.50336,127.0532
202532200000900464,37.52176,127.0375
202532200000900101,37.49237,127.0742
202532200000900719,37.4872,127.0336
202532200000900779,37.49011,127.0531
202532200000901145,37.52512,127.0258
202532200000900052,37.48374,127.0642
202532200000900740,37.48715,127.0437
202532200000900014,37.48552,127.0573
202532200000900148,37.47966,127.0502
202532200000901010,37.4737,127.1121
202532200000900273,37.48952,127.0361
202532200000900679,37.5014,127.0511
202532200000900643,37.50236,127.0525
202532200000901239,37.52976,127.0439
202532200000900442,37.51456,127.0374
202532200000900575,37.49366,127.0639
202532200000900563,37.49286,127.0643
202532200000901322,37.49213,127.0382
202532200000901251,37.52689,127.0292
202532200000901032,37.46953,127.0909
202532200000900973,37.46219,127.1073
202532200000901234,37.52895,127.0368
202532200000900735,37.4936,127.0468
202532200000900602,37.5018,127.0632
202532200000900827,37.51815,127.0557
202532200000901230,37.53273,127.0294
202532200000900252,37.49612,127.0757
202532200000901044,37.48063,127.103
202532200000900185,37.47952,127.0513
202532200000900112,37.47439,127.0521
202532200000901159,37.52865,127.0226
202532200000900628,37.49953,127.0581
202532200000901476,37.49576,127.0407
202532200000901083,37.48633,127.1076
202532200000900934,37.51335,127.0464
202532200000901201,37.52165,127.0292
202532200000901404,37.49476,127.0321
202532200000901215,37.52256,127.0341
202532200000901456,37.50004,127.0492
202532200000900399,37.51769,127.04
202532200000900736,37.48651,127.0359
202532200000900814,37.51654,127.066
202532200000900561,37.49835,127.0681
202532200000900187,37.47713,127.0496
202532200000901210,37.52365,127.0305
202532200000900297,37.50677,127.0285
202532200000900875,37.5185,127.0528
202532200000901691,37.51936,127.0449
202532200000901124,37.51701,127.0201
202532200000900787,37.50322,127.0446
202532200000900842,37.51668,127.0651
202532200000901682,37.52039,127.0551
202532200000900470,37.51119,127.0338
202532200000900765,37.4824,127.0455
202532200000900268,37.52113,127.0529
202532200000900887,37.51555,127.0503
202532200000900848,37.51563,127.0537
202532200000900432,37.5103,127.041
202532200000900425,37.51549,127.0406
202532200000900288,37.51762,127.0276
202532200000901233,37.53181,127.0364
202532200000901362,37.49672,127.0311
202532200000901615,37.52196,127.0452
202532200000901240,37.52702,127.0308
202532200000900754,37.48326,127.0474
202532200000901430,37.49567,127.036
202532200000900103,37.49502,127.0789
202532200000901577,37.4852,127.093
202532200000900569,37.50236,127.0637
202532200000901640,37.52628,127.0434
202532200000900132,37.47287,127.0513
202532200000900844,37.51546,127.0609
202532200000901334,37.5024,127.028
202532200000900922,37.51341,127.0436
202532200000900708,37.49273,127.0444
202532200000900698,37.48702,127.0347
202532200000900767,37.49094,127.0487
202532200000901590,37.48103,127.0771
202532200000900496,37.51659,127.0301
202532200000901645,37.52725,127.0456
202532200000901527,37.49161,127.0832
202532200000901121,37.5241,127.0261
202532200000900419,37.5118,127.0335
202532200000901652,37.52622,127.0472
202532200000900077,37.48836,127.0739
202532200000900512,37.49339,127.0568
202532200000900532,37.49862,127.0606
202532200000900123,37.47908,127.0481
202532200000901069,37.48495,127.0978
202532200000900917,37.51125,127.0511
202532200000900677,37.50016,127.0541
202532200000900272,37.48926,127.0353
202532200000900921,37.51563,127.0443
202532200000900022,37.48615,127.0678
202532200000900570,37.50052,127.0631
202532200000900909,37.51144,127.0498
202532200000901668,37.52236,127.0438
202532200000901299,37.50496,127.0407
202532200000900893,37.51308,127.0458
202532200000901446,37.50219,127.0264
202532200000900632,37.49864,127.0556
202532200000900526,37.48953,127.0563
202532200000900427,37.51317,127.0405
202532200000900919,37.51725,127.0482
202532200000901494,37.49854,127.0408
202532200000900603,37.50319,127.0629
202532200000900203,37.48068,127.0797
202532200000900811,37.51781,127.0617
202532200000901244,37.52641,127.0315
202532200000900228,37.48085,127.0758
202532200000900868,37.51822,127.061
202532200000900262,37.48275,127.0764
202532200000900689,37.49093,127.0382
202532200000901599,37.48091,127.0883
202532200000901415,37.50542,127.0307
202532200000900164,37.47744,127.0466
202532200000900036,37.48316,127.0698
202532200000900640,37.50388,127.0551
202532200000900761,37.4849,127.0466
202532200000901024,37.47273,127.1086
202532200000900517,37.49784,127.0596
202532200000900191,37.4772,127.0487
202532200000901283,37.49833,127.0378
202532200000900562,37.49908,127.0723
202532200000901628,37.51798,127.042
202532200000901242,37.5315,127.0379
202532200000901108,37.48817,127.1023
202532200000901152,37.51989,127.0211
202532200000901020,37.47326,127.0982
202532200000901452,37.49327,127.031
202532200000900229,37.47789,127.0757
202532200000901284,37.50573,127.0442
202532200000900127,37.47691,127.0475
202532200000901597,37.48429,127.0797
202532200000901192,37.52198,127.0243
202532200000901543,37.49196,127.0859
202532200000900768,37.48575,127.0454
202532200000901115,37.48302,127.1067
202532200000900269,37.52201,127.0526
202532200000900351,37.51303,127.0212
202532200000901316,37.49568,127.0343
202532200000901095,37.48588,127.1062
202532200000901610,37.5213,127.048
202532200000901178,37.51995,127.0273
202532200000900535,37.49637,127.0599
202532200000901525,37.49058,127.0818
202532200000901006,37.47635,127.1103
202532200000900178,37.47289,127.0522
202532200000900589,37.49571,127.0696
202532200000900862,37.50868,127.0566
202532200000901113,37.4824,127.0962
202532200000901080,37.48949,127.0996
202532200000901360,37.50385,127.037
202532200000901075,37.49072,127.1039
202532200000901318,37.49257,127.037
202532200000901677,37.5277,127.0499
202532200000900745,37.48489,127.0423
202532200000900283,37.51735,127.0246
202532200000900969,37.47547,127.104
202532200000901506,37.49924,127.0471
202532200000901349,37.50552,127.0429
202532200000900766,37.48504,127.0455
202532200000900880,37.51824,127.0515
202532200000900933,37.51219,127.0451
202532200000901317,37.49413,127.0363
202532200000900680,37.50427,127.0537
202532200000900993,37.46313,127.101
202532200000901664,37.5223,127.0442
202532200000901690,37.52596,127.0452
202532200000900334,37.51048,127.0291
202532200000900179,37.48132,127.0464
202532200000900360,37.51572,127.0205
202532200000900853,37.51731,127.0605
202532200000900744,37.48354,127.0436
202532200000901209,37.5259,127.0325
202532200000901053,37.46286,127.102
202532200000901320,37.49234,127.039
202532200000900666,37.50185,127.0569
202532200000901183,37.52292,127.0213
202532200000900244,37.47275,127.0979
202532200000901171,37.52407,127.0266
202532200000901698,37.52502,127.0436
202532200000900622,37.50067,127.0576
202532200000900883,37.50555,127.0486
202532200000900328,37.5115,127.0283
202532200000901039,37.46838,127.0961
202532200000900657,37.50346,127.0573
202532200000900134,37.47682,127.0506
202532200000901057,37.4733,127.1124
202532200000900071,37.48679,127.0698
202532200000901708,37.52091,127.045
202532200000900315,37.50828,127.0305
202532200000900487,37.51832,127.0296
202532200000900613,37.50438,127.0545
202532200000901237,37.52123,127.03
202532200000900073,37.4863,127.0701
202532200000901112,37.48235,127.0953
202532200000901460,37.49751,127.0407
202532200000900075,37.48667,127.0714
202532200000900747,37.48494,127.0446
202532200000900940,37.50636,127.0525
202532200000900631,37.49889,127.0585
202532200000900049,37.48819,127.0667
202532200000901521,37.49196,127.0866
202532200000901070,37.48529,127.0991
202532200000900515,37.49583,127.057
202532200000901219,37.52717,127.0368
202532200000900476,37.51837,127.0308
202532200000900953,37.51853,127.0495
202532200000901142,37.52124,127.0207
202532200000900062,37.48341,127.0626
202532200000900310,37.51048,127.0314
202532200000900620,37.50224,127.0583
202532200000900045,37.48669,127.0596
202532200000900353,37.51091,127.0284
202532200000901625,37.51993,127.0493
202532200000900029,37.49014,127.0709
202532200000901507,37.49567,127.0441
202532200000900605,37.50063,127.0626
202532200000901474,37.49463,127.0454
202532200000900299,37.51127,127.0256
202532200000900951,37.51356,127.0505
202532200000901182,37.51833,127.0233
202532200000901621,37.52037,127.0446
202532200000900008,37.48227,127.0534
202532200000900737,37.4895,127.0383
202532200000901661,37.52029,127.0436
202532200000900812,37.51841,127.0629
202532200000900341,37.50912,127.0315
202532200000900878,37.51715,127.0628
202532200000900775,37.48409,127.0458
202532200000901412,37.50091,127.0345
202532200000900752,37.48245,127.0448
202532200000901025,37.47133,127.1081
202532200000900998,37.48142,127.1033
202532200000900938,37.51252,127.0485
202532200000900654,37.5008,127.056
202532200000900518,37.49711,127.0593
202532200000900031,37.48902,127.0678
202532200000900344,37.50906,127.0307
202532200000900556,37.50196,127.0654
202532200000901350,37.50689,127.0463
202532200000900264,37.48972,127.0652
202532200000901425,37.50589,127.0374
202532200000901588,37.48422,127.0944
202532200000901134,37.52025,127.0236
202532200000900670,37.49906,127.0569
202532200000900369,37.50775,127.0248
202532200000901619,37.52177,127.042
202532200000900473,37.5124,127.0325
202532200000900591,37.50498,127.0669
202532200000900055,37.48274,127.0631
202532200000901451,37.49695,127.0283
202532200000900649,37.49913,127.059
202532200000901399,37.50321,127.0349
202532200000901046,37.46563,127.1088
202532200000901272,37.52534,127.037
202532200000901278,37.52441,127.0313
202532200000901408,37.50378,127.0326
202532200000901432,37.50044,127.0284
202532200000900935,37.51364,127.0496
202532200000900906,37.50694,127.0524
202532200000900381,37.51187,127.0278
202532200000900151,37.47893,127.0555
202532200000900516,37.49755,127.0605
202532200000900118,37.47625,127.049
202532200000901325,37.49637,127.0333
202532200000900122,37.48044,127.0473
202532200000901035,37.47291,127.0966
202532200000900060,37.48847,127.0632
202532200000900337,37.51056,127.0296
202532200000900786,37.50143,127.0384
202532200000901149,37.5199,127.0262
202532200000900739,37.49064,127.0371
202532200000901523,37.49202,127.0845
202532200000900446,37.5128,127.0401
202532200000901081,37.48641,127.0995
202532200000901238,37.52543,127.0362
202532200000901034,37.47575,127.1048
202532200000900227,37.46402,127.0999
202532200000901511,37.50171,127.0453
202532200000901365,37.50713,127.0363
202532200000900065,37.48257,127.0622
202532200000900295,37.50786,127.0274
202532200000900712,37.49065,127.0382
202532200000900043,37.48829,127.0595
202532200000901158,37.5274,127.0217
202532200000900195,37.48219,127.0497
202532200000901454,37.49817,127.0484
202532200000901040,37.46782,127.0931
202532200000900398,37.51484,127.0287
202532200000901132,37.52165,127.0219
202532200000900003,37.48542,127.0561
202532200000900942,37.50964,127.0533
202532200000900616,37.5031,127.0526
202532200000900021,37.48889,127.0692
202532200000901058,37.4757,127.107
202532200000900579,37.50108,127.0633
202532200000901459,37.49826,127.0398
202532200000901405,37.50472,127.0365
202532200000900536,37.49376,127.0633
202532200000900860,37.50776,127.057
202532200000901128,37.52057,127.0212
202532200000901273,37.53228,127.0351
202532200000900597,37.50207,127.0705
202532200000900695,37.48945,127.0332
202532200000901497,37.49539,127.0434
202532200000901433,37.50248,127.0394
202532200000901489,37.49414,127.0443
202532200000901512,37.49585,127.0394
202532200000900773,37.48506,127.0441
202532200000900480,37.51887,127.0389
202532200000901355,37.50855,127.041
202532200000900756,37.49425,127.0537
202532200000900128,37.47968,127.0461
202532200000901261,37.52675,127.0389
202532200000900650,37.4976,127.0553
202532200000900733,37.48662,127.0433
202532200000900829,37.51745,127.0623
202532200000900143,37.47578,127.049
202532200000900042,37.48965,127.0671
202532200000900924,37.50902,127.0544
202532200000900006,37.48357,127.0569
202532200000900601,37.50157,127.0628
202532200000900126,37.4759,127.0536
202532200000900950,37.50922,127.0531
202532200000900548,37.50599,127.0626
202532200000900483,37.51792,127.0303
202532200000900925,37.51039,127.053
202532200000901699,37.52507,127.0527
202532200000900991,37.46303,127.1052
202532200000900437,37.516,127.04
202532200000900891,37.51276,127.0445
202532200000900096,37.49175,127.0732
202532200000901323,37.49686,127.0301
202532200000900359,37.51077,127.0308
202532200000900243,37.47293,127.0992
202532200000900984,37.47442,127.0997
202532200000901420,37.50365,127.0364
202532200000901545,37.49249,127.0855
202532200000900406,37.51829,127.0316
202532200000900914,37.50982,127.0525
202532200000901491,37.50263,127.0488
202532200000900714,37.4871,127.0355
202532200000900082,37.49607,127.0755
202532200000901547,37.49452,127.0834
202532200000900111,37.47332,127.0522
202532200000900193,37.48068,127.0509
202532200000900971,37.46663,127.1088
202532200000900422,37.50904,127.034
202532200000901603,37.4846,127.0845
202532200000900169,37.47794,127.0465
202532200000901361,37.50529,127.0456
202532200000900692,37.48651,127.0391
202532200000900074,37.48672,127.0713
202532200000901516,37.4941,127.0821
202532200000901375,37.49519,127.0337
202532200000901633,37.52368,127.0507
202532200000901050,37.4639,127.1015
202532200000900240,37.48325,127.0891
202532200000901526,37.49285,127.0816
202532200000901314,37.49469,127.0343
202532200000900676,37.5025,127.0545
202532200000900048,37.48858,127.0672
202532200000900952,37.51052,127.052
202532200000901310,37.4968,127.0347
202532200000900391,37.50989,127.0228
202532200000901585,37.4812,127.0778
202532200000900397,37.5182,127.0269
202532200000900963,37.51467,127.0508
202532200000900039,37.48738,127.0645
202532200000900683,37.48918,127.0399
202532200000901624,37.52038,127.0482
202532200000900004,37.47776,127.0578
202532200000901221,37.52365,127.0351
202532200000901267,37.52545,127.0384
202532200000901126,37.52106,127.0194
202532200000901346,37.50398,127.0334
202532200000900032,37.48675,127.0696
202532200000900546,37.49618,127.0698
202532200000900059,37.48374,127.0608
202532200000901370,37.50299,127.0267
202532200000900653,37.50377,127.0557
202532200000901119,37.48694,127.1013
202532200000900651,37.50387,127.0525
202532200000900417,37.51392,127.0333
202532200000900199,37.47402,127.0705
202532200000901629,37.51947,127.0413
202532200000900367,37.5138,127.0205
202532200000901274,37.53108,127.0249
202532200000900291,37.51063,127.0269
202532200000901586,37.48458,127.089
202532200000901622,37.51954,127.0445
202532200000900771,37.49586,127.0521
202532200000901213,37.52177,127.0314
202532200000900215,37.4914,127.0428
202532200000901601,37.48445,127.0834
202532200000901073,37.49164,127.1023
202532200000901572,37.48557,127.091
202532200000900141,37.47773,127.0452
202532200000901327,37.49491,127.0302
202532200000900158,37.47323,127.0503
202532200000901384,37.50687,127.0352
202532200000901448,37.50191,127.0354
202532200000901592,37.48137,127.0923
202532200000900796,37.51757,127.0511
202532200000900376,37.5101,127.0265
202532200000901131,37.52151,127.0213
202532200000901099,37.48773,127.1013
202532200000900426,37.51339,127.0363
202532200000900912,37.51105,127.0485
202532200000900192,37.4763,127.0527
202532200000900276,37.482,127.0824
202532200000901618,37.52224,127.0445
202532200000900145,37.47634,127.0496
202532200000900317,37.50613,127.0275
202532200000900323,37.51677,127.0272
202532200000901623,37.51916,127.0433
202532200000900612,37.5032,127.0564
202532200000900716,37.48865,127.0375
202532200000901514,37.49708,127.0398
202532200000901593,37.48865,127.0822
202532200000900352,37.51477,127.0209
202532200000900253,37.46718,127.0971
202532200000900608,37.50222,127.0615
202532200000900001,37.48125,127.0603
202532200000900551,37.50525,127.0592
202532200000901102,37.4911,127.0997
202532200000900350,37.51216,127.0272
202532200000900316,37.50759,127.0326
202532200000900104,37.4932,127.0777
202532200000900400,37.5109,127.033
202532200000901685,37.52306,127.0582
202532200000900375,37.51474,127.0212
202532200000900918,37.50995,127.046
202532200000900673,37.50128,127.0573
202532200000900318,37.50604,127.0259
202532200000901186,37.52019,127.0192
202532200000900385,37.50647,127.0287
202532200000901286,37.49896,127.0331
202532200000901646,37.52855,127.0461
202532200000900582,37.50689,127.062
202532200000900322,37.51086,127.0269
202532200000901029,37.4672,127.0984
202532200000901457,37.49985,127.0417
202532200000900774,37.49413,127.0471
202532200000900879,37.51576,127.0604
202532200000900884,37.5137,127.0478
202532200000901495,37.49957,127.0407
202532200000900869,37.51926,127.06
202532200000901184,37.52382,127.0231
202532200000900155,37.47631,127.0471
202532200000900409,37.52209,127.0385
202532200000901482,37.49467,127.0448
202532200000900656,37.49841,127.0547
202532200000900851,37.51767,127.0533
202532200000901174,37.52335,127.0224
202532200000901287,37.49927,127.0278
202532200000901578,37.48424,127.0893
202532200000900044,37.48357,127.0636
202532200000901342,37.50478,127.0468
202532200000901076,37.48652,127.1046
202532200000901125,37.51916,127.0194
202532200000901296,37.50504,127.0363
202532200000901185,37.52154,127.0227
202532200000900929,37.51069,127.0511
202532200000901338,37.50581,127.0383
202532200000900170,37.47635,127.0466
202532200000901098,37.4913,127.0989
202532200000900804,37.51483,127.0532
202532200000900007,37.4813,127.0539
202532200000900554,37.50391,127.0645
202532200000900088,37.49041,127.0771
202532200000901659,37.52758,127.044
202532200000900990,37.47494,127.0975
202532200000900982,37.482,127.1018
202532200000900121,37.47957,127.0464
202532200000900046,37.48381,127.0613
202532200000901472,37.49454,127.0427
202532200000900081,37.49469,127.0824
202532200000900183,37.47468,127.0502
202532200000900061,37.48651,127.059
202532200000900995,37.4605,127.1035
202532200000901558,37.4935,127.0844
202532200000900037,37.48896,127.0744
202532200000900574,37.50629,127.0602
202532200000901449,37.50345,127.038
202532200000901680,37.52674,127.0535
202532200000900633,37.49803,127.056
202532200000901438,37.50475,127.0432
202532200000901649,37.52717,127.0525
202532200000900245,37.47263,127.0963
202532200000900414,37.51727,127.0362
202532200000901653,37.52773,127.0467
202532200000900475,37.51667,127.033
202532200000900697,37.48671,127.0339
202532200000900153,37.47855,127.0514
202532200000900013,37.48029,127.0633
202532200000901635,37.5202,127.0503
202532200000900171,37.47586,127.0484
202532200000900267,37.52062,127.0525
202532200000901249,37.52271,127.0313
202532200000900974,37.4732,127.1078
202532200000900026,37.48274,127.0611
202532200000900874,37.51487,127.0556
202532200000900610,37.49982,127.0551
202532200000900366,37.50864,127.0228
202532200000900896,37.51411,127.0494
202532200000900596,37.50552,127.0575
202532200000900051,37.48842,127.0586
202532200000901196,37.52081,127.0228
202532200000900418,37.512,127.0334
202532200000900734,37.48818,127.0331
202532200000900595,37.50253,127.0624
202532200000901319,37.49396,127.0387
202532200000900124,37.48041,127.0489
202532200000900361,37.50986,127.0307
202532200000901181,37.52661,127.021
202532200000900247,37.4693,127.0927
202532200000901703,37.52614,127.0442
202532200000901218,37.52847,127.0339
202532200000901655,37.52558,127.0526
202532200000901096,37.49232,127.0943
202532200000900557,37.50279,127.0621
202532200000900135,37.47749,127.0509
202532200000901300,37.50907,127.0439
202532200000900198,37.47206,127.0526
202532200000901047,37.46631,127.1097
202532200000900324,37.5066,127.0262
202532200000901695,37.52616,127.0515
202532200000900465,37.52083,127.0367
202532200000900872,37.51591,127.0562
202532200000900362,37.5084,127.0291
202532200000901223,37.52638,127.0369
202532200000900897,37.51277,127.0509
202532200000901206,37.52888,127.0327
202532200000901594,37.48225,127.0892
202532200000900652,37.50111,127.0568
202532200000900769,37.48523,127.0476
202532200000900760,37.48216,127.0438
202532200000901710,37.523,127.0496
202532200000901402,37.49598,127.0356
202532200000900772,37.48313,127.048
202532200000901397,37.50372,127.0316
202532200000900750,37.48509,127.0464
202532200000901164,37.52,127.0252
202532200000901583,37.48563,127.0843
202532200000901091,37.48667,127.0999
202532200000900503,37.49612,127.0621
202532200000901146,37.52298,127.0276
202532200000901352,37.49451,127.0375
202532200000901263,37.52455,127.0299
202532200000901077,37.49071,127.0975
202532200000900232,37.4784,127.074
202532200000901416,37.50142,127.0296
202532200000901290,37.50222,127.0294
202532200000900856,37.51638,127.0636
202532200000901367,37.50593,127.0367
202532200000900660,37.4999,127.0513
202532200000900960,37.5118,127.0479
202532200000901435,37.50723,127.0342
202532200000901517,37.49298,127.0841
202532200000900221,37.47897,127.0522
202532200000901518,37.4948,127.0843
202532200000900196,37.48031,127.049
202532200000901293,37.50106,127.03
202532200000900364,37.51076,127.0223
202532200000900994,37.46242,127.1043
202532200000900338,37.5096,127.0314
202532200000900067,37.48192,127.0651
202532200000900113,37.47391,127.0498
202532200000900403,37.5135,127.0344
202532200000900576,37.50435,127.0589
202532200000901505,37.50166,127.0458
202532200000900949,37.51204,127.0493
202532200000900968,37.46712,127.0993
202532200000901471,37.4954,127.0451
202532200000900908,37.5109,127.0476
202532200000901667,37.51906,127.041
202532200000900850,37.51093,127.0555
202532200000900704,37.48574,127.0344
202532200000901443,37.5006,127.0336
202532200000900139,37.47505,127.0523
202532200000901484,37.49555,127.0437
202532200000901711,37.52228,127.052
202532200000901584,37.48004,127.0838
202532200000901579,37.48232,127.087
202532200000900217,37.49163,127.0446
202532200000900478,37.51147,127.0337
202532200000900175,37.47442,127.0515
202532200000901204,37.52553,127.0307
202532200000900504,37.48922,127.058
202532200000901639,37.52101,127.0473
202532200000900505,37.48964,127.0594
202532200000900213,37.48848,127.0424
202532200000900580,37.49995,127.0623
202532200000900346,37.51288,127.0242
202532200000901195,37.5212,127.0253
202532200000900084,37.48955,127.0773
202532200000900800,37.5179,127.053
202532200000901330,37.49085,127.0339
202532200000901135,37.52315,127.0253
202532200000900402,37.5094,127.0338
202532200000900293,37.5076,127.0259
202532200000900058,37.48734,127.0618
202532200000901377,37.49321,127.0394
202532200000901307,37.498,127.0335
202532200000900552,37.50396,127.059
202532200000900358,37.5125,127.0229
202532200000900431,37.51135,127.0393
202532200000901544,37.49079,127.0812
202532200000900833,37.51182,127.0552
202532200000900137,37.47901,127.0451
202532200000901388,37.49187,127.0373
202532200000900453,37.51156,127.039
202532200000900325,37.50942,127.0262
202532200000901555,37.49401,127.0867
202532200000901118,37.48439,127.1044
202532200000900646,37.49995,127.0586
202532200000900999,37.4672,127.0945
202532200000901686,37.52007,127.0524
202532200000901120,37.52263,127.0234
202532200000900347,37.50527,127.0249
202532200000901462,37.49718,127.0464
202532200000901055,37.4731,127.1064
202532200000900693,37.48599,127.038
202532200000900525,37.49769,127.0592
202532200000900598,37.50272,127.059
202532200000900489,37.50976,127.0356
202532200000901687,37.52093,127.0462
202532200000901187,37.52297,127.0183
202532200000900609,37.50349,127.0647
202532200000900907,37.51303,127.0486
202532200000900550,37.50404,127.0612
202532200000900261,37.51579,127.0374
202532200000900109,37.47428,127.0556
202532200000901066,37.4884,127.1035
202532200000901297,37.50259,127.0376
202532200000900242,37.47534,127.095
202532200000901612,37.52265,127.0467
202532200000900979,37.47032,127.105
202532200000900486,37.51023,127.0348
202532200000901254,37.52263,127.029
202532200000901072,37.4875,127.1054
202532200000901407,37.50527,127.0437
202532200000901509,37.49661,127.0449
202532200000900207,37.4795,127.0773
202532200000900258,37.47354,127.1001
202532200000901660,37.52289,127.0472
202532200000900672,37.50146,127.0538
202532200000900611,37.49763,127.0544
202532200000900237,37.49221,127.0508
202532200000901292,37.50295,127.031
202532200000900447,37.51407,127.0407
202532200000900699,37.48546,127.0362
202532200000901074,37.49018,127.1014
202532200000900823,37.50889,127.0573
202532200000900976,37.46908,127.1001
202532200000900889,37.51465,127.0458
202532200000901486,37.49621,127.0511
202532200000900583,37.50724,127.0649
202532200000900333,37.51178,127.0308
202532200000900363,37.51469,127.0202
202532200000901245,37.53273,127.0323
202532200000900177,37.47481,127.0543
202532200000900537,37.49684,127.0617
202532200000901333,37.50515,127.0294
202532200000900172,37.4745,127.049
202532200000900948,37.51346,127.0471
202532200000901410,37.50167,127.0272
202532200000900727,37.48567,127.0378
202532200000900012,37.48397,127.0573
202532200000901166,37.52019,127.0256
202532200000901122,37.52653,127.0205
202532200000901170,37.52084,127.025
202532200000900236,37.49802,127.0486
202532200000901100,37.4897,127.0986
202532200000900599,37.50463,127.061
202532200000901202,37.5221,127.0297
202532200000900903,37.50879,127.0537
202532200000901376,37.49396,127.0349
202532200000900017,37.48388,127.0599
202532200000900142,37.47853,127.0481
202532200000901488,37.49867,127.0412
202532200000900160,37.4741,127.051
202532200000900047,37.4862,127.0591
202532200000900108,37.48073,127.053
202532200000901663,37.51872,127.0487
202532200000901674,37.51888,127.0479
202532200000900472,37.51793,127.0392
202532200000901093,37.48874,127.1057
202532200000900885,37.51677,127.0425
202532200000900416,37.51669,127.0361
202532200000901429,37.49861,127.0371
202532200000900742,37.4886,127.0323
202532200000900785,37.49963,127.0338
202532200000901068,37.48577,127.0992
202532200000900573,37.49382,127.0713
202532200000900607,37.50173,127.062
202532200000900377,37.50765,127.0308
202532200000901694,37.52122,127.0469
202532200000900130,37.47479,127.0552
202532200000900458,37.51219,127.0393
202532200000901427,37.50208,127.0344
202532200000900312,37.50989,127.0279
202532200000900540,37.49506,127.0659
202532200000901419,37.50579,127.0404
202532200000900011,37.4858,127.0546
202532200000901463,37.49837,127.0513
202532200000901466,37.49623,127.0436
202532200000900443,37.51726,127.032
202532200000901107,37.48982,127.1048
202532200000901079,37.48756,127.0975
202532200000900741,37.4898,127.0374
202532200000900488,37.51379,127.031
202532200000900798,37.51881,127.0544
202532200000900501,37.5113,127.0373
202532200000901103,37.48379,127.0955
202532200000901673,37.52157,127.0432
202532200000900888,37.51555,127.0487
202532200000900238,37.49798,127.0481
202532200000900235,37.4988,127.0477
202532200000900831,37.5169,127.0616
202532200000901390,37.50116,127.0263
202532200000901533,37.49068,127.0882
202532200000900904,37.50784,127.0543
202532200000901301,37.50737,127.0451
202532200000900547,37.5071,127.0627
202532200000900732,37.49312,127.0453
202532200000900150,37.47418,127.0523
202532200000900507,37.49177,127.0642
202532200000901224,37.52783,127.0397
202532200000900280,37.493,127.0824
202532200000901011,37.46569,127.1092
202532200000900457,37.51877,127.032
202532200000900167,37.4734,127.053
202532200000900845,37.51767,127.061
202532200000900410,37.52122,127.0358
202532200000900342,37.51433,127.0294
202532200000900957,37.51017,127.0441
202532200000900592,37.50323,127.06
202532200000901236,37.53033,127.0416
202532200000901483,37.49562,127.0479
202532200000901414,37.50056,127.0323
202532200000900626,37.50057,127.0529
202532200000900420,37.51084,127.0331
202532200000901222,37.5247,127.0375
202532200000900444,37.51213,127.0375
202532200000900886,37.5167,127.0455
202532200000900184,37.4798,127.051
202532200000901372,37.49357,127.0375
202532200000900529,37.49242,127.0582
202532200000900780,37.48648,127.0528
202532200000900441,37.51218,127.0422
202532200000900947,37.51401,127.049
202532200000900080,37.49394,127.08
202532200000900867,37.51574,127.0642
202532200000901136,37.52385,127.0247
202532200000901379,37.49227,127.0332
202532200000901133,37.51865,127.0239
202532200000901364,37.50403,127.0281
202532200000900345,37.51527,127.0214
202532200000901004,37.46388,127.1069
202532200000900460,37.50982,127.035
202532200000901665,37.5222,127.0427
202532200000900078,37.48696,127.0747
202532200000900339,37.51148,127.0248
202532200000901336,37.50681,127.0371
202532200000900181,37.47869,127.049
202532200000900085,37.49208,127.0769
202532200000901252,37.52624,127.0346
202532200000900393,37.51088,127.0263
202532200000901199,37.52023,127.0291
202532200000900858,37.51829,127.0538
202532200000900329,37.50719,127.031
202532200000901141,37.52033,127.026
202532200000900119,37.47806,127.0473
202532200000900865,37.51152,127.0653
202532200000900216,37.49056,127.0446
202532200000900977,37.46872,127.1007
202532200000900284,37.51011,127.0235
202532200000901148,37.52209,127.0245
202532200000901657,37.52405,127.0561
202532200000900018,37.48457,127.06
202532200000901409,37.49238,127.0386
202532200000900659,37.49995,127.0532
202532200000900534,37.496,127.0616
202532200000900456,37.51887,127.0286
202532200000900931,37.51503,127.0486
202532200000901424,37.509,127.0427
202532200000901143,37.51941,127.0253
202532200000900964,37.50934,127.0443
202532200000901697,37.52724,127.0494
202532200000900254,37.46812,127.1004
202532200000901313,37.4964,127.0363
202532200000901205,37.52644,127.0299
202532200000900627,37.49996,127.0556
202532200000901243,37.52923,127.0355
202532200000900343,37.50871,127.0298
202532200000901470,37.49582,127.0448
202532200000901538,37.49187,127.0882
202532200000901522,37.49141,127.0857
202532200000900899,37.51172,127.0516
202532200000900560,37.49913,127.0637
202532200000900667,37.49912,127.056
202532200000901253,37.5234,127.0379
202532200000900690,37.49005,127.0352
202532200000900429,37.51082,127.0376
202532200000900394,37.50893,127.0321
202532200000901266,37.52733,127.0432
202532200000900937,37.51403,127.0438
202532200000900558,37.5011,127.0647
202532200000900259,37.48481,127.0849
202532200000901480,37.49752,127.0444
202532200000900383,37.508,127.0293
202532200000900404,37.52055,127.0377
202532200000900271,37.48624,127.0553
202532200000901383,37.50157,127.0343
202532200000901001,37.47089,127.0921
202532200000900778,37.49571,127.053
202532200000901197,37.51933,127.023
202532200000900401,37.51982,127.0334
202532200000901015,37.47415,127.1076
202532200000901515,37.49188,127.0823
202532200000901608,37.52298,127.0431
202532200000900392,37.51782,127.0257
202532200000901279,37.52935,127.0335
202532200000900140,37.475,127.0494
202532200000900214,37.48902,127.0417
202532200000901176,37.52015,127.0204
202532200000900915,37.51391,127.0455
202532200000901689,37.52496,127.0556
202532200000900711,37.48894,127.0472
202532200000900678,37.50252,127.0587
202532200000900614,37.50434,127.0561
202532200000901110,37.48114,127.0939
202532200000901553,37.4909,127.088
202532200000901428,37.50404,127.0327
202532200000901189,37.51972,127.0258
202532200000900818,37.51214,127.0559
202532200000900218,37.49177,127.0473
202532200000900691,37.48875,127.0383
202532200000901595,37.48544,127.0875
202532200000901298,37.50491,127.0393
202532200000900585,37.50586,127.0588
202532200000901294,37.50243,127.0342
202532200000900413,37.51868,127.0377
202532200000901054,37.4667,127.1018
202532200000900180,37.4795,127.0508
202532200000900946,37.51434,127.0502
202532200000900093,37.49765,127.0745
202532200000900257,37.49391,127.0323
202532200000900287,37.51577,127.0266
202532200000901598,37.48026,127.0916
202532200000900114,37.47529,127.0483
202532200000900433,37.52025,127.0397
202532200000901542,37.49194,127.0829
202532200000901582,37.48336,127.086
202532200000900285,37.50668,127.0247
202532200000901321,37.49271,127.0397
202532200000900223,37.47606,127.0556
202532200000900936,37.51425,127.0433
202532200000900776,37.49059,127.0505
202532200000900265,37.48985,127.066
202532200000901422,37.50144,127.0328
202532200000900722,37.48836,127.0402
202532200000900024,37.48498,127.0657
202532200000901265,37.5242,127.0359
202532200000900091,37.49337,127.0746
202532200000901315,37.49503,127.0357
202532200000900911,37.51437,127.044
202532200000901193,37.51776,127.0216
202532200000900630,37.49925,127.0575
202532200000900688,37.49013,127.0373
202532200000900495,37.5178,127.0326
202532200000901137,37.52319,127.0232
202532200000900117,37.47781,127.049
202532200000900050,37.48954,127.0678
202532200000901127,37.5181,127.0214
202532200000901501,37.49577,127.05
202532200000900248,37.48046,127.0882
202532200000900956,37.5163,127.0444
202532200000900541,37.50569,127.0582
202532200000900094,37.49693,127.0788
202532200000900186,37.47825,127.0449
202532200000900587,37.50037,127.0621
202532200000901537,37.49229,127.0831
202532200000900928,37.50683,127.0546
202532200000901056,37.4713,127.1049
202532200000900755,37.48456,127.0445
202532200000901666,37.52159,127.0456
202532200000900600,37.50651,127.0622
202532200000901038,37.46503,127.107
202532200000900331,37.50911,127.0293
202532200000900813,37.51816,127.0649
202532200000900593,37.50258,127.0644
202532200000901455,37.49732,127.0513
202532200000901247,37.52268,127.0296
202532200000900370,37.5093,127.0298
202532200000900668,37.49991,127.0571
202532200000900810,37.51846,127.0621
202532200000900539,37.50253,127.0599
202532200000900372,37.50562,127.0261
202532200000900988,37.47346,127.0999
202532200000900590,37.4994,127.0648
202532200000901487,37.50063,127.0506
202532200000900474,37.51072,127.0427
202532200000900205,37.47931,127.075
202532200000900559,37.4988,127.0628
202532200000900839,37.51716,127.0648
202532200000901627,37.51969,127.0467
202532200000901343,37.50161,127.0267
202532200000900959,37.5134,127.0469
202532200000900068,37.48198,127.0661
202532200000901288,37.50489,127.0332
202532200000901681,37.52049,127.0465
202532200000900731,37.48724,127.0454
202532200000900986,37.47306,127.0967
202532200000900807,37.51948,127.0607
202532200000901567,37.48328,127.0778
202532200000900239,37.51627,127.0428
202532200000900211,37.48833,127.0468
202532200000901309,37.4976,127.0368
202532200000900408,37.51673,127.0308
202532200000900159,37.47888,127.0468
202532200000901675,37.52501,127.0439
202532200000901324,37.49528,127.0308
202532200000900674,37.50243,127.0573
202532200000900519,37.49258,127.0601
202532200000900835,37.51605,127.0618
202532200000900625,37.50032,127.0544
202532200000901551,37.48912,127.0819
202532200000900637,37.49779,127.0532
202532200000900511,37.4945,127.0558
202532200000900721,37.48733,127.0437
202532200000900469,37.5115,127.0349
202532200000901371,37.49737,127.0306
202532200000900449,37.52139,127.0387
202532200000901281,37.52318,127.0313
202532200000900725,37.4896,127.0413
202532200000901672,37.5222,127.0403
202532200000900086,37.49211,127.0744
202532200000900900,37.51143,127.0531
202532200000901382,37.50089,127.0311
202532200000900855,37.51521,127.0615
202532200000901436,37.4973,127.0352
202532200000901393,37.49286,127.0379
202532200000900555,37.50393,127.0629
202532200000900197,37.47891,127.0464
202532200000901575,37.48258,127.0798
202532200000900790,37.50472,127.0503
202532200000901490,37.50218,127.0447
202532200000900861,37.51418,127.0651
202532200000900819,37.51173,127.0542
202532200000901465,37.49647,127.0423
202532200000901191,37.51898,127.0224
202532200000900206,37.47991,127.0754
202532200000900713,37.48974,127.0417
202532200000900482,37.51686,127.0379
202532200000901684,37.52262,127.0434
202532200000901304,37.5065,127.0457
202532200000900304,37.51548,127.0235
202532200000900794,37.50668,127.0552
202532200000901106,37.4885,127.1049
202532200000900738,37.49208,127.042
202532200000901167,37.52276,127.0245
202532200000900459,37.51187,127.0347
202532200000900682,37.50516,127.052
202532200000901214,37.52223,127.033
202532200000900902,37.5105,127.0508
202532200000901014,37.4692,127.0918
202532200000900439,37.51158,127.04
202532200000901157,37.52748,127.0252
202532200000900500,37.51528,127.0335
202532200000900961,37.51286,127.0521
202532200000900943,37.50955,127.0538
202532200000901008,37.47513,127.1111
202532200000900330,37.50612,127.0245
202532200000900927,37.51483,127.0498
202532200000900027,37.4828,127.0625
202532200000900035,37.49248,127.0719
202532200000901447,37.50115,127.0351
202532200000900710,37.48882,127.0345
202532200000900083,37.49571,127.0777
202532200000901374,37.50729,127.0439
202532200000901500,37.49497,127.0443
202532200000901090,37.48811,127.1058
202532200000900799,37.51731,127.055
202532200000901017,37.46472,127.093
202532200000900758,37.48293,127.0452
202532200000900382,37.5081,127.0284
202532200000901180,37.52606,127.0276
202532200000901656,37.52752,127.0533
202532200000900165,37.47821,127.0507
202532200000900136,37.47528,127.0477
202532200000900624,37.50114,127.0551
202532200000900090,37.49557,127.0791
202532200000901571,37.48586,127.0861
202532200000900824,37.50831,127.0588
202532200000900230,37.47532,127.0828
202532200000901643,37.52491,127.0444
202532200000900455,37.51856,127.0394
202532200000900311,37.51,127.03
202532200000901632,37.52336,127.0539
202532200000900390,37.50886,127.0232
202532200000901614,37.52325,127.0455
202532200000901337,37.50494,127.0358
202532200000900468,37.51959,127.0394
202532200000900072,37.48659,127.0701
202532200000900792,37.50862,127.0616
202532200000900144,37.47979,127.0468
202532200000900451,37.51134,127.0391
202532200000901502,37.49853,127.043
202532200000900623,37.5015,127.0562
202532200000901702,37.52209,127.0489
202532200000900440,37.51058,127.0419
202532200000900544,37.49169,127.0682
202532200000901426,37.50421,127.0411
202532200000900307,37.50985,127.0247
202532200000900521,37.49744,127.0585
202532200000901028,37.46345,127.1015
202532200000901442,37.50074,127.0327
202532200000901651,37.52702,127.0481
202532200000900502,37.49663,127.061
202532200000900231,37.47976,127.0815
202532200000900379,37.51655,127.0285
202532200000901217,37.52762,127.0351
202532200000901676,37.51958,127.0508
202532200000901255,37.52832,127.0442
202532200000901154,37.52234,127.0264
202532200000900226,37.48641,127.1024
202532200000901335,37.50197,127.0329
202532200000900549,37.50674,127.0615
202532200000900384,37.5087,127.0315
202532200000900510,37.493,127.0578
202532200000901303,37.5083,127.0425
202532200000901129,37.52044,127.0221
202532200000900296,37.5075,127.0269
202532200000900675,37.50408,127.0578
202532200000900793,37.50775,127.0603
202532200000900832,37.51988,127.0586
202532200000901496,37.49607,127.0406
202532200000900962,37.51699,127.0438
202532200000900577,37.50098,127.0618
202532200000901395,37.49712,127.0375
202532200000900388,37.50799,127.0319
202532200000900116,37.47854,127.0521
202532200000901648,37.52815,127.0501
202532200000900066,37.48141,127.0669
202532200000901002,37.46365,127.1058
202532200000900332,37.50937,127.0286
202532200000900621,37.50154,127.0582
202532200000900493,37.51026,127.0334
202532200000901378,37.49181,127.0316
202532200000900224,37.47295,127.0709
202532200000901596,37.48157,127.0801
202532200000901642,37.52451,127.0429
202532200000900932,37.5108,127.0505
202532200000901227,37.52479,127.0387
202532200000900210,37.47122,127.0958
202532200000900508,37.49486,127.0619
202532200000901479,37.49797,127.0417
202532200000900724,37.48639,127.0444
202532200000900305,37.51447,127.0242
202532200000900424,37.51565,127.0386
202532200000901331,37.49172,127.0335
202532200000900168,37.48062,127.0466
202532200000900356,37.51617,127.0259
202532200000901565,37.48459,127.0865
202532200000900246,37.47198,127.1019
202532200000900726,37.48671,127.0442
202532200000901045,37.46896,127.1046
202532200000900642,37.50361,127.0515
202532200000900154,37.47375,127.0512
202532200000900163,37.47823,127.0462
202532200000900749,37.48315,127.0467
202532200000901637,37.52221,127.0534
202532200000900826,37.51301,127.0649
202532200000901005,37.47374,127.1084
202532200000901345,37.50498,127.031
202532200000900910,37.51575,127.0494
202532200000901161,37.52549,127.0194
202532200000900830,37.51839,127.0616
202532200000900277,37.49103,127.0335
202532200000900701,37.48897,127.0378
202532200000900801,37.51661,127.0522
202532200000900838,37.51847,127.0643
202532200000900033,37.48599,127.0594
202532200000901704,37.52184,127.0473
202532200000901431,37.49843,127.0353
202532200000900182,37.47858,127.045
202532200000900671,37.50176,127.0517
202532200000900129,37.48044,127.0525
202532200000901630,37.51854,127.0448
202532200000900411,37.5191,127.0396
202532200000900336,37.51145,127.0299
202532200000901513,37.50372,127.0492
202532200000901650,37.52652,127.0503
202532200000900944,37.51253,127.0501
202532200000901226,37.52591,127.0391
202532200000901602,37.48338,127.0787
202532200000901591,37.48522,127.0819
202532200000901275,37.52237,127.0313
202532200000900527,37.49364,127.0619
202532200000901631,37.52305,127.0494
202532200000901441,37.50729,127.0389
202532200000900989,37.46431,127.1072
202532200000900705,37.48852,127.045
202532200000901357,37.5062,127.0353
202532200000900484,37.50848,127.0357
202532200000901000,37.47008,127.1045
202532200000900188,37.47539,127.0529
202532200000900499,37.51019,127.0343
202532200000900133,37.47532,127.0538
202532200000901172,37.51782,127.0207
202532200000901589,37.48612,127.0829
202532200000900421,37.51013,127.0357
202532200000900202,37.52141,127.0534
202532200000900260,37.52404,127.0319
202532200000901423,37.50154,127.034
202532200000900275,37.49543,127.0622
202532200000901101,37.48707,127.1041
202532200000901503,37.50258,127.046
202532200000900138,37.47966,127.0496
202532200000901417,37.50809,127.0372
202532200000900479,37.51219,127.0372
202532200000901688,37.52355,127.0521
202532200000900298,37.516,127.025
202532200000900533,37.49571,127.0594
202532200000900038,37.48854,127.0716
202532200000900009,37.4773,127.0584
202532200000901529,37.49408,127.0854
202532200000901634,37.52309,127.0523
202532200000900209,37.46982,127.0932
202532200000901285,37.49922,127.0362
202532200000900412,37.51998,127.0385
202532200000901569,37.48062,127.0784
202532200000900174,37.47836,127.0511
202532200000901563,37.48091,127.081
202532200000900250,37.52093,127.0612
202532200000900901,37.51033,127.0537
202532200000901105,37.48828,127.1042
202532200000901220,37.5255,127.0357
202532200000900092,37.49382,127.0773
202532200000900567,37.50457,127.0602
202532200000901016,37.46685,127.0971
202532200000901421,37.50065,127.0272
202532200000900389,37.51231,127.0298
202532200000900255,37.49057,127.1035
202532200000900156,37.48241,127.0496
202532200000900494,37.5183,127.0384
202532200000900639,37.50252,127.0506
202532200000900294,37.50899,127.0268
202532200000900095,37.49398,127.0731
202532200000900025,37.48854,127.0679
202532200000900777,37.48844,127.0517
202532200000900975,37.46826,127.1001
202532200000901568,37.4809,127.0765
202532200000901403,37.50779,127.0431
202532200000900939,37.51126,127.0506
202532200000900808,37.5186,127.0603
202532200000900300,37.50846,127.0322
202532200000900781,37.48483,127.0443
202532200000901641,37.52406,127.0402
202532200000901173,37.52213,127.0199
202532200000900958,37.5071,127.0471
202532200000900348,37.50761,127.0303
202532200000901139,37.52161,127.0248
202532200000900467,37.50963,127.0378
202532200000900497,37.50884,127.0368
202532200000900157,37.47315,127.0532
202532200000901368,37.49709,127.0309
202532200000901065,37.46321,127.1168
202532200000901638,37.52048,127.0555
202532200000900707,37.48872,127.0342
202532200000901705,37.51796,127.0415
202532200000900763,37.48379,127.0461
202532200000900743,37.48704,127.0449
202532200000901277,37.52607,127.0383
202532200000900523,37.49035,127.0632
202532200000900320,37.50797,127.0256
202532200000901092,37.48675,127.0972
202532200000901683,37.52522,127.0406
202532200000900564,37.49109,127.0653
202532200000901026,37.47029,127.1046
202532200000901658,37.5223,127.057
202532200000900314,37.50796,127.0285
202532200000900852,37.51912,127.056
202532200000901302,37.50753,127.0421
202532200000900491,37.5149,127.0313
202532200000900955,37.51094,127.0492
202532200000900849,37.51649,127.06
202532200000900498,37.51518,127.0396
202532200000900471,37.51879,127.0297
202532200000901389,37.493,127.032
202532200000900604,37.50639,127.0662
202532200000900970,37.46526,127.1097
202532200000900107,37.49578,127.0745
202532200000901262,37.53071,127.0314
202532200000901117,37.48572,127.0977
202532200000900635,37.50114,127.0588
202532200000901198,37.5263,127.0263
202532200000900764,37.48164,127.0442
202532200000900041,37.48894,127.0646
202532200000900847,37.50977,127.0568
202532200000901647,37.52819,127.0479
202532200000900234,37.49934,127.049
202532200000900985,37.47434,127.0989
202532200000901225,37.52753,127.038
202532200000900313,37.50843,127.0253
202532200000901241,37.52071,127.0283
202532200000901162,37.52614,127.0208
202532200000901086,37.49139,127.1008
202532200000901366,37.49525,127.0346
202532200000900972,37.46699,127.1097
202532200000900655,37.49873,127.0527
202532200000901232,37.52821,127.03
202532200000900789,37.50519,127.0504
202532200000900553,37.50331,127.0613
202532200000901270,37.52483,127.0357
202532200000900405,37.51926,127.0294
202532200000900836,37.51553,127.0632
202532200000900079,37.49574,127.0783
202532200000901552,37.48957,127.0832
202532200000901561,37.49609,127.0873
202532200000900648,37.50009,127.0583
202532200000901554,37.49071,127.0861
202532200000901534,37.49331,127.0873
202532200000900386,37.50998,127.0312
202532200000900054,37.48202,127.0678
202532200000900709,37.4899,127.0354
202532200000900857,37.51558,127.0623
202532200000900110,37.47296,127.05
202532200000900105,37.49198,127.0728
202532200000900980,37.47046,127.1027
202532200000901007,37.47576,127.1107
202532200000900306,37.51197,127.0285
202532200000900528,37.49493,127.0566
202532200000901532,37.49388,127.0842
202532200000900864,37.51783,127.0521
202532200000900266,37.50157,127.0306
202532200000901188,37.51968,127.0246
202532200000900281,37.492,127.0824
202532200000900978,37.47191,127.1062
202532200000900435,37.513,127.0344
202532200000900097,37.49309,127.0759
202532200000901440,37.50859,127.0445
202532200000900629,37.49995,127.0597
202532200000900303,37.51547,127.0223
202532200000901391,37.49316,127.0358
202532200000901085,37.4861,127.0989
202532200000901023,37.46963,127.0889
202532200000900728,37.48904,127.0493
202532200000901413,37.50006,127.0304
202532200000901485,37.49583,127.0426
202532200000900212,37.48739,127.0417
202532200000900524,37.49636,127.055
202532200000901071,37.4849,127.1001
202532200000901499,37.50048,127.0403
202532200000901013,37.47176,127.1095
202532200000900278,37.50532,127.0311
202532200000900748,37.48321,127.0448
202532200000900930,37.50617,127.0487
202532200000900543,37.49837,127.0692
202532200000900241,37.4713,127.0938
202532200000900645,37.50164,127.0518
202532200000900428,37.51328,127.0375
202532200000901138,37.52215,127.0234
202532200000900681,37.50493,127.0559
202532200000901693,37.52606,127.0501
202532200000900430,37.51206,127.038
202532200000900149,37.47413,127.0535
202532200000901257,37.52466,127.0361
202532200000901418,37.50298,127.0386
202532200000901654,37.52509,127.0489
202532200000901570,37.48129,127.0842
202532200000900053,37.4832,127.0668
202532200000900987,37.47225,127.1095
202532200000901084,37.48747,127.1064
202532200000900545,37.49426,127.07
202532200000901670,37.52248,127.0493
202532200000900809,37.5168,127.06
202532200000901250,37.52543,127.0298
202532200000901556,37.49489,127.0845
202532200000901541,37.49016,127.0855
202532200000900762,37.4845,127.0424
202532200000901203,37.52363,127.0291
202532200000900805,37.514,127.0546
202532200000901437,37.49589,127.039
202532200000900477,37.51197,127.0414
202532200000901600,37.4816,127.0863
202532200000901700,37.52119,127.0499
202532200000901280,37.53057,127.0292
202532200000900717,37.48987,127.0365
202532200000900821,37.51053,127.0571
202532200000901387,37.49656,127.0356
202532200000900374,37.51069,127.0267
202532200000901305,37.50452,127.045
202532200000901269,37.52571,127.0292
202532200000901609,37.52266,127.0477
202532200000901394,37.5066,127.0392
202532200000900387,37.50629,127.0265
202532200000901669,37.52682,127.0487
202532200000901036,37.46662,127.0994
202532200000901576,37.48286,127.0791
202532200000901109,37.48351,127.095
202532200000900321,37.50851,127.0249
202532200000900706,37.48704,127.0444
202532200000901264,37.52652,127.0307
202532200000901341,37.50558,127.0449
202532200000900520,37.49349,127.0543
202532200000900820,37.51111,127.0563
202532200000900568,37.50425,127.0596
202532200000900461,37.51239,127.0327
202532200000901256,37.53191,127.0348
202532200000901190,37.52004,127.0201
202532200000900638,37.49855,127.0572
202532200000901606,37.52424,127.0457
202532200000901458,37.49934,127.0397
202532200000900746,37.4923,127.0545
202532200000900854,37.51771,127.0643
202532200000901359,37.49611,127.0353
202532200000900319,37.50512,127.0245
202532200000901308,37.49862,127.0363
202532200000901088,37.48679,127.1019
202532200000900173,37.47687,127.0472
202532200000900301,37.50685,127.0295
202532200000901696,37.52228,127.043
202532200000900791,37.50742,127.0579
202532200000900057,37.48154,127.0682
202532200000901231,37.53022,127.0277
202532200000901067,37.49242,127.0995
202532200000900538,37.49693,127.057
202532200000901042,37.4682,127.0997
202532200000901481,37.49398,127.0434
202532200000901329,37.49218,127.0324
202532200000900040,37.48871,127.0617
202532200000901548,37.49546,127.0858
202532200000901064,37.47508,127.0985
202532200000901153,37.52684,127.0209
202532200000900106,37.4892,127.0773
202532200000901380,37.49311,127.0387
202532200000900881,37.51506,127.0472
202532200000900890,37.51374,127.0448
202532200000901574,37.48401,127.0782
202532200000901022,37.46348,127.1075
202532200000900450,37.51901,127.0327
202532200000901200,37.53133,127.0379
202532200000901550,37.493,127.0821
202532200000900445,37.51074,127.0398
202532200000901546,37.48957,127.0823
202532200000900452,37.52014,127.0321
202532200000900380,37.5161,127.02
202532200000900208,37.47074,127.0935
202532200000901060,37.47814,127.1141
202532200000900816,37.51694,127.0631
202532200000900373,37.50599,127.025
202532200000901116,37.48282,127.0903
202532200000901326,37.49416,127.0323
202532200000901434,37.49374,127.0326
202532200000901406,37.50756,127.0453
202532200000901520,37.4917,127.0871
202532200000900190,37.47915,127.0523
202532200000901401,37.50592,127.0336
202532200000900233,37.47967,127.0796
202532200000900176,37.48153,127.0521
202532200000901260,37.52633,127.0375
202532200000900354,37.50936,127.0275
202532200000901311,37.49746,127.0359
202532200000900152,37.47708,127.0501
202532200000900565,37.49528,127.0668
202532200000900030,37.48692,127.06
202532200000901573,37.48398,127.0791
202532200000900941,37.5088,127.0526
202532200000900905,37.50625,127.0501
202532200000900983,37.48154,127.1041
202532200000900454,37.51221,127.0403
202532200000900019,37.48506,127.058
202532200000900513,37.49537,127.0553
202532200000900194,37.48208,127.053
202532200000900371,37.50705,127.0242
202532200000900251,37.53195,127.0338
202532200000900099,37.49362,127.079
202532200000900871,37.51603,127.0569
202532200000900806,37.51466,127.0589
202532200000901626,37.51987,127.048
202532200000900584,37.49604,127.0678
202532200000900685,37.48953,127.0319
202532200000900825,37.514,127.0637
202532200000901061,37.47431,127.1164
202532200000901169,37.52349,127.0269
202532200000900644,37.49895,127.0521
202532200000900664,37.50435,127.051
202532200000901328,37.49284,127.035
202532200000900131,37.47203,127.051
202532200000900395,37.51047,127.0257
202532200000900335,37.50942,127.0271
202532200000900834,37.51476,127.0584
202532200000900665,37.49996,127.0548
202532200000901082,37.48634,127.1068
202532200000900302,37.51748,127.0258
202532200000900015,37.48366,127.0625
202532200000900873,37.51515,127.0553
202532200000901312,37.49619,127.0371
202532200000901306,37.50415,127.0255
202532200000900492,37.5143,127.0391
202532200000901524,37.49079,127.0831
202532200000900663,37.50051,127.0551
202532200000900204,37.48067,127.0794
202532200000901151,37.52063,127.0267
202532200000900340,37.51133,127.0242
202532200000900448,37.51296,127.0394
202532200000900954,37.50581,127.0506
202532200000900684,37.49232,127.0427
202532200000900967,37.47286,127.0961
202532200000900751,37.48263,127.0428
202532200000900115,37.47796,127.0492
202532200000901473,37.49374,127.0423
202532200000900005,37.47665,127.0583
202532200000900594,37.50141,127.0604
202532200000900882,37.5155,127.0436
202532200000900010,37.47747,127.0658
202532200000901713,37.51818,127.0426
202532200000900913,37.51509,127.0488
202532200000900661,37.50069,127.0538
202532200000900687,37.48834,127.0479
202532200000900102,37.49371,127.0766
202532200000901467,37.49524,127.0404
202532200000901712,37.52597,127.0492
202532200000901671,37.51911,127.0466
202532200000900578,37.49398,127.071
202532200000901332,37.49059,127.0331
202532200000901679,37.52263,127.0518
202532200000900222,37.48005,127.0501
202532200000901354,37.50165,127.0288
202532200000900438,37.51115,127.0417
202532200000901168,37.51956,127.0203
202532200000900542,37.50164,127.0628
202532200000900843,37.51903,127.0636
202532200000901535,37.49232,127.088
202532200000901536,37.49523,127.0855
202532200000900120,37.48006,127.0456
202532200000900490,37.5204,127.033
202532200000901504,37.50008,127.0406
202532200000901528,37.49349,127.0882
202532200000901692,37.52131,127.0576
202532200000901130,37.52168,127.0202
202532200000901147,37.51961,127.0215
202532200000901235,37.5309,127.0401
202532200000901123,37.52558,127.0292
202532200000901271,37.5239,127.0342
202532200000900715,37.48805,127.0393
202532200000901194,37.5191,127.0249
202532200000900378,37.51482,127.0256
202532200000901009,37.47432,127.1117
202532200000900817,37.51256,127.0549
202532200000900571,37.50545,127.0636
202532200000900945,37.51181,127.0464
202532200000900846,37.51818,127.0547
202532200000900308,37.51132,127.0294
202532200000901208,37.52781,127.0315
202532200000901450,37.50585,127.0318
202532200000901400,37.49548,127.0317
202532200000900256,37.49773,127.036
202532200000900730,37.48674,127.0382
202532200000901111,37.4874,127.1012
202532200000900669,37.50273,127.0514
202532200000900641,37.4997,127.0587
202532200000901051,37.46245,127.103
202532200000901295,37.50564,127.0396
202532200000900617,37.5022,127.0534
202532200000900423,37.50904,127.0354
202532200000901605,37.51969,127.0489
202532200000900866,37.51649,127.0625
202532200000900225,37.48539,127.0754
202532200000900759,37.48401,127.0428
202532200000900200,37.48163,127.07
202532200000901392,37.50461,127.0382
202532200000901445,37.50355,127.0258
202532200000901562,37.49348,127.0868
202532200000900876,37.5179,127.0634
202532200000901289,37.5013,127.0276
202532200000901613,37.5223,127.0462
202532200000900686,37.4877,127.0463
202532200000901049,37.46714,127.1016
202532200000900770,37.48906,127.0534
202532200000900618,37.50276,127.0553
202532200000900089,37.49305,127.0724
202532200000901351,37.50636,127.0449
202532200000900636,37.49945,127.0538
202532200000901549,37.49335,127.0851
202532200000900606,37.50073,127.0629
202532200000900146,37.4822,127.0483
202532200000900892,37.51142,127.0452
202532200000901059,37.4736,127.1131
202532200000900327,37.50902,127.0239
202532200000901012,37.46352,127.1035
202532200000901531,37.49075,127.0841
202532200000900162,37.47676,127.0513
202532200000901021,37.46833,127.1023
202532200000900588,37.5042,127.0642
202532200000900309,37.51153,127.03
202532200000900702,37.48882,127.0331
202532200000901229,37.5322,127.0271
202532200000901477,37.49809,127.0392
202532200000901003,37.4673,127.0977
202532200000901557,37.4933,127.0832
202532200000900723,37.48661,127.0379
202532200000900357,37.5123,127.0306
202532200000900064,37.49059,127.0768
202532200000900720,37.48788,127.034
202532200000900894,37.51214,127.0469
202532200000901560,37.49406,127.0811
202532200000901587,37.48408,127.0817
202532200000900100,37.48983,127.0781
202532200000901177,37.52147,127.0259
202532200000900522,37.49134,127.057
202532200000900368,37.50937,127.0255
202532200000901104,37.48871,127.1066
202532200000900916,37.51197,127.0525
202532200000901356,37.50423,127.0268
202532200000900292,37.50769,127.0238
202532200000901160,37.53014,127.0237
202532200000900783,37.51842,127.0471
202532200000900837,37.51836,127.0606
202532200000901439,37.50218,127.0307
202532200000901386,37.50811,127.0417
202532200000901052,37.46278,127.1057
202532200000901662,37.51886,127.0466
202532200000901604,37.4812,127.0836
202532200000900028,37.48955,127.0753
202532200000901258,37.52776,127.0307
202532200000901087,37.48847,127.1006
202532200000900147,37.47669,127.0524
202532200000900859,37.51488,127.0603
202532200000901348,37.50369,127.0388
202532200000900788,37.50276,127.0443
202532200000900396,37.51368,127.0232
202532200000900263,37.48478,127.0473
202532200000900782,37.4834,127.0451
202532200000900586,37.50003,127.0667
202532200000901706,37.52718,127.052
202532200000900718,37.49149,127.0396
202532200000901508,37.49708,127.0523
202532200000901464,37.4978,127.0434
202532200000901179,37.51919,127.0239
202532200000900481,37.52059,127.0383
202532200000901492,37.49478,127.0413
202532200000900434,37.51944,127.0387
202532200000901701,37.52534,127.0507
202532200000900581,37.50541,127.0679
202532200000901540,37.49314,127.0859
202532200000901027,37.47335,127.1081
202532200000901381,37.49421,127.0379
202532200000900841,37.51901,127.0555
202532200000901358,37.49448,127.0388
202532200000901268,37.52428,127.0292
202532200000900694,37.48654,127.0363
202532200000901498,37.4999,127.043
202532200000900020,37.49029,127.0687
202532200000901155,37.51817,127.0197
202532200000900795,37.50829,127.0605
202532200000901616,37.52143,127.0439
202532200000901396,37.50197,127.0315
202532200000900828,37.51609,127.0602
202532200000901469,37.4952,127.0425
202532200000900290,37.51378,127.0273
202532200000901062,37.48209,127.105
202532200000900784,37.52819,127.0397
202532200000900070,37.4904,127.0735
202532200000900997,37.46136,127.1017
202532200000901078,37.48809,127.0987
202532200000900365,37.51346,127.0262
202532200000900076,37.48692,127.0709
202532200000900161,37.47743,127.0503
202532200000901089,37.48817,127.1009
202532200000900797,37.51948,127.057
202532200000900757,37.4843,127.0438
202532200000900566,37.49531,127.0695
202532200000901620,37.52175,127.0405
202532200000900189,37.47619,127.0539
202532200000900753,37.48324,127.0458
202532200000901030,37.47184,127.1088
202532200000901461,37.49851,127.0419
202532200000901259,37.5283,127.0284
202532200000901398,37.49977,127.0294
202532200000900729,37.48607,127.0437
202532200000901709,37.5196,127.0462
202532200000901043,37.48164,127.1014
202532200000901063,37.46483,127.1112
202532200000900466,37.51711,127.0373
202532200000901510,37.50298,127.0483
202532200000901276,37.52698,127.0379
202532200000900056,37.48186,127.0665
202532200000900815,37.51596,127.0641
202532200000900289,37.51245,127.0224
202532200000900063,37.49057,127.077
202532200000900634,37.50346,127.0553
202532200000900802,37.51595,127.0539
202532200000900016,37.48364,127.0611
202532200000901581,37.48276,127.0779
202532200000901018,37.4696,127.0903
202532200000901444,37.50118,127.0269
202532200000901678,37.52097,127.0442
202532200000901291,37.50315,127.0329
202532200000900509,37.49426,127.0605
202532200000900098,37.49987,127.0807
202532200000900002,37.48338,127.0527
202532200000901248,37.52263,127.0304
202532200000901340,37.5083,127.0435
202532200000901453,37.49597,127.0494
202532200000900462,37.5096,127.04
202532200000900920,37.512,127.052
202532200000900282,37.48708,127.0568
202532200000901156,37.5252,127.0215
202532200000901216,37.52531,127.0342
202532200000900069,37.4896,127.0739
202532200000900572,37.5057,127.0605
202532200000900981,37.48315,127.1043
202532200000900506,37.49052,127.0615
202532200000901566,37.48357,127.0798
202532200000900658,37.50306,127.0498
202532200000901564,37.48515,127.0809
202532200000901339,37.50656,127.0427
202532200000901041,37.47163,127.095
202532200000901140,37.52065,127.0257
202532200000901617,37.52201,127.0449
202532200000900822,37.50968,127.0561
202532200000900279,37.48712,127.0977
202532200000900895,37.51263,127.0492
202532200000901114,37.48139,127.0958
202532200000900166,37.47637,127.0484
202532200000901411,37.50284,127.0261
202532200000901212,37.52237,127.0315
202532200000900249,37.51993,127.0619
202532200000900840,37.51699,127.0608
202532200000900615,37.50191,127.0513
202532200000901373,37.50653,127.0437
202532200000900349,37.50919,127.0279
202532200000901048,37.48023,127.103
202532200000900270,37.52183,127.0511
202532200000900696,37.48844,127.034
202532200000900274,37.48296,127.0656
202532200000901559,37.49169,127.0857
202532200000901580,37.48391,127.0777
202532200000900415,37.51775,127.0385
202532200000901144,37.52272,127.0257
202532200000901282,37.5034,127.0281
202532200000900485,37.51747,127.037
202532200000901211,37.52389,127.0322
202532200000901033,37.47248,127.0962
202532200000901468,37.4938,127.0411
202532200000901475,37.501,127.0423
202532200000900530,37.4969,127.0614
202532200000900926,37.51241,127.0458
202532200000900898,37.51057,127.0481
202532200000900219,37.47806,127.052
202532200000901385,37.50417,127.0402
202532200000901037,37.46682,127.1088
202532200000901611,37.52199,127.0469
202532200000900647,37.50024,127.0563
202532200000900700,37.4858,127.0369
202532200000901228,37.53161,127.0251
202532200000900087,37.49665,127.0774
202532200000900703,37.48604,127.0352
202532200000900996,37.46048,127.1031
202432300000900865,37.535553,127.113167
202432300000900585,37.501077,127.116425
202432300000900840,37.505263,127.078589
202432300000900863,37.535873,127.113213
202432300000900851,37.520397,127.113885
202432300000900443,37.489519,127.135011
202432300000900363,37.506117,127.094062
202432300000900765,37.505837,127.100123
202432300000900815,37.484314,127.113609
202432300000900170,37.511213,127.115256
202432300000900188,37.514763,127.117943
202432300000900506,37.516293,127.079284
202432300000900601,37.499993,127.094978
202432300000900805,37.493983,127.137841
202432300000900226,37.505839,127.13261
202432300000900457,37.485559,127.132179
202432300000900344,37.500733,127.093512
202432300000900649,37.507702,127.080243
202432300000900095,37.496693,127.15213
202432300000900621,37.493031,127.131611
202432300000900349,37.499313,127.092979
202432300000900233,37.508163,127.107163
202432300000900387,37.493193,127.125238
202432300000900291,37.501414,127.10668
202432300000900190,37.509079,127.115944
202432300000900589,37.503239,127.10079
202432300000900399,37.495402,127.125412
202432300000900611,37.49276,127.122429
202432300000900024,37.533814,127.1128
202432300000900150,37.511926,127.1214
202432300000900702,37.500247,127.154838
202432300000900425,37.489415,127.126068
202432300000900292,37.497868,127.098816
202432300000900656,37.507146,127.09424
202432300000900194,37.510033,127.114418
202432300000900358,37.503831,127.095321
202432300000900240,37.505917,127.111895
202432300000900045,37.533237,127.116165
202432300000900577,37.502388,127.133635
202432300000900208,37.501471,127.135551
202432300000900419,37.490051,127.127299
202432300000900676,37.497894,127.142548
202432300000900442,37.481306,127.12747
202432300000900856,37.510682,127.075935
202432300000900235,37.508602,127.108529
202432300000900504,37.510742,127.081427
202432300000900067,37.49029,127.148413
202432300000900410,37.495853,127.134388
202432300000900795,37.493096,127.131886
202432300000900628,37.489155,127.127795
202432300000900737,37.504688,127.137238
202432300000900715,37.516455,127.112353
202432300000900099,37.491571,127.158285
202432300000900848,37.510281,127.101111
202432300000900720,37.506014,127.134012
202432300000900519,37.509022,127.074066
202432300000900287,37.500516,127.098619
202432300000900181,37.510607,127.11668
202432300000900657,37.51295,127.094632
202432300000900093,37.496918,127.15357
202432300000900006,37.537458,127.12012
202432300000900725,37.505191,127.131655
202432300000900570,37.519231,127.133276
202432300000900062,37.493954,127.143902
202432300000900710,37.51121,127.125031
202432300000900717,37.508117,127.132121
202432300000900593,37.501743,127.107754
202432300000900642,37.484319,127.126014
202432300000900054,37.498516,127.144607
202432300000900529,37.536105,127.115964
202432300000900707,37.507573,127.118163
202432300000900460,37.485815,127.129178
202432300000900486,37.504541,127.080412
202432300000900368,37.502887,127.095424
202432300000900219,37.504099,127.134903
202432300000900564,37.509371,127.121876
202432300000900822,37.482426,127.128313
202432300000900691,37.496339,127.158164
202432300000900754,37.505051,127.112808
202432300000900609,37.497627,127.119473
202432300000900144,37.501248,127.146983
202432300000900343,37.500956,127.094788
202432300000900664,37.520142,127.112563
202432300000900106,37.492443,127.158414
202432300000900234,37.509486,127.107584
202432300000900068,37.490909,127.149079
202432300000900359,37.499851,127.091865
202432300000900090,37.492832,127.153602
202432300000900416,37.490083,127.124372
202432300000900312,37.507332,127.104795
202432300000900321,37.504007,127.100135
202432300000900429,37.486546,127.122726
202432300000900797,37.486216,127.134556
202432300000900183,37.511909,127.117756
202432300000900782,37.492896,127.12431
202432300000900485,37.502691,127.082183
202432300000900545,37.495355,127.144836
202432300000900819,37.479565,127.121007
202432300000900185,37.51323,127.119638
202432300000900675,37.532333,127.112129
202432300000900379,37.48991,127.120972
202432300000900874,37.479591,127.138733
202432300000900629,37.485397,127.126025
202432300000900873,37.478291,127.141441
202432300000900052,37.498757,127.142065
202432300000900590,37.503522,127.103328
202432300000900777,37.50111,127.124633
202432300000900412,37.493945,127.125945
202432300000900316,37.499251,127.098831
202432300000900447,37.482757,127.134044
202432300000900640,37.4813,127.1314995
202432300000900595,37.507177,127.102835
202432300000900587,37.501151,127.106962
202432300000900651,37.505817,127.086412
202432300000900266,37.505558,127.110527
202432300000900275,37.502844,127.115664
202432300000900326,37.497621,127.097349
202432300000900209,37.507692,127.131867
202432300000900376,37.499392,127.122122
202432300000900373,37.493635,127.122093
202432300000900730,37.498396,127.13945
202432300000900557,37.501445,127.150765
202432300000900130,37.499523,127.152268
202432300000900660,37.520314,127.113265
202432300000900043,37.533657,127.11639
202432300000900841,37.504302,127.082397
202432300000900728,37.505191,127.131655
202432300000900029,37.531879,127.119103
202432300000900056,37.49785,127.146271
202432300000900428,37.488783,127.123756
202432300000900258,37.503938,127.113434
202432300000900253,37.505798,127.109443
202432300000900417,37.486674,127.124236
202432300000900084,37.496773,127.153809
202432300000900200,37.515557,127.134274
202432300000900103,37.497986,127.155602
202432300000900489,37.511238,127.085382
202432300000900238,37.510696,127.108021
202432300000900501,37.504896,127.083176
202432300000900305,37.500423,127.102074
202432300000900046,37.531106,127.113301
202432300000900826,37.486216,127.134556
202432300000900409,37.49522,127.125847
202432300000900487,37.507717,127.086636
202432300000900042,37.531685,127.110603
202432300000900654,37.514229,127.088554
202432300000900037,37.531235,127.11689
202432300000900250,37.504558,127.10898
202432300000900648,37.511875,127.078415
202432300000900137,37.502228,127.144302
202432300000900156,37.51178,127.124101
202432300000900636,37.48279,127.130258
202432300000900594,37.502613,127.103784
202432300000900466,37.508512,127.086922
202432300000900790,37.49555,127.137599
202432300000900785,37.501198,127.124753
202432300000900063,37.498797,127.144413
202432300000900579,37.507137,127.111119
202432300000900881,37.498966,127.152086
202432300000900464,37.511467,127.082214
202432300000900374,37.491448,127.125208
202432300000900160,37.50812,127.119354
202432300000900076,37.492109,127.149231
202432300000900302,37.503205,127.098591
202432300000900078,37.491772,127.148216
202432300000900828,37.486216,127.134556
202432300000900693,37.496339,127.158164
202432300000900647,37.507339,127.083848
202432300000900469,37.504841,127.084794
202432300000900879,37.478458,127.139145
202432300000900853,37.511782,127.103765
202432300000900122,37.499078,127.15488
202432300000900580,37.506763,127.111376
202432300000900186,37.513295,127.112336
202432300000900741,37.505203,127.140289
202432300000900220,37.499734,127.138593
202432300000900792,37.49442,127.125694
202432300000900342,37.500196,127.089382
202432300000900748,37.508533,127.129395
202432300000900269,37.501972,127.114527
202432300000900172,37.513995,127.11131
202432300000900880,37.504192,127.103116
202432300000900512,37.519573,127.109573
202432300000900367,37.502631,127.090922
202432300000900039,37.530026,127.114716
202432300000900032,37.527401,127.116072
202432300000900751,37.503853,127.112544
202432300000900244,37.506407,127.112832
202432300000900255,37.505821,127.111479
202432300000900053,37.496841,127.140801
202432300000900201,37.516605,127.132065
202432300000900230,37.502006,127.136237
202432300000900140,37.497938,127.148139
202432300000900016,37.539745,127.119337
202432300000900293,37.504294,127.10606
202432300000900569,37.512425,127.134508
202432300000900018,37.53834,127.118218
202432300000900128,37.500504,127.154138
202432300000900065,37.494505,127.147243
202432300000900563,37.513222,127.120232
202432300000900323,37.500853,127.100601
202432300000900607,37.49131,127.121468
202432300000900871,37.535248,127.114983
202432300000900245,37.508118,127.109641
202432300000900571,37.505169,127.140987
202432300000900830,37.493983,127.137841
202432300000900297,37.50707,127.101555
202432300000900126,37.501689,127.148712
202432300000900455,37.481314,127.128763
202432300000900521,37.503559,127.073784
202432300000900397,37.493219,127.127572
202432300000900444,37.488079,127.135152
202432300000900345,37.500107,127.096307
202432300000900592,37.503542,127.101166
202432300000900546,37.494569,127.142171
202432300000900134,37.500138,127.149895
202432300000900659,37.522586,127.104721
202432300000900517,37.52154,127.100058
202432300000900809,37.482571,127.120842
202432300000900310,37.501243,127.104721
202432300000900246,37.506214,127.113248
202432300000900296,37.499512,127.097057
202432300000900634,37.482769,127.129413
202432300000900591,37.50441,127.102194
202432300000900303,37.505142,127.102331
202432300000900566,37.509371,127.121876
202432300000900372,37.490143,127.122467
202432300000900014,37.536419,127.122214
202432300000900481,37.503228,127.081975
202432300000900746,37.505191,127.131655
202432300000900681,37.486216,127.134556
202432300000900620,37.494316,127.135222
202432300000900451,37.483509,127.12879
202432300000900820,37.478493,127.125024
202432300000900757,37.507317,127.112968
202432300000900394,37.497172,127.128464
202432300000900733,37.505191,127.131655
202432300000900768,37.503104,127.10693
202432300000900413,37.497367,127.126606
202432300000900205,37.507226,127.134928
202432300000900331,37.505646,127.105905
202432300000900112,37.500778,127.148628
202432300000900013,37.538719,127.117624
202432300000900392,37.49308,127.126762
202432300000900336,37.501911,127.093971
202432300000900555,37.494844,127.152695
202432300000900339,37.499842,127.090494
202432300000900002,37.536698,127.118098
202432300000900025,37.534883,127.112154
202432300000900787,37.491627,127.124291
202432300000900437,37.488125,127.111059
202432300000900120,37.500433,127.144747
202432300000900476,37.503204,127.075913
202432300000900766,37.506136,127.102309
202432300000900858,37.510682,127.075935
202432300000900191,37.514624,127.116806
202432300000900193,37.512955,127.116733
202432300000900721,37.502144,127.142764
202432300000900280,37.507041,127.11728
202432300000900599,37.507016,127.092502
202432300000900510,37.511569,127.086373
202432300000900714,37.512721,127.114962
202432300000900829,37.486216,127.134556
202432300000900131,37.498413,127.151338
202432300000900070,37.496193,127.146767
202432300000900333,37.503531,127.08792
202432300000900189,37.511852,127.116143
202432300000900533,37.526512,127.116005
202432300000900049,37.497831,127.144887
202432300000900089,37.497164,127.155533
202432300000900684,37.492199,127.146748
202432300000900166,37.510921,127.121924
202432300000900216,37.503537,127.137406
202432300000900405,37.492879,127.135399
202432300000900598,37.504499,127.094476
202432300000900086,37.495251,127.155561
202432300000900270,37.501972,127.114527
202432300000900167,37.511883,127.1224
202432300000900855,37.511782,127.103765
202432300000900619,37.496582,127.131065
202432300000900097,37.494595,127.15645
202432300000900615,37.494428,127.126869
202432300000900295,37.501274,127.101353
202432300000900364,37.500988,127.088039
202432300000900026,37.524826,127.115486
202432300000900872,37.516242,127.140275
202432300000900313,37.501272,127.108509
202432300000900237,37.510227,127.10902
202432300000900860,37.536049,127.114197
202432300000900536,37.534165,127.117097
202432300000900396,37.496381,127.136442
202432300000900505,37.506428,127.085277
202432300000900111,37.498953,127.14641
202432300000900761,37.499733,127.11573
202432300000900243,37.507955,127.115029
202432300000900381,37.495807,127.120506
202432300000900304,37.506977,127.103175
202432300000900806,37.484756,127.125198
202432300000900876,37.474495,127.140617
202432300000900495,37.511337,127.078831
202432300000900745,37.507165,127.13692
202432300000900686,37.490919,127.147464
202432300000900511,37.523644,127.109614
202432300000900695,37.498787,127.158101
202432300000900576,37.503167,127.139486
202432300000900114,37.500053,127.150455
202432300000900311,37.502265,127.10601
202432300000900631,37.489441,127.111029
202432300000900827,37.486216,127.134556
202432300000900561,37.499782,127.146419
202432300000900386,37.502027,127.125316
202432300000900159,37.512573,127.123646
202432300000900262,37.503915,127.11092
202432300000900069,37.491362,127.147529
202432300000900740,37.505451,127.140228
202432300000900784,37.498469,127.125124
202432300000900456,37.489716,127.133513
202432300000900551,37.494264,127.152275
202432300000900119,37.497494,127.151421
202432300000900314,37.504354,127.103723
202432300000900839,37.505876,127.079341
202432300000900168,37.511561,127.126567
202432300000900395,37.492168,127.126326
202432300000900793,37.496959,127.133937
202432300000900362,37.50522,127.089165
202432300000900169,37.506997,127.120488
202432300000900490,37.507748,127.081935
202432300000900796,37.496934,127.131622
202432300000900009,37.537218,127.119097
202432300000900696,37.501239,127.145648
202432300000900003,37.538466,127.12243
202432300000900857,37.510682,127.075935
202432300000900497,37.508333,127.079914
202432300000900803,37.488193,127.123968
202432300000900719,37.505191,127.131655
202432300000900080,37.492241,127.144315
202432300000900540,37.531506,127.11936
202432300000900632,37.485179,127.12773
202432300000900752,37.506334,127.110489
202432300000900400,37.495084,127.134645
202432300000900847,37.510281,127.101111
202432300000900718,37.504157,127.128102
202432300000900324,37.501544,127.098594
202432300000900655,37.51532,127.081155
202432300000900518,37.517064,127.105365
202432300000900548,37.487624,127.144934
202432300000900641,37.481197,127.134666
202432300000900087,37.491766,127.155639
202432300000900116,37.498085,127.151871
202432300000900257,37.504526,127.112477
202432300000900739,37.505974,127.140579
202432300000900877,37.477261,127.141518
202432300000900763,37.503948,127.11573
202432300000900473,37.509033,127.084514
202432300000900027,37.527979,127.114624
202432300000900403,37.500664,127.128358
202432300000900239,37.504271,127.111771
202432300000900624,37.488285,127.128128
202432300000900383,37.495499,127.119149
202432300000900072,37.491166,127.147986
202432300000900838,37.507725,127.08094
202432300000900274,37.504833,127.11739
202432300000900309,37.501465,127.09753
202432300000900618,37.493217,127.133308
202432300000900153,37.508661,127.118563
202432300000900541,37.496218,127.143015
202432300000900843,37.503857,127.086327
202432300000900800,37.493444,127.130037
202432300000900832,37.493983,127.137841
202432300000900817,37.481594,127.119217
202432300000900391,37.496934,127.131622
202432300000900480,37.505391,127.081011
202432300000900158,37.512386,127.120162
202432300000900073,37.492237,127.145012
202432300000900145,37.503651,127.144726
202432300000900458,37.479717,127.135269
202432300000900692,37.496339,127.158164
202432300000900475,37.504049,127.076855
202432300000900178,37.512297,127.111968
202432300000900622,37.497412,127.130017
202432300000900814,37.485596,127.11335
202432300000900869,37.535213,127.114342
202432300000900356,37.502011,127.090402
202432300000900155,37.509764,127.118913
202432300000900248,37.505579,127.112171
202432300000900151,37.509945,127.125198
202432300000900115,37.497627,127.150391
202432300000900228,37.502854,127.133103
202432300000900117,37.497565,127.153051
202432300000900211,37.50236,127.133002
202432300000900503,37.50485,127.077698
202432300000900477,37.503272,127.075487
202432300000900862,37.536068,127.113709
202432300000900712,37.509415,127.115913
202432300000900141,37.499314,127.149096
202432300000900034,37.52903,127.116079
202432300000900645,37.506218,127.084177
202432300000900055,37.492837,127.142756
202432300000900337,37.504581,127.09297
202432300000900402,37.495385,127.13451
202432300000900036,37.528214,127.110725
202432300000900781,37.496658,127.119443
202432300000900623,37.489719,127.128395
202432300000900605,37.500156,127.121697
202432300000900697,37.499575,127.148547
202432300000900015,37.536213,127.118904
202432300000900758,37.506306,127.117469
202432300000900722,37.502144,127.142764
202432300000900522,37.51012,127.071091
202432300000900452,37.490325,127.13432
202432300000900236,37.509438,127.11
202432300000900196,37.51409987,127.110848
202432300000900057,37.497046,127.140995
202432300000900513,37.52136,127.104973
202432300000900679,37.497402,127.144397
202432300000900849,37.510281,127.101111
202432300000900690,37.495806,127.15711
202432300000900105,37.492946,127.157059
202432300000900251,37.504301,127.110214
202432300000900148,37.493605,127.157679
202432300000900223,37.507324,127.128677
202432300000900706,37.501286,127.145648
202432300000900408,37.497601,127.134405
202432300000900174,37.50992,127.117525
202432300000900662,37.52136,127.104973
202432300000900470,37.504868,127.077485
202432300000900091,37.492718,127.155039
202432300000900465,37.510562,127.08278
202432300000900713,37.511868,127.118073
202432300000900556,37.501445,127.150765
202432300000900279,37.500336,127.116198
202432300000900667,37.505566,127.075089
202432300000900658,37.52136,127.104973
202432300000900498,37.509467,127.082268
202432300000900261,37.507033,127.106296
202432300000900665,37.518363,127.099932
202432300000900214,37.502215,127.132668
202432300000900680,37.492712,127.14293
202432300000900389,37.496547,127.126645
202432300000900491,37.50507,127.087799
202432300000900022,37.526222,127.115478
202432300000900773,37.506271,127.095334
202432300000900653,37.504278,127.085492
202432300000900256,37.508483,127.112342
202432300000900082,37.493701,127.147411
202432300000900716,37.513741,127.113278
202432300000900204,37.506938,127.132834
202432300000900124,37.501365,127.154069
202432300000900294,37.501114,127.109757
202432300000900289,37.502332,127.099793
202432300000900845,37.515124,127.078129
202432300000900539,37.532372,127.1143
202432300000900742,37.504874,127.140015
202432300000900821,37.477357,127.121749
202432300000900329,37.499621,127.100903
202432300000900432,37.488865,127.12509
202432300000900088,37.491934,127.156395
202432300000900643,37.506094,127.08101
202432300000900500,37.507183,127.080895
202432300000900779,37.498223,127.123346
202432300000900837,37.508426,127.08656
202432300000900614,37.499238,127.107274
202432300000900449,37.484472,127.12833
202432300000900179,37.514175,127.119138
202432300000900646,37.506539,127.087686
202432300000900844,37.506218,127.084177
202432300000900375,37.497497,127.120503
202432300000900875,37.476097,127.137512
202432300000900175,37.514777,127.118179
202432300000900431,37.487727,127.124428
202432300000900282,37.499819,127.113605
202432300000900424,37.488972,127.125425
202432300000900709,37.509169,127.123166
202432300000900568,37.512823,127.119656
202432300000900652,37.507233,127.084676
202432300000900834,37.479836,127.136826
202432300000900430,37.487372,127.128616
202432300000900278,37.506472,127.11628
202432300000900703,37.500247,127.154838
202432300000900520,37.508324,127.072028
202432300000900574,37.49838,127.140744
202432300000900583,37.505577,127.121191
202432300000900791,37.494346,127.125307
202432300000900794,37.494055,127.135573
202432300000900382,37.503504,127.125343
202432300000900778,37.502359,127.12391
202432300000900199,37.515922,127.109033
202432300000900035,37.526293,127.113487
202432300000900038,37.532948,127.115044
202432300000900734,37.506882,127.131401
202432300000900083,37.495895,127.151129
202432300000900260,37.50887,127.110954
202432300000900142,37.500892,127.149393
202432300000900474,37.509318,127.080711
202432300000900673,37.536049,127.121485
202432300000900242,37.507846,127.111319
202432300000900573,37.505604,127.132827
202432300000900369,37.505339,127.093636
202432300000900031,37.52891,127.117311
202432300000900081,37.492099,127.145563
202432300000900467,37.507502,127.085907
202432300000900753,37.507412,127.113197
202432300000900597,37.501699,127.093269
202432300000900813,37.482319,127.120232
202432300000900162,37.511475,127.12561
202432300000900705,37.500008,127.148628
202432300000900335,37.499086,127.092022
202432300000900661,37.523038,127.105178
202432300000900171,37.514401,127.11213
202432300000900471,37.504204,127.078955
202432300000900699,37.500247,127.154838
202432300000900762,37.500272,127.115147
202432300000900365,37.504248,127.096448
202432300000900225,37.502563,127.141439
202432300000900613,37.49958,127.120667
202432300000900596,37.501153,127.091473
202432300000900125,37.501943,127.147985
202432300000900586,37.500007,127.100062
202432300000900711,37.513073,127.110283
202432300000900509,37.511569,127.086373
202432300000900108,37.493315,127.153273
202432300000900440,37.491762,127.117845
202432300000900411,37.493941,127.13681
202432300000900154,37.511122,127.119667
202432300000900378,37.495399,127.121429
202432300000900338,37.503311,127.096542
202432300000900483,37.501815,127.083697
202432300000900756,37.509919,127.107101
202432300000900493,37.503778,127.079637
202432300000900581,37.499811,127.113605
202432300000900747,37.508117,127.132121
202432300000900868,37.535709,127.11451
202432300000900562,37.513573,127.121811
202432300000900135,37.498337,127.148872
202432300000900332,37.506257,127.090773
202432300000900523,37.50964,127.074112
202432300000900537,37.533611,127.118897
202432300000900852,37.519426,127.106694
202432300000900769,37.501728,127.087017
202432300000900177,37.513664,127.110251
202432300000900617,37.49489,127.131365
202432300000900588,37.5061,127.10149
202432300000900788,37.492653,127.123886
202432300000900668,37.503998,127.07536
202432300000900842,37.503516,127.086516
202432300000900824,37.487648,127.134306
202432300000900008,37.537721,127.117143
202432300000900092,37.494536,127.157486
202432300000900064,37.498361,127.143934
202432300000900603,37.502598,127.09209
202432300000900502,37.503226,127.085296
202432300000900340,37.503609,127.094213
202432300000900058,37.494278,127.141437
202432300000900626,37.484978,127.124855
202432300000900361,37.49939,127.096356
202432300000900113,37.499982,127.147989
202432300000900007,37.535301,127.121579
202432300000900538,37.528023,127.117521
202432300000900450,37.481041,127.127624
202432300000900553,37.495507,127.15263
202432300000900774,37.499233,127.095008
202432300000900870,37.535717,127.115082
202432300000900231,37.508965,127.105896
202432300000900075,37.492204,127.148607
202432300000900102,37.496228,127.149559
202432300000900441,37.480477,127.125782
202432300000900861,37.5364,127.114075
202432300000900077,37.491928,127.150235
202432300000900012,37.536671,127.116173
202432300000900152,37.507652,127.121346
202432300000900288,37.500294,127.100243
202432300000900835,37.485498,127.129024
202432300000900276,37.501835,127.111658
202432300000900749,37.510344,127.107138
202432300000900353,37.502055,127.095034
202432300000900436,37.469204,127.126015
202432300000900559,37.499587,127.146547
202432300000900723,37.499078,127.138854
202432300000900479,37.507036,127.089906
202432300000900079,37.493454,127.146248
202432300000900136,37.499928,127.153897
202432300000900264,37.505166,127.11454
202432300000900041,37.530128,127.112529
202432300000900004,37.534559,127.121416
202432300000900468,37.505487,127.083122
202432300000900729,37.503132,127.14086
202432300000900426,37.488579,127.122539
202432300000900543,37.497809,127.141307
202432300000900133,37.498627,127.152582
202432300000900439,37.488125,127.111059
202432300000900755,37.506334,127.110489
202432300000900318,37.498421,127.100498
202432300000900139,37.49852,127.15365
202432300000900789,37.50053,127.122844
202432300000900182,37.51209,127.117288
202432300000900446,37.479211,127.129954
202432300000900534,37.529601,127.110682
202432300000900252,37.509323,127.112748
202432300000900047,37.531535,127.112142
202432300000900535,37.531885,127.115631
202432300000900637,37.482105,127.127022
202432300000900772,37.505312,127.091989
202432300000900050,37.493127,127.141692
202432300000900421,37.487663,127.126422
202432300000900401,37.492386,127.131374
202432300000900544,37.495678,127.142295
202432300000900726,37.505191,127.131655
202432300000900164,37.5083997,127.120468
202432300000900207,37.503012,127.135197
202432300000900259,37.510973,127.108872
202432300000900508,37.516361,127.084206
202432300000900023,37.532864,127.11364
202432300000900286,37.506859,127.103835
202432300000900727,37.505191,127.131655
202432300000900341,37.502904,127.08739
202432300000900317,37.501346,127.109767
202432300000900560,37.49722,127.148766
202432300000900776,37.501793,127.093333
202432300000900044,37.53379966,127.114326
202432300000900163,37.510925,127.119241
202432300000900582,37.499146,127.113525
202432300000900799,37.493444,127.130037
202432300000900610,37.500637,127.122528
202432300000900319,37.500287,127.105341
202432300000900786,37.498469,127.125124
202432300000900526,37.534774,127.117025
202432300000900161,37.506571,127.122292
202432300000900061,37.493393,127.142189
202432300000900542,37.496712,127.143043
202432300000900698,37.496956,127.149353
202432300000900783,37.501914,127.123092
202432300000900017,37.538497,127.119777
202432300000900818,37.47893,127.12104
202432300000900227,37.504978,127.130252
202432300000900850,37.507597,127.094111
202432300000900635,37.482693,127.131035
202432300000900265,37.510333,127.111454
202432300000900549,37.487624,127.144934
202432300000900357,37.505637,127.094654
202432300000900224,37.508823,127.129824
202432300000900272,37.500358,127.112728
202432300000900639,37.482271,127.126974
202432300000900184,37.510409,127.114969
202432300000900360,37.504959,127.091507
202432300000900187,37.514631,127.109117
202432300000900123,37.502254,127.143506
202432300000900671,37.537323,127.121376
202432300000900300,37.506547,127.105513
202432300000900507,37.516734,127.08989
202432300000900210,37.508955,127.130616
202432300000900554,37.496216,127.153297
202432300000900608,37.499162,127.118594
202432300000900232,37.506819,127.108219
202432300000900206,37.503656,127.140433
202432300000900222,37.501045,127.140685
202432300000900459,37.484516,127.130845
202432300000900499,37.507057,127.08183
202432300000900663,37.520397,127.113885
202432300000900575,37.509457,127.13263
202432300000900283,37.504369,127.098973
202432300000900212,37.50168,127.140293
202432300000900146,37.499383,127.15267
202432300000900454,37.481499,127.137564
202432300000900327,37.501734,127.103059
202432300000900121,37.496427,127.149013
202432300000900074,37.49357,127.14541
202432300000900110,37.502242,127.144637
202432300000900346,37.503931,127.091522
202432300000900098,37.493206,127.155041
202432300000900254,37.503479,127.110249
202432300000900348,37.503219,127.090485
202432300000900530,37.534406,127.117206
202432300000900825,37.478629,127.132868
202432300000900195,37.511448,127.110527
202432300000900516,37.520063,127.104034
202432300000900677,37.497046,127.140995
202432300000900277,37.500764,127.112096
202432300000900071,37.4909,127.147334
202432300000900445,37.491304,127.135506
202432300000900249,37.509279,127.10753
202432300000900138,37.497997,127.149763
202432300000900482,37.506161,127.084327
202432300000900472,37.508293,127.081257
202432300000900298,37.503239,127.105436
202432300000900488,37.506017,127.088968
202432300000900812,37.481377,127.120117
202432300000900807,37.489276,127.131597
202432300000900415,37.489788,127.124336
202432300000900864,37.535725,127.113464
202432300000900198,37.515307,127.112706
202432300000900704,37.502051,127.153526
202432300000900263,37.507561,127.115793
202432300000900484,37.509136,127.084158
202432300000900685,37.488433,127.144403
202432300000900308,37.504211,127.107215
202432300000900048,37.530828,127.119594
202432300000900689,37.492162,127.157157
202432300000900101,37.495068,127.15575
202432300000900320,37.506081,127.098505
202432300000900203,37.505742,127.130538
202432300000900433,37.490868,127.115283
202432300000900385,37.493898,127.118739
202432300000900764,37.501588,127.119109
202432300000900525,37.536105,127.115964
202432300000900750,37.503288,127.110756
202432300000900328,37.505394,127.105113
202432300000900299,37.500359,127.10711
202432300000900271,37.502065,127.115739
202432300000900453,37.484409,127.129456
202432300000900281,37.501293,127.112241
202432300000900380,37.49263,127.123016
202432300000900422,37.488444,127.125851
202432300000900808,37.490726,127.113893
202432300000900567,37.513838,127.120277
202432300000900682,37.492476,127.141833
202432300000900173,37.511129,127.111876
202432300000900616,37.496387,127.130341
202432300000900005,37.538015,127.11753
202432300000900724,37.505112,127.131655
202432300000900127,37.500229,127.153137
202432300000900197,37.515213,127.110878
202432300000900100,37.490757,127.156921
202432300000900028,37.529113,127.109213
202432300000900021,37.537736,127.118768
202432300000900325,37.502393,127.108345
202432300000900366,37.506965,127.092769
202432300000900550,37.495507,127.15263
202432300000900330,37.504953,127.099924
202432300000900420,37.487975,127.122859
202432300000900176,37.512892,127.118882
202432300000900478,37.502163,127.0851996
202432300000900515,37.516727,127.104797
202432300000900109,37.497675,127.148518
202432300000900438,37.488125,127.111059
202432300000900602,37.506599,127.095343
202432300000900770,37.500923,127.089978
202432300000900767,37.500621,127.103265
202432300000900147,37.502479,127.145262
202432300000900650,37.508389,127.083664
202432300000900388,37.495659,127.12471
202432300000900846,37.516734,127.08989
202432300000900771,37.499611,127.093258
202432300000900736,37.499078,127.138854
202432300000900804,37.490379,127.132263
202432300000900627,37.483055,127.124909
202432300000900407,37.50144,127.128014
202432300000900351,37.502125,127.086891
202432300000900221,37.501298,127.132393
202432300000900866,37.535389,127.113709
202432300000900672,37.539415,127.120189
202432300000900118,37.498589,127.15036
202432300000900129,37.498231,127.147429
202432300000900708,37.513005,127.123291
202432300000900051,37.496115,127.14472
202432300000900377,37.49485,127.11747
202432300000900833,37.479614,127.136154
202432300000900584,37.501178,127.115629
202432300000900149,37.510507,127.120299
202432300000900528,37.535376,127.120443
202432300000900524,37.509454,127.073848
202432300000900132,37.497101,127.150033
202432300000900630,37.487415,127.129318
202432300000900867,37.535728,127.113937
202432300000900859,37.510682,127.075935
202432300000900606,37.491402,127.123344
202432300000900290,37.502531,127.101124
202432300000900670,37.538254,127.121964
202432300000900572,37.497361,127.139887
202432300000900334,37.500754,127.090103
202432300000900030,37.530753,127.119231
202432300000900674,37.534435,127.112133
202432300000900831,37.493983,127.137841
202432300000900322,37.502777,127.097338
202432300000900738,37.506321,127.140953
202432300000900217,37.502144,127.142764
202432300000900215,37.500828,127.137663
202432300000900268,37.506008,127.107335
202432300000900565,37.510052,127.120926
202432300000900427,37.487301,127.123123
202432300000900285,37.505635,127.102444
202432300000900273,37.502858,127.113434
202432300000900059,37.497804,127.143782
202432300000900633,37.485179,127.12773
202432300000900370,37.502841,127.12314
202432300000900700,37.500247,127.154838
202432300000900192,37.512892,127.115181
202432300000900202,37.509644,127.127328
202432300000900284,37.504317,127.100267
202432300000900315,37.504742,127.097566
202432300000900414,37.490788,127.125853
202432300000900836,37.485346,127.132764
202432300000900001,37.538177,127.116098
202432300000900371,37.49921,127.117806
202432300000900418,37.487474,127.122478
202432300000900625,37.485409,127.123604
202432300000900496,37.506802,127.081421
202432300000900552,37.495524,127.153363
202432300000900694,37.498787,127.158101
202432300000900532,37.531307,127.114647
202432300000900267,37.50282,127.110248
202432300000900040,37.531501,127.113884
202432300000900547,37.495734,127.143919
202432300000900600,37.500755,127.09311
202432300000900434,37.489704,127.11126
202432300000900066,37.491769,127.147498
202432300000900306,37.499313,127.102657
202432300000900878,37.477352,127.139122
202432300000900020,37.538338,127.120556
202432300000900638,37.480915,127.126533
202432300000900492,37.502912,127.085739
202432300000900666,37.518337,127.099932
202432300000900816,37.486843,127.116623
202432300000900406,37.494984,127.124273
202432300000900085,37.493896,127.155183
202432300000900094,37.49367,127.156964
202432300000900301,37.502835,127.108548
202432300000900354,37.500208,127.092689
202432300000900307,37.499316,127.103508
202432300000900775,37.49958,127.092629
202432300000900461,37.47999,127.126681
202432300000900033,37.53382,127.11772
202432300000900229,37.499623,127.137527
202432300000900462,37.48248,127.129293
202432300000900743,37.50441,127.140221
202432300000900350,37.498667,127.094894
202432300000900612,37.491021,127.123873
202432300000900823,37.486111,127.131067
202432300000900107,37.493336,127.156157
202432300000900143,37.501701,127.150009
202432300000900011,37.538293,127.119087
202432300000900701,37.500247,127.154838
202432300000900558,37.501137,127.152483
202432300000900398,37.498199,127.126244
202432300000900780,37.497973,127.121459
202432300000900435,37.469604,127.126189
202432300000900352,37.504916,127.090224
202432300000900241,37.507023,127.11334
202432300000900604,37.499233,127.119904
202432300000900683,37.494244,127.139938
202432300000900527,37.535247,127.11894
202432300000900732,37.505191,127.131655
202432300000900531,37.531885,127.115631
202432300000900678,37.494869,127.142706
202432300000900514,37.522999,127.115455
202432300000900463,37.487433,127.131411
202432300000900494,37.507667,127.084786
202432300000900578,37.497361,127.139887
202432300000900019,37.538338,127.120512
202432300000900404,37.496628,127.134644
202432300000900010,37.533693,127.120468
202432300000900801,37.491662,127.131879
202432300000900393,37.495971,127.126106
202432300000900811,37.48103,127.118843
202432300000900759,37.503599,127.116156
202432300000900448,37.481832,127.12852
202432300000900390,37.497391,127.125954
202432300000900423,37.488574,127.127446
202432300000900165,37.50959,127.124727
202432300000900347,37.502772,127.089195
202432300000900688,37.488226,127.143614
202432300000900810,37.48196,127.121025
202432300000900744,37.505669,127.137168
202432300000900104,37.496262,127.155655
202432300000900157,37.509371,127.121876
202432300000900644,37.507339,127.083848
202432300000900687,37.489682,127.144371
202432300000900384,37.49622,127.118756
202432300000900669,37.508526,127.071327
202432300000900096,37.493092,127.15443
202432300000900247,37.506505,127.112464
202432300000900180,37.515973,127.115313
202432300000900798,37.497643,127.126724
202432300000900760,37.501377,127.115265
202432300000900060,37.48975,127.142673
202432300000900355,37.504601,127.089188
202432300000900854,37.511782,127.103765
202432300000900802,37.489098,127.126473
202432300000900218,37.503826,127.133204
202432300000900731,37.502592,127.129558
202432300000900213,37.504596,127.137914
202432300000900735,37.501678,127.140293
202232400000900543,37.52749,127.13462
202232400000900343,37.54882,127.15353
202232400000900395,37.55291,127.15814
202232400000900854,37.54568,127.13853
202232400000900767,37.54691,127.14203
202232400000900965,37.5382,127.13461
202232400000900157,37.53771,127.14791
202232400000900023,37.5622,127.17972
202232400000900675,37.55443,127.13169
202232400000900341,37.54772,127.15267
202232400000900166,37.53854,127.15052
202232400000900438,37.54853,127.17189
202232400000900986,37.55573,127.1726
202232400000900287,37.52814,127.13924
202232400000900216,37.53768,127.13619
202232400000900223,37.53858,127.1475
202232400000900691,37.55157,127.1369
202232400000900339,37.54788,127.15383
202232400000900537,37.52785,127.13271
202232400000900713,37.54792,127.13292
202232400000900902,37.54282,127.12399
202232400000900008,37.56571,127.17754
202232400000900504,37.5344,127.12927
202232400000900655,37.5564,127.13755
202232400000900727,37.55057,127.12788
202232400000900989,37.56661,127.16466
202232400000900621,37.55738,127.13005
202232400000900826,37.54132,127.13429
202232400000900833,37.54395,127.13391
202232400000900417,37.55023,127.17019
202232400000900547,37.52679,127.13003
202232400000900788,37.54502,127.13702
202232400000900403,37.55355,127.17074
202232400000900888,37.5455,127.12277
202232400000900970,37.54051,127.12875
202232400000900935,37.53769,127.13107
202232400000900408,37.55093,127.16369
202232400000900264,37.5276,127.14493
202232400000900412,37.55496,127.16632
202232400000900956,37.54631,127.13357
202232400000900903,37.54137,127.12464
202232400000900669,37.54752,127.13382
202232400000900117,37.56113,127.15367
202232400000900698,37.55114,127.13378
202232400000900995,37.55858,127.1517
202232400000900331,37.54774,127.15566
202232400000901037,37.538438,127.127228
202232400000900818,37.53994,127.13112
202232400000900440,37.54781,127.17115
202232400000900474,37.53633,127.12403
202232400000900587,37.52835,127.12879
202232400000900425,37.54717,127.16783
202232400000900132,37.56202,127.1509
202232400000900507,37.53313,127.12733
202232400000900115,37.56079,127.15403
202232400000900197,37.54018,127.13743
202232400000900787,37.54526,127.13827
202232400000900597,37.52775,127.12431
202232400000900648,37.5555,127.13114
202232400000900355,37.55031,127.14688
202232400000900611,37.56033,127.13513
202232400000900819,37.54045,127.13153
202232400000900016,37.56842,127.17431
202232400000900143,37.55701,127.15239
202232400000900020,37.56314,127.17847
202232400000900097,37.55764,127.15688
202232400000900633,37.55952,127.13666
202232400000900116,37.56064,127.15388
202232400000900614,37.55783,127.12776
202232400000900642,37.55244,127.13881
202232400000900198,37.539,127.13884
202232400000900916,37.54297,127.13115
202232400000900051,37.56124,127.16456
202232400000900066,37.56104,127.16197
202232400000901023,37.550351,127.128194
202232400000900459,37.54726,127.17013
202232400000900943,37.53848,127.12929
202232400000900201,37.53862,127.13661
202232400000900805,37.53792,127.13269
202232400000900103,37.55685,127.15134
202232400000900933,37.53743,127.13025
202232400000901026,37.55239,127.127887
202232400000900858,37.54823,127.12252
202232400000900397,37.55185,127.15991
202232400000900259,37.5291,127.13972
202232400000900480,37.53401,127.1235
202232400000900449,37.54756,127.17316
202232400000900914,37.54252,127.13042
202232400000900142,37.55836,127.15173
202232400000901029,37.539409,127.122554
202232400000900889,37.54461,127.1233
202232400000900232,37.5369,127.14191
202232400000900849,37.54784,127.13696
202232400000900466,37.53595,127.12702
202232400000900802,37.54122,127.13571
202232400000900999,37.54303,127.13222
202232400000900277,37.52874,127.14478
202232400000900356,37.55031,127.14688
202232400000900450,37.54598,127.17006
202232400000900370,37.5512,127.1426
202232400000900213,37.53896,127.13971
202232400000900973,37.54688,127.12365
202232400000900304,37.52867,127.13736
202232400000900153,37.54075,127.14723
202232400000900428,37.55081,127.17171
202232400000900938,37.54015,127.13435
202232400000900721,37.54942,127.13105
202232400000900569,37.52411,127.12858
202232400000900855,37.54578,127.1345
202232400000900263,37.52697,127.14719
202232400000900108,37.56058,127.15481
202232400000900497,37.53292,127.12668
202232400000900922,37.54156,127.12938
202232400000900556,37.52522,127.13114
202232400000900541,37.52713,127.13292
202232400000900649,37.55551,127.13232
202232400000900963,37.54103,127.12111
202232400000900732,37.55122,127.12487
202232400000901035,37.565815,127.173811
202232400000900886,37.54589,127.12371
202232400000900030,37.56137,127.16884
202232400000900250,37.53171,127.14468
202232400000900284,37.5283,127.14247
202232400000900823,37.54176,127.1326
202232400000900319,37.55333,127.15052
202232400000900828,37.54311,127.13478
202232400000900512,37.53279,127.12517
202232400000900099,37.55662,127.14568
202232400000900337,37.54736,127.1559
202232400000900467,37.5358,127.12476
202232400000900374,37.55175,127.14491
202232400000900672,37.54824,127.13362
202232400000900266,37.53131,127.14446
202232400000900381,37.54972,127.14569
202232400000900860,37.54359,127.13111
202232400000900917,37.54413,127.13012
202232400000900273,37.52973,127.14172
202232400000900236,37.53596,127.14416
202232400000900518,37.53327,127.13632
202232400000900630,37.55953,127.13659
202232400000900351,37.55034,127.14961
202232400000900249,37.53119,127.14548
202232400000900801,37.54171,127.13597
202232400000900345,37.54909,127.14924
202232400000900458,37.54802,127.17212
202232400000900217,37.53833,127.13751
202232400000900651,37.55558,127.13526
202232400000900526,37.53131,127.13493
202232400000900650,37.55573,127.1349
202232400000900557,37.53295,127.13748
202232400000900612,37.55967,127.13139
202232400000900800,37.54042,127.13581
202232400000900129,37.56039,127.15239
202232400000900375,37.5543,127.14528
202232400000900024,37.56146,127.16574
202232400000900942,37.54219,127.13836
202232400000900102,37.5564,127.1491
202232400000900036,37.56004,127.16943
202232400000900878,37.54729,127.12908
202232400000900808,37.53932,127.13097
202232400000900769,37.5476,127.13845
202232400000900975,37.5295,127.12655
202232400000900478,37.53424,127.12297
202232400000900031,37.56142,127.16986
202232400000901027,37.551737,127.127721
202232400000900980,37.53429,127.1518
202232400000900676,37.55366,127.12953
202232400000900218,37.53757,127.1375
202232400000900238,37.54077,127.14748
202232400000900152,37.54182,127.14696
202232400000900009,37.56467,127.17807
202232400000900542,37.52792,127.13408
202232400000900427,37.54979,127.17095
202232400000900252,37.53193,127.14397
202232400000900155,37.53913,127.14743
202232400000900629,37.55944,127.13558
202232400000900961,37.54031,127.12074
202232400000900004,37.56912,127.1787
202232400000900017,37.55825,127.17981
202232400000900632,37.55734,127.13079
202232400000900689,37.55244,127.13703
202232400000900178,37.543,127.14282
202232400000900095,37.55743,127.14893
202232400000900437,37.54864,127.17271
202232400000900550,37.52618,127.1314
202232400000900837,37.54787,127.13771
202232400000900392,37.54516,127.14428
202232400000900348,37.54861,127.1442
202232400000900227,37.53549,127.13612
202232400000900585,37.53043,127.12773
202232400000900796,37.54297,127.13638
202232400000900010,37.56264,127.17797
202232400000900055,37.56104,127.16064
202232400000900204,37.5389,127.14807
202232400000900967,37.54055,127.13124
202232400000900272,37.53057,127.14119
202232400000900809,37.53959,127.13414
202232400000900984,37.55353,127.17249
202232400000900468,37.53644,127.12537
202232400000900959,37.54483,127.13179
202232400000900513,37.53246,127.12567
202232400000900555,37.52467,127.13269
202232400000900534,37.52927,127.13157
202232400000900371,37.55204,127.1413
202232400000900500,37.53081,127.13084
202232400000900725,37.55134,127.12871
202232400000900247,37.52331,127.14418
202232400000900455,37.55611,127.1747
202232400000900209,37.5407,127.13711
202232400000900764,37.54725,127.14111
202232400000900697,37.55133,127.13498
202232400000900879,37.54755,127.12561
202232400000900799,37.54211,127.13656
202232400000900303,37.52962,127.13788
202232400000900575,37.52647,127.12518
202232400000900486,37.53425,127.12805
202232400000900334,37.54638,127.15571
202232400000900081,37.56197,127.16044
202232400000900366,37.55247,127.14339
202232400000900910,37.54322,127.12683
202232400000900908,37.54497,127.12854
202232400000900038,37.55888,127.1688
202232400000900734,37.55044,127.12649
202232400000900950,37.54058,127.12147
202232400000900433,37.54897,127.17149
202232400000900715,37.5503,127.1324
202232400000900421,37.54627,127.15982
202232400000900393,37.55341,127.15833
202232400000900027,37.56202,127.16766
202232400000900170,37.54389,127.14369
202232400000900354,37.55031,127.14688
202232400000900488,37.53543,127.13021
202232400000900795,37.5429,127.13557
202232400000900750,37.54894,127.13877
202232400000900105,37.55775,127.15418
202232400000900503,37.53471,127.12992
202232400000900686,37.55295,127.13339
202232400000900088,37.5562,127.15505
202232400000900699,37.55179,127.13386
202232400000900548,37.52597,127.13062
202232400000900430,37.54992,127.1718
202232400000900620,37.55727,127.12927
202232400000900215,37.54016,127.13847
202232400000900360,37.55119,127.14653
202232400000900121,37.56327,127.14966
202232400000900280,37.52801,127.14452
202232400000900748,37.55492,127.12492
202232400000900194,37.53847,127.14547
202232400000900701,37.54999,127.13291
202232400000900473,37.5359,127.12428
202232400000900668,37.54878,127.13462
202232400000900848,37.54628,127.13519
202232400000900089,37.55547,127.15335
202232400000900174,37.54146,127.14408
202232400000900148,37.54298,127.14759
202232400000900054,37.56161,127.16401
202232400000900561,37.53003,127.1342
202232400000900619,37.55556,127.12825
202232400000900529,37.53137,127.13151
202232400000900496,37.53269,127.13149
202232400000900745,37.55382,127.1251
202232400000900565,37.52366,127.13164
202232400000900074,37.56184,127.15808
202232400000900019,37.55805,127.17334
202232400000900508,37.53244,127.12811
202232400000900363,37.55224,127.14607
202232400000900814,37.54062,127.13336
202232400000900998,37.5497,127.1475
202232400000900212,37.54036,127.13805
202232400000900322,37.55219,127.15265
202232400000900856,37.54562,127.13391
202232400000900005,37.56828,127.17666
202232400000900253,37.53408,127.14427
202232400000900925,37.53926,127.12636
202232400000901025,37.551373,127.128133
202232400000900724,37.55211,127.12988
202232400000900179,37.54202,127.14295
202232400000900107,37.56046,127.15557
202232400000900454,37.55036,127.17486
202232400000901004,37.55154,127.1639
202232400000900953,37.54119,127.11911
202232400000900960,37.54399,127.12414
202232400000900312,37.53478,127.14488
202232400000900852,37.54804,127.13818
202232400000900761,37.54878,127.14276
202232400000900863,37.54884,127.13026
202232400000900265,37.5309,127.14028
202232400000900245,37.53577,127.13706
202232400000900581,37.53312,127.13238
202232400000900617,37.55763,127.12744
202232400000900125,37.55967,127.15303
202232400000900896,37.54308,127.12266
202232400000900861,37.54419,127.13122
202232400000900639,37.55255,127.14137
202232400000900084,37.56187,127.15814
202232400000900011,37.56288,127.178
202232400000900411,37.55075,127.16478
202232400000900588,37.5288,127.12736
202232400000900435,37.54857,127.17089
202232400000900898,37.54211,127.12204
202232400000900842,37.54711,127.13736
202232400000900519,37.5329,127.1342
202232400000900338,37.54646,127.15252
202232400000900423,37.54598,127.16358
202232400000900829,37.54294,127.13384
202232400000900053,37.56145,127.16268
202232400000900147,37.54473,127.14836
202232400000900936,37.54276,127.13682
202232400000900641,37.55161,127.13944
202232400000900901,37.54229,127.12372
202232400000901036,37.565302,127.174133
202232400000900972,37.53969,127.13047
202232400000900971,37.53978,127.12968
202232400000900186,37.54016,127.1439
202232400000900296,37.53157,127.14128
202232400000900255,37.53247,127.14324
202232400000900738,37.54986,127.12484
202232400000900857,37.54947,127.13806
202232400000900934,37.54237,127.13594
202232400000900708,37.5487,127.13371
202232400000900062,37.56017,127.16227
202232400000900003,37.57025,127.17833
202232400000900336,37.54908,127.15595
202232400000900199,37.53857,127.13737
202232400000900580,37.52535,127.12821
202232400000900742,37.54869,127.12357
202232400000900484,37.53478,127.12549
202232400000900762,37.54921,127.14167
202232400000900881,37.54785,127.12419
202232400000900958,37.53784,127.1265
202232400000900781,37.54153,127.14057
202232400000900766,37.54692,127.14258
202232400000900962,37.54071,127.12336
202232400000900688,37.55222,127.13523
202232400000900210,37.54104,127.13793
202232400000900913,37.54259,127.12853
202232400000900595,37.52687,127.1293
202232400000900536,37.5283,127.13294
202232400000900475,37.53372,127.12258
202232400000900233,37.53665,127.14303
202232400000900845,37.54714,127.13477
202232400000901031,37.534347,127.1365
202232400000900798,37.54186,127.13739
202232400000900677,37.55381,127.13079
202232400000900574,37.52727,127.12452
202232400000900783,37.54306,127.13813
202232400000900991,37.56112,127.16441
202232400000900347,37.54558,127.146
202232400000901024,37.551091,127.128069
202232400000900237,37.5357,127.1426
202232400000900622,37.55878,127.13559
202232400000900954,37.54195,127.12158
202232400000901014,37.535255,127.139304
202232400000900401,37.55358,127.16535
202232400000900525,37.53064,127.13584
202232400000900924,37.54034,127.12738
202232400000900149,37.54473,127.14836
202232400000900804,37.54008,127.13508
202232400000900990,37.55968,127.16619
202232400000900364,37.55217,127.14734
202232400000901013,37.534538,127.136135
202232400000900776,37.54446,127.14005
202232400000900560,37.53177,127.13366
202232400000900382,37.54949,127.14633
202232400000900771,37.5447,127.14022
202232400000900883,37.54664,127.12449
202232400000900465,37.5349,127.12796
202232400000900064,37.55704,127.16572
202232400000900637,37.55403,127.14266
202232400000900871,37.54634,127.1318
202232400000900682,37.55296,127.13184
202232400000900037,37.55977,127.16875
202232400000900320,37.55148,127.14983
202232400000900827,37.54238,127.13376
202232400000900161,37.53704,127.14789
202232400000900090,37.55547,127.15335
202232400000900758,37.54506,127.13862
202232400000900462,37.53605,127.12958
202232400000900951,37.54127,127.12146
202232400000900807,37.53915,127.13152
202232400000900063,37.56017,127.16227
202232400000900373,37.55175,127.14491
202232400000900729,37.55275,127.12749
202232400000901016,37.535398,127.1363
202232400000900278,37.52875,127.14366
202232400000900229,37.53532,127.14053
202232400000900647,37.55587,127.13064
202232400000900150,37.54473,127.14836
202232400000900928,37.54002,127.12318
202232400000900323,37.55145,127.15126
202232400000900321,37.5515,127.15115
202232400000901003,37.527,127.12095
202232400000900377,37.55051,127.14603
202232400000900349,37.55301,127.14275
202232400000900234,37.53634,127.14483
202232400000900716,37.55128,127.13128
202232400000900770,37.54686,127.13945
202232400000900185,37.54023,127.14513
202232400000900314,37.5329,127.14757
202232400000900228,37.53474,127.14241
202232400000900491,37.53439,127.13069
202232400000900671,37.55098,127.136
202232400000900660,37.55406,127.13741
202232400000900733,37.55041,127.12513
202232400000900983,37.54973,127.16499
202232400000900603,37.52443,127.12986
202232400000900267,37.53306,127.14779
202232400000900885,37.54618,127.1243
202232400000900044,37.55742,127.16507
202232400000900173,37.54198,127.14551
202232400000900043,37.55955,127.1669
202232400000900545,37.52604,127.13397
202232400000900002,37.57595,127.16928
202232400000900106,37.55882,127.15258
202232400000900694,37.55112,127.1355
202232400000900183,37.54172,127.14245
202232400000900290,37.51744,127.14373
202232400000900797,37.54291,127.13725
202232400000900124,37.56011,127.15268
202232400000900977,37.52884,127.14941
202232400000900638,37.5535,127.1423
202232400000900618,37.55561,127.12933
202232400000900683,37.55236,127.13208
202232400000901002,37.53894,127.13295
202232400000900317,37.5329,127.14501
202232400000900309,37.53189,127.14959
202232400000900544,37.52718,127.13569
202232400000900780,37.54174,127.1393
202232400000900329,37.54766,127.15401
202232400000900239,37.53601,127.14263
202232400000900717,37.55047,127.13088
202232400000900086,37.56187,127.15814
202232400000900586,37.52914,127.13047
202232400000900539,37.52896,127.13364
202232400000901021,37.531947,127.140256
202232400000900065,37.56084,127.16071
202232400000900830,37.54401,127.13471
202232400000900510,37.53357,127.12654
202232400000900045,37.55809,127.16116
202232400000900358,37.55051,127.14733
202232400000900601,37.52741,127.13043
202232400000900498,37.5316,127.13067
202232400000900891,37.54449,127.12206
202232400000900839,37.54708,127.13574
202232400000900755,37.54687,127.13851
202232400000900993,37.56208,127.1571
202232400000900378,37.55132,127.14135
202232400000900576,37.52683,127.12397
202232400000900359,37.55103,127.14748
202232400000900369,37.55243,127.1426
202232400000900813,37.53888,127.13327
202232400000900191,37.53926,127.14468
202232400000900379,37.55009,127.14446
202232400000900181,37.54195,127.14549
202232400000900177,37.54346,127.14481
202232400000900100,37.5576,127.14752
202232400000900400,37.55503,127.17378
202232400000900777,37.54384,127.13935
202232400000900559,37.52642,127.135
202232400000900890,37.54499,127.12447
202232400000900368,37.55088,127.14414
202232400000900402,37.55648,127.16562
202232400000900940,37.54131,127.13641
202232400000901017,37.53673,127.131324
202232400000900583,37.53062,127.12839
202232400000900110,37.56099,127.15573
202232400000900195,37.53897,127.14225
202232400000900974,37.54612,127.12212
202232400000900222,37.53998,127.14801
202232400000900540,37.53414,127.13541
202232400000900987,37.55973,127.16831
202232400000900616,37.54927,127.12609
202232400000900533,37.52924,127.13237
202232400000901034,37.529757,127.130888
202232400000900144,37.53748,127.15241
202232400000900774,37.54507,127.14249
202232400000900221,37.53635,127.14021
202232400000900679,37.5521,127.13085
202232400000900509,37.53329,127.12915
202232400000900645,37.55274,127.13813
202232400000900608,37.56298,127.13388
202232400000900137,37.55925,127.14878
202232400000900527,37.53142,127.13516
202232400000900316,37.53281,127.14645
202232400000900920,37.54161,127.13064
202232400000900532,37.52975,127.13542
202232400000900282,37.52659,127.14532
202232400000900083,37.56187,127.15814
202232400000900810,37.53912,127.13346
202232400000900523,37.53196,127.13702
202232400000900394,37.55266,127.15723
202232400000900841,37.54735,127.13492
202232400000900367,37.55154,127.14386
202232400000900151,37.54191,127.14752
202232400000900957,37.54684,127.1236
202232400000900093,37.55817,127.14476
202232400000901028,37.550147,127.127158
202232400000900907,37.54383,127.12821
202232400000900092,37.55487,127.14467
202232400000900836,37.54631,127.13714
202232400000900460,37.54685,127.16431
202232400000900905,37.54514,127.12754
202232400000901015,37.534802,127.137785
202232400000900048,37.5607,127.16365
202232400000900439,37.54817,127.1713
202232400000900407,37.55036,127.16865
202232400000900835,37.54607,127.13578
202232400000900483,37.53408,127.12477
202232400000900710,37.54909,127.13391
202232400000900384,37.54768,127.14417
202232400000900600,37.52849,127.12061
202232400000900535,37.52839,127.13108
202232400000900291,37.53248,127.13953
202232400000900737,37.55011,127.12406
202232400000900840,37.54721,127.13547
202232400000900389,37.54575,127.14503
202232400000900200,37.53948,127.13706
202232400000900413,37.55496,127.16632
202232400000900570,37.52241,127.13388
202232400000900602,37.5311,127.12384
202232400000900240,37.53599,127.14144
202232400000900006,37.57719,127.16824
202232400000900499,37.5308,127.1317
202232400000900658,37.55437,127.13589
202232400000900119,37.56253,127.15652
202232400000900680,37.55193,127.13107
202232400000900160,37.53767,127.14727
202232400000900564,37.52746,127.13144
202232400000900332,37.54668,127.15486
202232400000900626,37.55561,127.13639
202232400000900192,37.53768,127.14524
202232400000900481,37.53313,127.12503
202232400000900028,37.56108,127.16757
202232400000900046,37.55928,127.16175
202232400000900584,37.53094,127.12718
202232400000900966,37.5406,127.13085
202232400000900156,37.53806,127.14818
202232400000900350,37.55185,127.1442
202232400000900315,37.53226,127.1481
202232400000900471,37.53775,127.12506
202232400000900785,37.54484,127.13679
202232400000900851,37.54432,127.13527
202232400000900385,37.54859,127.145
202232400000900098,37.55667,127.14488
202232400000901007,37.56033,127.16222
202232400000900288,37.51939,127.13925
202232400000900118,37.56177,127.15395
202232400000900722,37.5499,127.1295
202232400000900695,37.55057,127.13568
202232400000900702,37.5503,127.13385
202232400000900932,37.53656,127.13284
202232400000900740,37.54883,127.12349
202232400000900419,37.5496,127.15786
202232400000900193,37.53789,127.14431
202232400000900308,37.53427,127.14867
202232400000900442,37.54732,127.17169
202232400000900111,37.56132,127.15571
202232400000900744,37.55491,127.12645
202232400000900269,37.53639,127.15256
202232400000900502,37.53317,127.12578
202232400000900443,37.54665,127.17082
202232400000900968,37.54045,127.13014
202232400000900313,37.5352,127.14726
202232400000900730,37.55457,127.12934
202232400000900262,37.52763,127.14792
202232400000900158,37.53839,127.14699
202232400000900981,37.53814,127.15361
202232400000900059,37.56017,127.16227
202232400000900447,37.5462,127.16777
202232400000900001,37.57645,127.16718
202232400000900444,37.54657,127.16976
202232400000900307,37.53437,127.14943
202232400000900946,37.53908,127.12316
202232400000900623,37.55847,127.13466
202232400000900219,37.54355,127.14706
202232400000900087,37.55696,127.15888
202232400000900786,37.54537,127.13743
202232400000900747,37.55543,127.12557
202232400000900706,37.5496,127.136
202232400000900657,37.55465,127.13575
202232400000900976,37.52822,127.133
202232400000900728,37.55403,127.1278
202232400000900327,37.55056,127.15459
202232400000900140,37.56052,127.14717
202232400000900432,37.55011,127.16024
202232400000900208,37.54182,127.14616
202232400000900261,37.53313,127.14708
202232400000900775,37.5444,127.13858
202232400000900895,37.54259,127.12095
202232400000900915,37.54252,127.13042
202232400000900667,37.55062,127.12974
202232400000900847,37.54767,127.1354
202232400000900476,37.53286,127.12261
202232400000900361,37.55195,127.14673
202232400000900822,37.54135,127.13295
202232400000900794,37.54351,127.13494
202232400000900803,37.54174,127.13485
202232400000900817,37.54083,127.13377
202232400000900763,37.5484,127.14112
202232400000900080,37.56216,127.16429
202232400000900558,37.52853,127.13507
202232400000900085,37.56187,127.15814
202232400000900171,37.54377,127.14619
202232400000900549,37.52599,127.1286
202232400000900563,37.52854,127.13272
202232400000900988,37.56131,127.16812
202232400000900294,37.53384,127.13822
202232400000901000,37.55213,127.13057
202232400000900754,37.55048,127.13954
202232400000900949,37.53997,127.12268
202232400000900274,37.53141,127.1433
202232400000900139,37.5604,127.14672
202232400000900521,37.53303,127.13336
202232400000900666,37.54926,127.13167
202232400000900457,37.5506,127.1724
202232400000900246,37.54298,127.14759
202232400000900172,37.54299,127.14543
202232400000900927,37.54008,127.12531
202232400000900477,37.53514,127.12303
202232400000900414,37.55528,127.17118
202232400000900211,37.53802,127.13925
202232400000900838,37.54746,127.13798
202232400000900189,37.53932,127.14247
202232400000900571,37.52175,127.13377
202232400000900276,37.52998,127.1454
202232400000900628,37.55902,127.13513
202232400000900931,37.5371,127.13411
202232400000900806,37.53882,127.13102
202232400000900516,37.53202,127.12206
202232400000900568,37.52511,127.12825
202232400000900919,37.54234,127.13272
202232400000900416,37.55075,127.16823
202232400000900892,37.54436,127.12299
202232400000900546,37.52746,127.13144
202232400000900353,37.54655,127.14735
202232400000900226,37.53507,127.1431
202232400000900573,37.52715,127.12173
202232400000900396,37.55207,127.16
202232400000900918,37.54257,127.13294
202232400000900298,37.53144,127.13976
202232400000900070,37.56187,127.16172
202232400000900719,37.54936,127.13053
202232400000900426,37.54687,127.16726
202232400000900634,37.56031,127.13775
202232400000901020,37.531947,127.140256
202232400000900661,37.55351,127.136
202232400000900285,37.52767,127.14037
202232400000900865,37.5469,127.13252
202232400000900230,37.53779,127.14215
202232400000900071,37.5624,127.1625
202232400000900112,37.56134,127.15616
202232400000900530,37.53044,127.13105
202232400000900948,37.54142,127.123
202232400000900636,37.55458,127.13973
202232400000900941,37.53989,127.1356
202232400000900485,37.53476,127.12707
202232400000900821,37.541,127.1325
202232400000901018,37.536764,127.131292
202232400000900456,37.55082,127.1775
202232400000900052,37.56085,127.16395
202232400000900196,37.53849,127.14123
202232400000900169,37.53547,127.14347
202232400000900874,37.54627,127.13075
202232400000900041,37.55749,127.17114
202232400000900524,37.53118,127.13679
202232400000900131,37.56097,127.15189
202232400000900242,37.53709,127.1389
202232400000901011,37.53042,127.122831
202232400000900741,37.5494,127.12583
202232400000900214,37.53916,127.13836
202232400000900869,37.54573,127.1317
202232400000900436,37.54903,127.17278
202232400000900182,37.54126,127.14606
202232400000900109,37.56088,127.15467
202232400000900493,37.53384,127.13192
202232400000900751,37.5486,127.13971
202232400000900451,37.5513,127.15938
202232400000900923,37.53941,127.12818
202232400000900900,37.54232,127.12324
202232400000900866,37.54739,127.13346
202232400000900687,37.55202,127.13571
202232400000900859,37.54339,127.13267
202232400000900811,37.54025,127.13235
202232400000900705,37.54968,127.13548
202232400000900944,37.53875,127.12794
202232400000900029,37.56213,127.16974
202232400000900528,37.53076,127.13436
202232400000900659,37.55404,127.13627
202232400000900067,37.56113,127.16168
202232400000900594,37.53089,127.12468
202232400000900445,37.5463,127.16913
202232400000900386,37.54764,127.14625
202232400000900643,37.55042,127.13762
202232400000901005,37.55748,127.13053
202232400000900736,37.55015,127.12546
202232400000900021,37.55787,127.17654
202232400000900779,37.54253,127.14096
202232400000900325,37.55374,127.15531
202232400000900077,37.55896,127.16987
202232400000900489,37.53524,127.13118
202232400000900572,37.52886,127.12079
202232400000901033,37.534807,127.138092
202232400000900328,37.5487,127.15554
202232400000900472,37.53727,127.12354
202232400000900700,37.55143,127.13308
202232400000900434,37.54897,127.17149
202232400000900812,37.53892,127.13253
202232400000900820,37.54028,127.1318
202232400000900670,37.55433,127.14298
202232400000900018,37.55113,127.17918
202232400000900850,37.54844,127.1392
202232400000900501,37.53382,127.12489
202232400000900707,37.54808,127.13451
202232400000900165,37.53925,127.151
202232400000900985,37.55897,127.17174
202232400000900673,37.55252,127.13448
202232400000900293,37.53227,127.14044
202232400000900609,37.56373,127.13364
202232400000901008,37.55362,127.13574
202232400000900461,37.53588,127.12828
202232400000900039,37.55939,127.17082
202232400000900996,37.55372,127.15604
202232400000900422,37.54752,127.16222
202232400000900926,37.54233,127.12686
202232400000900692,37.55093,127.13736
202232400000900939,37.53879,127.1305
202232400000900330,37.54872,127.15461
202232400000900128,37.55926,127.15215
202232400000900760,37.54975,127.14345
202232400000900640,37.55127,127.14031
202232400000900739,37.54848,127.12456
202232400000900295,37.53168,127.13925
202232400000900554,37.52357,127.13322
202232400000900873,37.54714,127.12981
202232400000900778,37.54369,127.13997
202232400000900652,37.5565,127.13771
202232400000900120,37.56246,127.15498
202232400000900644,37.5516,127.13841
202232400000900050,37.56094,127.16502
202232400000900681,37.55349,127.13151
202232400000900653,37.55631,127.13655
202232400000900831,37.54442,127.1328
202232400000900816,37.54076,127.13466
202232400000900997,37.55243,127.15657
202232400000900405,37.55134,127.16822
202232400000900726,37.55034,127.12841
202232400000900335,37.54636,127.15403
202232400000900625,37.55826,127.13774
202232400000900538,37.53105,127.13316
202232400000900068,37.56168,127.16115
202232400000900260,37.53091,127.14195
202232400000900464,37.53493,127.12861
202232400000901030,37.553132,127.14381
202232400000900964,37.54207,127.12019
202232400000900248,37.53089,127.14578
202232400000900297,37.53123,127.14289
202232400000900884,37.54665,127.12527
202232400000900646,37.55335,127.1378
202232400000900058,37.56017,127.16227
202232400000900599,37.53186,127.12588
202232400000900049,37.56077,127.16431
202232400000900566,37.52302,127.13413
202232400000900134,37.558,127.14933
202232400000900138,37.55695,127.15093
202232400000900735,37.548,127.12659
202232400000900768,37.54658,127.14044
202232400000900522,37.53253,127.13466
202232400000900714,37.55016,127.13137
202232400000900606,37.56399,127.13468
202232400000900012,37.55855,127.17631
202232400000900243,37.53583,127.13848
202232400000900180,37.54237,127.14372
202232400000900270,37.52813,127.14389
202232400000900061,37.56017,127.16227
202232400000900040,37.55858,127.1706
202232400000900388,37.54586,127.14373
202232400000900164,37.54052,127.14768
202232400000900441,37.54723,127.17071
202232400000900757,37.54634,127.138
202232400000900126,37.55933,127.15319
202232400000900176,37.54264,127.14679
202232400000900376,37.5543,127.14528
202232400000900251,37.53259,127.14364
202232400000900685,37.55263,127.13301
202232400000900947,37.54106,127.12259
202232400000900674,37.55335,127.13299
202232400000900887,37.54507,127.12274
202232400000900894,37.54389,127.12183
202232400000900607,37.56335,127.13472
202232400000900292,37.53309,127.14045
202232400000900562,37.53275,127.13573
202232400000900163,37.53697,127.14515
202232400000900479,37.5336,127.12329
202232400000900937,37.54044,127.13228
202232400000900610,37.56399,127.13317
202232400000900627,37.56464,127.13398
202232400000900344,37.54906,127.15403
202232400000900167,37.53453,127.13997
202232400000900390,37.54542,127.14485
202232400000900515,37.53129,127.12326
202232400000900520,37.53412,127.13306
202232400000900324,37.55434,127.15425
202232400000900904,37.54174,127.12537
202232400000900311,37.53508,127.14627
202232400000900746,37.55564,127.12625
202232400000900720,37.54961,127.13086
202232400000900877,37.5456,127.12847
202232400000900241,37.53548,127.13983
202232400000900318,37.5337,127.14543
202232400000900843,37.54863,127.13777
202232400000900326,37.55189,127.15488
202232400000901009,37.55663,127.17442
202232400000900025,37.56178,127.16633
202232400000900789,37.54373,127.13728
202232400000900346,37.54907,127.15251
202232400000900511,37.53371,127.1257
202232400000900703,37.54916,127.13481
202232400000900310,37.53611,127.14953
202232400000900333,37.54685,127.15393
202232400000900531,37.5301,127.13618
202232400000900072,37.56255,127.15991
202232400000900056,37.56017,127.16227
202232400000900487,37.53485,127.12892
202232400000900875,37.54627,127.13075
202232400000900582,37.53134,127.1299
202232400000900664,37.55343,127.13558
202232400000900712,37.5491,127.13299
202232400000900220,37.53708,127.14056
202232400000900824,37.54104,127.13323
202232400000900955,37.54125,127.12087
202232400000900387,37.54766,127.14478
202232400000900406,37.55265,127.16816
202232400000900188,37.5396,127.14326
202232400000900731,37.55106,127.12388
202232400000900380,37.54974,127.1444
202232400000900104,37.55802,127.15246
202232400000900832,37.54384,127.13235
202232400000900882,37.54703,127.12433
202232400000900899,37.54265,127.12306
202232400000900909,37.54324,127.12724
202232400000900271,37.5304,127.14192
202232400000900749,37.55632,127.12651
202232400000900867,37.54525,127.13269
202232400000900505,37.53242,127.13002
202232400000901022,37.540685,127.12495
202232400000900398,37.55093,127.15824
202232400000900415,37.55528,127.17118
202232400000900034,37.55985,127.1696
202232400000900300,37.53081,127.13825
202232400000900268,37.53615,127.15134
202232400000900159,37.53836,127.14618
202232400000900225,37.5427,127.14467
202232400000900082,37.56084,127.15794
202232400000900075,37.56064,127.15744
202232400000900979,37.53306,127.15262
202232400000900494,37.53333,127.13188
202232400000900154,37.53962,127.14598
202232400000900224,37.53653,127.1381
202232400000900127,37.55888,127.1517
202232400000900765,37.54814,127.14185
202232400000900578,37.52532,127.12799
202232400000900772,37.54614,127.14291
202232400000900404,37.55364,127.16817
202232400000900552,37.52525,127.13382
202232400000900113,37.56208,127.15538
202232400000900862,37.54772,127.12779
202232400000900286,37.52871,127.14103
202232400000900076,37.56118,127.16281
202232400000900133,37.56092,127.14888
202232400000900553,37.5245,127.13426
202232400000900424,37.54587,127.16434
202232400000900187,37.54022,127.14293
202232400000900870,37.54535,127.13044
202232400000900969,37.54084,127.13026
202232400000900696,37.55039,127.13668
202232400000900773,37.54552,127.14065
202232400000900079,37.56061,127.15881
202232400000900283,37.52746,127.14189
202232400000900615,37.55618,127.12569
202232400000900431,37.55049,127.17197
202232400000900756,37.54692,127.138
202232400000900069,37.56236,127.16134
202232400000900446,37.54767,127.17265
202232400000900590,37.52981,127.12807
202232400000900635,37.55358,127.14126
202232400000900921,37.54239,127.13128
202232400000900792,37.54354,127.13637
202232400000900912,37.54404,127.12856
202232400000900593,37.52999,127.12722
202232400000901006,37.55903,127.13105
202232400000900168,37.53664,127.14561
202232400000900365,37.55405,127.14375
202232400000900429,37.55103,127.17218
202232400000900844,37.54846,127.13629
202232400000900994,37.55674,127.15868
202232400000900589,37.52946,127.12933
202232400000900853,37.54958,127.1404
202232400000900114,37.56198,127.15497
202232400000900945,37.53885,127.12751
202232400000900793,37.54425,127.13581
202232400000900490,37.53442,127.13147
202232400000900096,37.56029,127.15152
202232400000900906,37.54448,127.12788
202232400000900704,37.55026,127.13494
202232400000900042,37.55809,127.16879
202232400000900141,37.55836,127.15173
202232400000900784,37.54121,127.1389
202232400000900399,37.55412,127.17413
202232400000900911,37.54327,127.12799
202232400000900897,37.54322,127.1229
202232400000900978,37.53184,127.1509
202232400000900130,37.56145,127.15161
202232400000900057,37.56017,127.16227
202232400000900033,37.56086,127.16948
202232400000900305,37.52969,127.14282
202232400000900302,37.53007,127.13875
202232400000900032,37.5606,127.17005
202232400000900753,37.54793,127.14031
202232400000900452,37.55553,127.1739
202232400000900930,37.53559,127.13414
202232400000900663,37.55395,127.1348
202232400000900678,37.55276,127.13083
202232400000900301,37.52996,127.13922
202232400000900613,37.55125,127.12738
202232400000900743,37.55491,127.12748
202232400000900872,37.54698,127.13066
202232400000900567,37.52483,127.13137
202232400000900281,37.52783,127.14411
202232400000900409,37.54907,127.15632
202232400000901012,37.538243,127.123718
202232400000900952,37.54089,127.12036
202232400000900718,37.55001,127.12996
202232400000900094,37.55817,127.14476
202232400000900013,37.559,127.18167
202232400000900517,37.53076,127.1211
202232400000900654,37.55548,127.13774
202232400000900202,37.53956,127.14157
202232400000900145,37.54135,127.14891
202232400000900235,37.53533,127.14453
202232400000900470,37.53687,127.12576
202232400000900254,37.53353,127.14331
202232400000900752,37.54963,127.13987
202232400000900506,37.5338,127.12966
202232400000900596,37.52998,127.12094
202232400000900604,37.5635,127.13426
202232400000900662,37.55343,127.13674
202232400000900791,37.54445,127.13679
202232400000900279,37.52775,127.14563
202232400000900418,37.5504,127.16512
202232400000900391,37.5445,127.14538
202232400000900184,37.54039,127.14181
202232400000900591,37.52928,127.12693
202232400000900723,37.55133,127.13024
202232400000900624,37.5583,127.13656
202232400000900880,37.54797,127.12615
202232400000900060,37.56017,127.16227
202232400000900551,37.52592,127.13253
202232400000900258,37.52993,127.14001
202232400000900992,37.56083,127.16033
202232400000900579,37.52568,127.12594
202232400000900357,37.55012,127.14726
202232400000900205,37.53513,127.1417
202232400000900175,37.5441,127.14485
202232400000900759,37.55018,127.1414
202232400000900026,37.56019,127.16594
202232400000900893,37.54327,127.12167
202232400000900514,37.53219,127.12413
202232400000900410,37.55078,127.16508
202232400000900665,37.55466,127.13286
202232400000900929,37.5424,127.12561
202232400000900982,37.55245,127.15945
202232400000901032,37.541433,127.1408
202232400000900289,37.52331,127.14418
202232400000900256,37.53263,127.14203
202232400000901001,37.55,127.12554
202232400000900306,37.52841,127.14311
202232400000900448,37.54637,127.1683
202232400000900605,37.56424,127.13465
202232400000900231,37.53674,127.14086
202232400000900203,37.53979,127.14008
202232400000900136,37.55913,127.14927
202232400000900299,37.53073,127.13924
202232400000900078,37.56086,127.16327
202232400000900815,37.53954,127.13503
202232400000900372,37.5515,127.14151
202232400000900492,37.53512,127.13216
202232400000900362,37.55056,127.14671
202232400000900495,37.53107,127.12994
202232400000900709,37.54789,127.13326
202232400000900047,37.56037,127.16207
202232400000900592,37.52999,127.12722
202232400000900244,37.53681,127.13523
202232400000900162,37.5366,127.14646
202232400000900123,37.56126,127.15232
202232400000901010,37.56072,127.14543
202232400000900035,37.55959,127.16994
202232400000900275,37.5305,127.1434
202232400000901019,37.537448,127.129451
202232400000900257,37.5332,127.1418
202232400000900711,37.54901,127.13198
202232400000900690,37.55264,127.13599
202232400000900146,37.54135,127.14891
202232400000900782,37.54243,127.1378
202232400000900463,37.53677,127.12872
202232400000900693,37.5499,127.13668
202232400000900135,37.55846,127.14905
202232400000900091,37.55484,127.15019
202232400000900453,37.55072,127.17476
202232400000900206,37.53455,127.14111
202232400000900846,37.54824,127.13681
202232400000900207,37.54134,127.14485
202232400000900122,37.56253,127.15031
202232400000900631,37.5591,127.13138
202232400000900073,37.5615,127.15775
202232400000900015,37.56551,127.17258
202232400000900790,37.54466,127.1377
202232400000900022,37.55562,127.17366
202232400000900101,37.55696,127.14968
202232400000900868,37.5455,127.13182
202232400000900825,37.54175,127.13363
202232400000900340,37.54832,127.15343
202232400000900352,37.54842,127.1463
202232400000900420,37.54541,127.15953
202232400000900577,37.52645,127.12637
202232400000900876,37.54598,127.12928
202232400000900469,37.53756,127.12445
202232400000900598,37.52685,127.12702
202232400000900684,37.55325,127.13247
202232400000900383,37.54921,127.14727
202232400000900007,37.55704,127.17307
202232400000900014,37.5632,127.17219
202232400000900656,37.55637,127.13782
202232400000900190,37.53868,127.14289
202232400000900834,37.5449,127.13638
202232400000900342,37.54871,127.15322
202232400000900482,37.53451,127.12492
202232400000900864,37.54743,127.13124
,,
,,
,,
,,
